age,conference,match_id,start,home_id,away_id,home_team,away_team,home_score,away_score,venue,home_club_id,away_club_id,home_club,away_club
U13,Mid-Atlantic,193875,2020-09-12 10:00,44728,46818,NC Courage ECNL GU13,Wilmington Hammerheads ECNL GU13,5,0,WRAL Soccer Complex - WRAL 04 Accentuate Staffing,3404,7,NC Courage Academy,No Club Selection
U13,Mid-Atlantic,193874,2020-09-12 11:00,46822,46824,Richmond United ECNL GU13,Loudoun Soccer ECNL GU13,4,0,West Creek - Field 7,417,4369,Richmond United,Northern Virginia Alliance
U13,Mid-Atlantic,193876,2020-09-12 12:00,45785,13888,NCFC Youth ECNL GU13,NC Fusion ECNL GU13,3,2,WRAL Soccer Center - Office Mart #13,22,71,NCFC Youth,NC Fusion
U13,Mid-Atlantic,193877,2020-09-12 12:00,28376,43173,Charlotte Independence ECNL GU13,South Carolina United ECNL GU13,0,3,Bailey Road Park - Field 1 (upper),1010,1689,Charlotte Independence SC,South Carolina United FC
U13,Mid-Atlantic,193878,2020-09-12 13:00,46817,44721,CESA ECNL GU13,Charlotte SA ECNL GU13,2,2,Mesa Soccer Complex - Field 1,380,26,Carolina Elite Soccer Academy,Charlotte Soccer Academy
U13,Mid-Atlantic,193879,2020-09-13 10:00,11956,46827,BRYC Elite Academy ECNL GU13,McLean YSA ECNL GU13,0,4,Robinson High School - Stadium Turf,4603,4603,Fairfax Virginia Union,Fairfax Virginia Union
U13,Mid-Atlantic,193880,2020-09-13 10:00,13888,44728,NC Fusion ECNL GU13,NC Courage ECNL GU13,0,9,Truist Sports Park - Field 4,71,3404,NC Fusion,NC Courage Academy
U13,Mid-Atlantic,193882,2020-09-13 11:00,28376,46817,Charlotte Independence ECNL GU13,CESA ECNL GU13,0,0,Bailey Road Park - Field 1 (upper),1010,380,Charlotte Independence SC,Carolina Elite Soccer Academy
U13,Mid-Atlantic,193881,2020-09-13 13:00,46818,45785,Wilmington Hammerheads ECNL GU13,NCFC Youth ECNL GU13,2,1,Cape Fear Regional Soccer Park - Field 2,7,22,No Club Selection,NCFC Youth
U13,Mid-Atlantic,193883,2020-09-19 09:00,46823,46824,VDA ECNL GU13,Loudoun Soccer ECNL GU13,3,1,Ali Krieger Sports Complex (AKSC) - Field 8,1785,4369,Virginia Development Academy,Northern Virginia Alliance
U13,Mid-Atlantic,193886,2020-09-19 10:00,45785,46817,NCFC Youth ECNL GU13,CESA ECNL GU13,0,5,WRAL Soccer Center - Ricky Horwitz #3,22,380,NCFC Youth,Carolina Elite Soccer Academy
U13,Mid-Atlantic,193885,2020-09-19 12:00,44728,43173,NC Courage ECNL GU13,South Carolina United ECNL GU13,1,0,WRAL Soccer Complex - WRAL 04 Accentuate Staffing,3404,1689,NC Courage Academy,South Carolina United FC
U13,Mid-Atlantic,193884,2020-09-19 13:00,46822,11956,Richmond United ECNL GU13,BRYC Elite Academy ECNL GU13,9,0,West Creek - Field 7,417,4603,Richmond United,Fairfax Virginia Union
U13,Mid-Atlantic,193888,2020-09-19 14:00,44721,28376,Charlotte SA ECNL GU13,Charlotte Independence ECNL GU13,6,1,OrthoCarolina Sportsplex - Field 6,26,1010,Charlotte Soccer Academy,Charlotte Independence SC
U13,Mid-Atlantic,193887,2020-09-19 16:00,13888,46818,NC Fusion ECNL GU13,Wilmington Hammerheads ECNL GU13,1,2,Truist Soccer Complex at Bryan Park - BP 07,71,7,NC Fusion,No Club Selection
U13,Mid-Atlantic,193889,2020-09-20 09:00,44728,46817,NC Courage ECNL GU13,CESA ECNL GU13,1,1,WRAL Soccer Complex - WRAL 04 Accentuate Staffing,3404,380,NC Courage Academy,Carolina Elite Soccer Academy
U13,Mid-Atlantic,193891,2020-09-20 11:00,44721,13888,Charlotte SA ECNL GU13,NC Fusion ECNL GU13,5,1,OrthoCarolina Sportsplex - Field 4,26,71,Charlotte Soccer Academy,NC Fusion
U13,Mid-Atlantic,193890,2020-09-20 13:00,45785,43173,NCFC Youth ECNL GU13,South Carolina United ECNL GU13,2,0,Wake Competition Center - Field 2,22,1689,NCFC Youth,South Carolina United FC
U13,Mid-Atlantic,193893,2020-09-26 09:00,46823,11956,VDA ECNL GU13,BRYC Elite Academy ECNL GU13,6,0,Ali Krieger Sports Complex (AKSC) - Field 8,1785,4603,Virginia Development Academy,Fairfax Virginia Union
U13,Mid-Atlantic,193892,2020-09-26 10:00,46827,46822,McLean YSA ECNL GU13,Richmond United ECNL GU13,1,5,Lewinsville Park - Field 3,4603,417,Fairfax Virginia Union,Richmond United
U13,Mid-Atlantic,193896,2020-09-26 11:00,13888,43173,NC Fusion ECNL GU13,South Carolina United ECNL GU13,0,0,Truist Soccer Complex at Bryan Park - BP 08 Secret,71,1689,NC Fusion,South Carolina United FC
U13,Mid-Atlantic,193894,2020-09-26 12:00,44728,44721,NC Courage ECNL GU13,Charlotte SA ECNL GU13,4,0,WRAL Soccer Complex - WRAL 04 Accentuate Staffing,3404,26,NC Courage Academy,Charlotte Soccer Academy
U13,Mid-Atlantic,193895,2020-09-26 12:00,45785,28376,NCFC Youth ECNL GU13,Charlotte Independence ECNL GU13,1,3,WRAL Soccer Center - Soccer.com #12,22,1010,NCFC Youth,Charlotte Independence SC
U13,Mid-Atlantic,193897,2020-09-27 13:00,43173,44721,South Carolina United ECNL GU13,Charlotte SA ECNL GU13,0,0,Southeastern Freight Lines Complex - Field 1,1689,26,South Carolina United FC,Charlotte Soccer Academy
U13,Mid-Atlantic,193899,2020-10-03 09:00,46818,46817,Wilmington Hammerheads ECNL GU13,CESA ECNL GU13,0,2,Cape Fear Regional Soccer Park - Field 2,7,380,No Club Selection,Carolina Elite Soccer Academy
U13,Mid-Atlantic,193898,2020-10-03 11:00,46822,46823,Richmond United ECNL GU13,VDA ECNL GU13,0,0,West Creek - Field 7,417,1785,Richmond United,Virginia Development Academy
U13,Mid-Atlantic,193900,2020-10-03 12:00,44721,43173,Charlotte SA ECNL GU13,South Carolina United ECNL GU13,3,2,OrthoCarolina Sportsplex - Field 6,26,1689,Charlotte Soccer Academy,South Carolina United FC
U13,Mid-Atlantic,193901,2020-10-04 10:00,46824,46827,Loudoun Soccer ECNL GU13,McLean YSA ECNL GU13,2,2,Loudoun Soccer Park - Field 1,4369,4603,Northern Virginia Alliance,Fairfax Virginia Union
U13,Mid-Atlantic,193902,2020-10-04 11:00,44728,28376,NC Courage ECNL GU13,Charlotte Independence ECNL GU13,3,0,WRAL Soccer Complex - WRAL 03 Ricky Horwitz,3404,1010,NC Courage Academy,Charlotte Independence SC
U13,Mid-Atlantic,193903,2020-10-04 13:00,13888,45785,NC Fusion ECNL GU13,NCFC Youth ECNL GU13,1,5,Truist Soccer Complex at Bryan Park - BP 03 Wrangler,71,22,NC Fusion,NCFC Youth
U13,Mid-Atlantic,193905,2020-10-10 12:00,46824,46823,Loudoun Soccer ECNL GU13,VDA ECNL GU13,2,2,Riverside High School - Practice,4369,1785,Northern Virginia Alliance,Virginia Development Academy
U13,Mid-Atlantic,193906,2020-10-10 12:00,28376,46818,Charlotte Independence ECNL GU13,Wilmington Hammerheads ECNL GU13,0,1,Bradford Park - Field 3,1010,7,Charlotte Independence SC,No Club Selection
U13,Mid-Atlantic,193904,2020-10-10 14:00,11956,46822,BRYC Elite Academy ECNL GU13,Richmond United ECNL GU13,0,5,Robinson High School - Stadium Turf,4603,417,Fairfax Virginia Union,Richmond United
U13,Mid-Atlantic,193907,2020-10-11 11:00,44728,13888,NC Courage ECNL GU13,NC Fusion ECNL GU13,5,0,WRAL Soccer Complex - WRAL 05 First Watch,3404,71,NC Courage Academy,NC Fusion
U13,Mid-Atlantic,193909,2020-10-17 09:00,46823,46827,VDA ECNL GU13,McLean YSA ECNL GU13,2,0,Ali Krieger Sports Complex (AKSC) - Field 8,1785,4603,Virginia Development Academy,Fairfax Virginia Union
U13,Mid-Atlantic,193911,2020-10-17 09:00,28376,13888,Charlotte Independence ECNL GU13,NC Fusion ECNL GU13,3,1,Bradford Park - Field 2,1010,71,Charlotte Independence SC,NC Fusion
U13,Mid-Atlantic,193910,2020-10-17 10:00,45785,46818,NCFC Youth ECNL GU13,Wilmington Hammerheads ECNL GU13,3,1,WRAL Soccer Center - Accentuate Staffing #4,22,7,NCFC Youth,No Club Selection
U13,Mid-Atlantic,193908,2020-10-17 12:00,11956,46824,BRYC Elite Academy ECNL GU13,Loudoun Soccer ECNL GU13,1,2,Robinson High School - Stadium Turf,4603,4369,Fairfax Virginia Union,Northern Virginia Alliance
U13,Mid-Atlantic,193912,2020-10-17 12:00,44721,46817,Charlotte SA ECNL GU13,CESA ECNL GU13,0,2,OrthoCarolina Sportsplex - Field 6,26,380,Charlotte Soccer Academy,Carolina Elite Soccer Academy
U13,Mid-Atlantic,193913,2020-10-18 11:00,45785,44721,NCFC Youth ECNL GU13,Charlotte SA ECNL GU13,1,2,WRAL Soccer Center - First Watch #5,22,26,NCFC Youth,Charlotte Soccer Academy
U13,Mid-Atlantic,193915,2020-10-18 11:00,46817,28376,CESA ECNL GU13,Charlotte Independence ECNL GU13,2,2,Mesa Soccer Complex - Field 1,380,1010,Carolina Elite Soccer Academy,Charlotte Independence SC
U13,Mid-Atlantic,193914,2020-10-18 13:00,46818,13888,Wilmington Hammerheads ECNL GU13,NC Fusion ECNL GU13,4,0,Cape Fear Regional Soccer Park - Field 2,7,71,No Club Selection,NC Fusion
U13,Mid-Atlantic,193918,2020-10-24 10:00,44728,45785,NC Courage ECNL GU13,NCFC Youth ECNL GU13,4,0,WRAL Soccer Complex - WRAL 04 Accentuate Staffing,3404,22,NC Courage Academy,NCFC Youth
U13,Mid-Atlantic,193917,2020-10-24 12:00,46824,46822,Loudoun Soccer ECNL GU13,Richmond United ECNL GU13,1,2,Loudoun Soccer Park - Field 1,4369,417,Northern Virginia Alliance,Richmond United
U13,Mid-Atlantic,193919,2020-10-24 13:00,46818,43173,Wilmington Hammerheads ECNL GU13,South Carolina United ECNL GU13,2,3,Cape Fear Regional Soccer Park - Field 4,7,1689,No Club Selection,South Carolina United FC
U13,Mid-Atlantic,193916,2020-10-24 14:00,46827,11956,McLean YSA ECNL GU13,BRYC Elite Academy ECNL GU13,3,3,Lewinsville Park - Field 3,4603,4603,Fairfax Virginia Union,Fairfax Virginia Union
U13,Mid-Atlantic,193922,2020-10-31 10:00,45785,44728,NCFC Youth ECNL GU13,NC Courage ECNL GU13,1,6,WRAL Soccer Center - Accentuate Staffing #4,22,3404,NCFC Youth,NC Courage Academy
U13,Mid-Atlantic,193923,2020-10-31 10:00,44721,46818,Charlotte SA ECNL GU13,Wilmington Hammerheads ECNL GU13,3,1,Orthocarolina Sportsplex - Field 5,26,7,Charlotte Soccer Academy,No Club Selection
U13,Mid-Atlantic,193924,2020-10-31 11:00,13888,46817,NC Fusion ECNL GU13,CESA ECNL GU13,0,5,Truist Soccer Complex at Bryan Park - BP 02 Triton Management,71,380,NC Fusion,Carolina Elite Soccer Academy
U13,Mid-Atlantic,193925,2020-10-31 11:00,43173,28376,South Carolina United ECNL GU13,Charlotte Independence ECNL GU13,1,1,Southeastern Freight Lines Complex - Field 1,1689,1010,South Carolina United FC,Charlotte Independence SC
U13,Mid-Atlantic,193921,2020-10-31 12:00,11956,46823,BRYC Elite Academy ECNL GU13,VDA ECNL GU13,0,2,Robinson High School - Stadium Turf,4603,1785,Fairfax Virginia Union,Virginia Development Academy
U13,Mid-Atlantic,193927,2020-11-01 09:00,28376,44721,Charlotte Independence ECNL GU13,Charlotte SA ECNL GU13,0,4,Bailey Road Park - Field 3 (middle school),1010,26,Charlotte Independence SC,Charlotte Soccer Academy
U13,Mid-Atlantic,193926,2020-11-01 10:00,46822,46827,Richmond United ECNL GU13,McLean YSA ECNL GU13,4,0,West Creek - Field 7,417,4603,Richmond United,Fairfax Virginia Union
U13,Mid-Atlantic,193928,2020-11-07 10:00,46823,46822,VDA ECNL GU13,Richmond United ECNL GU13,0,0,Ali Krieger Sports Complex (AKSC) - Field 8,1785,417,Virginia Development Academy,Richmond United
U13,Mid-Atlantic,193932,2020-11-14 11:00,28376,45785,Charlotte Independence ECNL GU13,NCFC Youth ECNL GU13,0,1,Manchester Meadows - Field 1,1010,22,Charlotte Independence SC,NCFC Youth
U13,Mid-Atlantic,193934,2020-11-14 11:00,46817,13888,CESA ECNL GU13,NC Fusion ECNL GU13,7,1,Mesa Soccer Complex - Field 1,380,71,Carolina Elite Soccer Academy,NC Fusion
U13,Mid-Atlantic,193931,2020-11-14 12:00,44721,44728,Charlotte SA ECNL GU13,NC Courage ECNL GU13,2,1,OrthoCarolina Sportsplex - Field 3,26,3404,Charlotte Soccer Academy,NC Courage Academy
U13,Mid-Atlantic,193933,2020-11-14 15:00,43173,46818,South Carolina United ECNL GU13,Wilmington Hammerheads ECNL GU13,4,1,Southeastern Freight Lines Complex - Field 1,1689,7,South Carolina United FC,No Club Selection
U13,Mid-Atlantic,193935,2020-11-15 09:00,44721,45785,Charlotte SA ECNL GU13,NCFC Youth ECNL GU13,2,2,OrthoCarolina Sportsplex - Field 6,26,22,Charlotte Soccer Academy,NCFC Youth
U13,Mid-Atlantic,193937,2020-11-15 09:00,46817,46818,CESA ECNL GU13,Wilmington Hammerheads ECNL GU13,3,0,Mesa Soccer Complex - Field 1,380,7,Carolina Elite Soccer Academy,No Club Selection
U13,Mid-Atlantic,193936,2020-11-15 13:00,28376,44728,Charlotte Independence ECNL GU13,NC Courage ECNL GU13,0,2,Manchester Meadows - Field 1,1010,3404,Charlotte Independence SC,NC Courage Academy
U13,Mid-Atlantic,193938,2020-11-15 13:00,43173,13888,South Carolina United ECNL GU13,NC Fusion ECNL GU13,2,0,Southeastern Freight Lines Complex - Field 1,1689,71,South Carolina United FC,NC Fusion
U13,Mid-Atlantic,193939,2020-11-21 10:00,46827,46823,McLean YSA ECNL GU13,VDA ECNL GU13,1,2,Lewinsville Park - Field 3,4603,1785,Fairfax Virginia Union,Virginia Development Academy
U13,Mid-Atlantic,193940,2020-11-21 10:00,46817,45785,CESA ECNL GU13,NCFC Youth ECNL GU13,4,0,CFC - Field 2,380,22,Carolina Elite Soccer Academy,NCFC Youth
U13,Mid-Atlantic,193942,2020-11-21 11:00,46818,44721,Wilmington Hammerheads ECNL GU13,Charlotte SA ECNL GU13,2,1,Cape Fear Regional Soccer Park - Field 2,7,26,No Club Selection,Charlotte Soccer Academy
U13,Mid-Atlantic,193943,2020-11-21 11:00,13888,28376,NC Fusion ECNL GU13,Charlotte Independence ECNL GU13,1,2,Truist Soccer Complex at Bryan Park - BP 07,71,1010,NC Fusion,Charlotte Independence SC
U13,Mid-Atlantic,193941,2020-11-21 13:00,43173,44728,South Carolina United ECNL GU13,NC Courage ECNL GU13,1,1,Southeastern Freight Lines Complex - Field 1,1689,3404,South Carolina United FC,NC Courage Academy
U13,Mid-Atlantic,193930,2020-11-21 14:00,46824,11956,Loudoun Soccer ECNL GU13,BRYC Elite Academy ECNL GU13,2,1,Riverside High School - Practice,4369,4603,Northern Virginia Alliance,Fairfax Virginia Union
U13,Mid-Atlantic,193944,2020-11-22 09:00,46817,44728,CESA ECNL GU13,NC Courage ECNL GU13,1,1,CFC - Field 3,380,3404,Carolina Elite Soccer Academy,NC Courage Academy
U13,Mid-Atlantic,193946,2020-11-22 10:00,46818,28376,Wilmington Hammerheads ECNL GU13,Charlotte Independence ECNL GU13,1,1,Cape Fear Regional Soccer Park - Field 2,7,1010,No Club Selection,Charlotte Independence SC
U13,Mid-Atlantic,193945,2020-11-22 11:00,43173,45785,South Carolina United ECNL GU13,NCFC Youth ECNL GU13,1,1,Southeastern Freight Lines Complex - Field 1,1689,22,South Carolina United FC,NCFC Youth
U13,Mid-Atlantic,193947,2020-11-22 13:00,13888,44721,NC Fusion ECNL GU13,Charlotte SA ECNL GU13,0,7,Truist Soccer Complex at Bryan Park - BP 08 Secret,71,26,NC Fusion,Charlotte Soccer Academy
U13,Mid-Atlantic,222008,2021-01-17 13:00,46817,43173,CESA ECNL GU13,South Carolina United ECNL GU13,3,1,Wenwood - Field 3,380,1689,Carolina Elite Soccer Academy,South Carolina United FC
U13,Mid-Atlantic,222010,2021-01-23 15:00,43173,46817,South Carolina United ECNL GU13,CESA ECNL GU13,0,2,SCUFC West Complex - Field 4,1689,380,South Carolina United FC,Carolina Elite Soccer Academy
U13,Mid-Atlantic,193920,2021-02-06 14:00,46818,44728,Wilmington Hammerheads ECNL GU13,NC Courage ECNL GU13,0,5,Cape Fear Regional Soccer Park - Field 2,7,3404,No Club Selection,NC Courage Academy
U13,Mid-Atlantic,227811,2021-02-27 10:00,45785,44728,NCFC Youth ECNL GU13,NC Courage ECNL GU13,0,1,WRAL Soccer Center - First Watch #5,22,3404,NCFC Youth,NC Courage Academy
U13,Mid-Atlantic,227809,2021-02-27 11:00,43173,46817,South Carolina United ECNL GU13,CESA ECNL GU13,2,2,Southeastern Freight Lines Complex - Stadium B,1689,380,South Carolina United FC,Carolina Elite Soccer Academy
U13,Mid-Atlantic,227813,2021-02-27 12:00,28376,46818,Charlotte Independence ECNL GU13,Wilmington Hammerheads ECNL GU13,2,0,Richard Barry Park - Field 3,1010,7,Charlotte Independence SC,No Club Selection
U13,Mid-Atlantic,227815,2021-02-28 09:00,46817,46818,CESA ECNL GU13,Wilmington Hammerheads ECNL GU13,3,0,Mesa Soccer Complex - Field 2,380,7,Carolina Elite Soccer Academy,No Club Selection
U13,Mid-Atlantic,227819,2021-03-06 10:00,46817,45785,CESA ECNL GU13,NCFC Youth ECNL GU13,3,1,Mesa Soccer Complex - Field 1,380,22,Carolina Elite Soccer Academy,NCFC Youth
U13,Mid-Atlantic,227817,2021-03-06 11:00,28376,44721,Charlotte Independence ECNL GU13,Charlotte SA ECNL GU13,1,1,Chestnut Square Park - Field 1,1010,26,Charlotte Independence SC,Charlotte Soccer Academy
U13,Mid-Atlantic,227821,2021-03-06 14:00,13888,43173,NC Fusion ECNL GU13,South Carolina United ECNL GU13,1,0,Truist Sports Park - Field 4,71,1689,NC Fusion,South Carolina United FC
U13,Mid-Atlantic,227823,2021-03-07 11:00,44721,13888,Charlotte SA ECNL GU13,NC Fusion ECNL GU13,4,1,OrthoCarolina Sportsplex - Field 4,26,71,Charlotte Soccer Academy,NC Fusion
U13,Mid-Atlantic,227825,2021-03-20 10:00,44728,46818,NC Courage ECNL GU13,Wilmington Hammerheads ECNL GU13,3,2,WRAL Soccer Complex - WRAL 05 First Watch,3404,7,NC Courage Academy,No Club Selection
U13,Mid-Atlantic,227827,2021-03-20 12:00,45785,43173,NCFC Youth ECNL GU13,South Carolina United ECNL GU13,0,1,WRAL Soccer Center - Ricky Horwitz #3,22,1689,NCFC Youth,South Carolina United FC
U13,Mid-Atlantic,227829,2021-03-21 09:00,44728,43173,NC Courage ECNL GU13,South Carolina United ECNL GU13,0,0,WRAL Soccer Complex - WRAL 04 Accentuate Staffing,3404,1689,NC Courage Academy,South Carolina United FC
U13,Mid-Atlantic,227841,2021-03-21 12:00,46818,45785,Wilmington Hammerheads ECNL GU13,NCFC Youth ECNL GU13,0,0,Cape Fear Regional Soccer Park - Field 3,7,22,No Club Selection,NCFC Youth
U13,Mid-Atlantic,227831,2021-03-27 12:00,28376,46817,Charlotte Independence ECNL GU13,CESA ECNL GU13,1,3,Richard Barry Park - Field 3,1010,380,Charlotte Independence SC,Carolina Elite Soccer Academy
U13,Mid-Atlantic,227833,2021-03-28 11:00,46818,13888,Wilmington Hammerheads ECNL GU13,NC Fusion ECNL GU13,2,0,Cape Fear Regional Soccer Park - Field 2,7,71,No Club Selection,NC Fusion
U13,Mid-Atlantic,193929,2021-04-10 14:30,46827,46824,McLean YSA ECNL GU13,Loudoun Soccer ECNL GU13,2,3,Lewinsville Park - Field 3,4603,4369,Fairfax Virginia Union,Northern Virginia Alliance
U13,Mid-Atlantic,221495,2021-04-17 09:00,46824,46823,Loudoun Soccer ECNL GU13,VDA ECNL GU13,0,0,Loudoun Soccer Park - Field 1,4369,1785,Northern Virginia Alliance,Virginia Development Academy
U13,Mid-Atlantic,221494,2021-04-17 10:00,11956,46822,BRYC Elite Academy ECNL GU13,Richmond United ECNL GU13,0,6,Robinson High School - Upper Turf,4603,417,Fairfax Virginia Union,Richmond United
U13,Mid-Atlantic,227837,2021-04-17 10:00,28376,43173,Charlotte Independence ECNL GU13,South Carolina United ECNL GU13,0,0,Richard Barry Park - Field 3,1010,1689,Charlotte Independence SC,South Carolina United FC
U13,Mid-Atlantic,227839,2021-04-17 12:00,13888,46817,NC Fusion ECNL GU13,CESA ECNL GU13,1,7,Truist Sports Park - Field 2,71,380,NC Fusion,Carolina Elite Soccer Academy
U13,Mid-Atlantic,227835,2021-04-17 14:00,44721,44728,Charlotte SA ECNL GU13,NC Courage ECNL GU13,1,1,OrthoCarolina Sportsplex - Field 6,26,3404,Charlotte Soccer Academy,NC Courage Academy
U13,Mid-Atlantic,227843,2021-04-18 13:00,43173,44721,South Carolina United ECNL GU13,Charlotte SA ECNL GU13,0,1,SCUFC West Complex - Field 5,1689,26,South Carolina United FC,Charlotte Soccer Academy
U13,Mid-Atlantic,221497,2021-04-24 10:00,46822,46827,Richmond United ECNL GU13,McLean YSA ECNL GU13,5,0,Striker Park - Field 3,417,4603,Richmond United,Fairfax Virginia Union
U13,Mid-Atlantic,227851,2021-04-24 10:00,45785,13888,NCFC Youth ECNL GU13,NC Fusion ECNL GU13,4,0,WRAL Soccer Center - Accentuate Staffing #4,22,71,NCFC Youth,NC Fusion
U13,Mid-Atlantic,221487,2021-04-24 11:00,46823,11956,VDA ECNL GU13,BRYC Elite Academy ECNL GU13,5,1,Ali Krieger Sports Complex (AKSC) - Field 7,1785,4603,Virginia Development Academy,Fairfax Virginia Union
U13,Mid-Atlantic,227845,2021-04-24 12:00,44721,46817,Charlotte SA ECNL GU13,CESA ECNL GU13,0,0,OrthoCarolina Sportsplex - Field 6,26,380,Charlotte Soccer Academy,Carolina Elite Soccer Academy
U13,Mid-Atlantic,227853,2021-04-25 11:00,44721,45785,Charlotte SA ECNL GU13,NCFC Youth ECNL GU13,2,0,OrthoCarolina Sportsplex - Field 6,26,22,Charlotte Soccer Academy,NCFC Youth
U13,Mid-Atlantic,227849,2021-04-25 15:00,44728,28376,NC Courage ECNL GU13,Charlotte Independence ECNL GU13,3,0,Wake Competition Center - Field 1,3404,1010,NC Courage Academy,Charlotte Independence SC
U13,Mid-Atlantic,221498,2021-05-01 09:00,46827,46824,McLean YSA ECNL GU13,Loudoun Soccer ECNL GU13,1,2,Lewinsville Park - Field 3,4603,4369,Fairfax Virginia Union,Northern Virginia Alliance
U13,Mid-Atlantic,227857,2021-05-01 10:00,13888,44728,NC Fusion ECNL GU13,NC Courage ECNL GU13,0,3,Truist Soccer Complex at Bryan Park - Field 17,71,3404,NC Fusion,NC Courage Academy
U13,Mid-Atlantic,221499,2021-05-01 12:00,46823,46822,VDA ECNL GU13,Richmond United ECNL GU13,3,1,Ali Krieger Sports Complex (AKSC) - Field 7,1785,417,Virginia Development Academy,Richmond United
U13,Mid-Atlantic,227855,2021-05-01 12:00,45785,28376,NCFC Youth ECNL GU13,Charlotte Independence ECNL GU13,1,0,WRAL Soccer Center - Ricky Horwitz #3,22,1010,NCFC Youth,Charlotte Independence SC
U13,Mid-Atlantic,227859,2021-05-01 15:00,46818,44721,Wilmington Hammerheads ECNL GU13,Charlotte SA ECNL GU13,1,4,Cape Fear Regional Soccer Park - Field 3,7,26,No Club Selection,Charlotte Soccer Academy
U13,Mid-Atlantic,227861,2021-05-02 10:00,13888,28376,NC Fusion ECNL GU13,Charlotte Independence ECNL GU13,0,4,Truist Soccer Complex at Bryan Park - Field 14,71,1010,NC Fusion,Charlotte Independence SC
U13,Mid-Atlantic,227847,2021-05-02 13:00,43173,46818,South Carolina United ECNL GU13,Wilmington Hammerheads ECNL GU13,2,0,Southeastern Freight Lines Complex - Stadium B,1689,7,South Carolina United FC,No Club Selection
U13,Mid-Atlantic,221480,2021-05-15 09:00,46827,46823,McLean YSA ECNL GU13,VDA ECNL GU13,1,4,Spring Hill Rec Center - Field 2,4603,1785,Fairfax Virginia Union,Virginia Development Academy
U13,Mid-Atlantic,221481,2021-05-15 09:00,46824,11956,Loudoun Soccer ECNL GU13,BRYC Elite Academy ECNL GU13,2,0,Loudoun Soccer Park - Field 1,4369,4603,Northern Virginia Alliance,Fairfax Virginia Union
U13,Mid-Atlantic,221483,2021-05-22 10:00,46822,46824,Richmond United ECNL GU13,Loudoun Soccer ECNL GU13,5,0,Striker Park - Field 3,417,4369,Richmond United,Northern Virginia Alliance
U13,Mid-Atlantic,221482,2021-05-22 11:00,11956,46827,BRYC Elite Academy ECNL GU13,McLean YSA ECNL GU13,0,4,Robinson High School - Upper Turf,4603,4603,Fairfax Virginia Union,Fairfax Virginia Union
U13,Mid-Atlantic,227863,2021-05-22 12:00,46817,44728,CESA ECNL GU13,NC Courage ECNL GU13,0,1,Mesa Soccer Complex - Field 1,380,3404,Carolina Elite Soccer Academy,NC Courage Academy
U13,Midwest,172313,2020-09-19 10:00,46765,46774,Gretna Elite Academy ECNL GU13,Minnesota Thunder ECNL GU13,0,7,Papillion Landing - #1 Turf,373,67,Gretna Elite Academy,Minnesota Thunder Academy
U13,Midwest,172314,2020-09-26 09:00,46766,46774,Kansas City Athletics ECNL GU13,Minnesota Thunder ECNL GU13,1,1,Olathe District Activity Complex - Soccer Field,2330,67,KC Athletics,Minnesota Thunder Academy
U13,Midwest,172316,2020-10-03 09:00,46774,46765,Minnesota Thunder ECNL GU13,Gretna Elite Academy ECNL GU13,1,0,Academy of Holy Angels - South Turf 1 (11v11),67,373,Minnesota Thunder Academy,Gretna Elite Academy
U13,Midwest,172284,2020-10-03 14:45,46764,46771,FC Wisconsin ECNL GU13,Michigan Hawks ECNL GU13,0,6,Fort Wayne Plex - Field 10,54,2359,FC Wisconsin Girls,Michigan Hawks
U13,Midwest,172270,2020-10-04 12:45,46764,46773,FC Wisconsin ECNL GU13,Michigan Hawks Magic ECNL GU13,0,3,Fort Wayne Plex - Field 10,54,2359,FC Wisconsin Girls,Michigan Hawks
U13,Midwest,172269,2020-10-12 18:15,46771,46773,Michigan Hawks ECNL GU13,Michigan Hawks Magic ECNL GU13,2,0,Schoolcraft Turf - SC Turf,2359,2359,Michigan Hawks,Michigan Hawks
U13,Midwest,172326,2020-10-24 09:00,46767,46762,SLSG White ECNL GU13,Eclipse Select SC North ECNL GU13,0,2,Trinity Sports Park - Field 1,97,43,St. Louis Scott Gallagher,Eclipse Select Soccer Club
U13,Midwest,172285,2020-10-25 09:00,46773,46776,Michigan Hawks Magic ECNL GU13,Vardar ECNL GU13,12,0,St. Joe's Sports Complex - Outdoor Turf,2359,109,Michigan Hawks,Vardar
U13,Midwest,172298,2020-10-31 09:00,46768,46771,SLSG Navy ECNL GU13,Michigan Hawks ECNL GU13,0,1,"The TBK Bank Sports Complex, LLC - Field 1",97,2359,St. Louis Scott Gallagher,Michigan Hawks
U13,Midwest,172297,2020-10-31 13:00,46766,46764,Kansas City Athletics ECNL GU13,FC Wisconsin ECNL GU13,5,1,"The TBK Bank Sports Complex, LLC - Field 2",2330,54,KC Athletics,FC Wisconsin Girls
U13,Midwest,172318,2020-10-31 13:00,46767,46765,SLSG White ECNL GU13,Gretna Elite Academy ECNL GU13,6,0,"The TBK Bank Sports Complex, LLC - Field 1",97,373,St. Louis Scott Gallagher,Gretna Elite Academy
U13,Midwest,172322,2020-11-01 08:30,46765,46768,Gretna Elite Academy ECNL GU13,SLSG Navy ECNL GU13,0,5,"The TBK Bank Sports Complex, LLC - Field 7",373,97,Gretna Elite Academy,St. Louis Scott Gallagher
U13,Midwest,172317,2020-11-01 10:15,46764,46767,FC Wisconsin ECNL GU13,SLSG White ECNL GU13,0,1,"The TBK Bank Sports Complex, LLC - Field 2",54,97,FC Wisconsin Girls,St. Louis Scott Gallagher
U13,Midwest,172344,2020-11-01 10:15,46771,46766,Michigan Hawks ECNL GU13,Kansas City Athletics ECNL GU13,1,0,"The TBK Bank Sports Complex, LLC - Field 1",2359,2330,Michigan Hawks,KC Athletics
U13,Midwest,172334,2020-11-21 18:30,46767,46760,SLSG White ECNL GU13,Eclipse Select SC ECNL GU13,1,1,MO RUSH Sports Park - Field 1,97,43,St. Louis Scott Gallagher,Eclipse Select Soccer Club
U13,Midwest,172294,2020-11-22 13:00,46768,46760,SLSG Navy ECNL GU13,Eclipse Select SC ECNL GU13,3,0,MO RUSH Sports Park - Field 1,97,43,St. Louis Scott Gallagher,Eclipse Select Soccer Club
U13,Midwest,172319,2020-12-12 12:00,46768,46766,SLSG Navy ECNL GU13,Kansas City Athletics ECNL GU13,1,1,MO RUSH Sports Park - Field 3,97,2330,St. Louis Scott Gallagher,KC Athletics
U13,Midwest,172321,2020-12-13 10:15,46767,46766,SLSG White ECNL GU13,Kansas City Athletics ECNL GU13,1,1,Missouri Rush Sports Park - Field 3,97,2330,St. Louis Scott Gallagher,KC Athletics
U13,Midwest,172337,2021-01-31 08:00,46774,46766,Minnesota Thunder ECNL GU13,Kansas City Athletics ECNL GU13,1,1,Academy of Holy Angels - South Turf 1 (11v11),67,2330,Minnesota Thunder Academy,KC Athletics
U13,Midwest,172291,2021-02-20,46771,46776,Michigan Hawks ECNL GU13,Vardar ECNL GU13,3,0,Schoolcraft Turf - SC Turf,2359,109,Michigan Hawks,Vardar
U13,Midwest,172271,2021-03-06,46776,46762,Vardar ECNL GU13,Eclipse Select SC North ECNL GU13,0,3,,109,43,Vardar,Eclipse Select Soccer Club
U13,Midwest,172287,2021-03-07 08:00,46773,46762,Michigan Hawks Magic ECNL GU13,Eclipse Select SC North ECNL GU13,,,St. Joe's Sports Complex - Dome,2359,43,Michigan Hawks,Eclipse Select Soccer Club
U13,Midwest,172273,2021-03-07 11:30,46773,46760,Michigan Hawks Magic ECNL GU13,Eclipse Select SC ECNL GU13,0,4,Dowling Park - Field 1,2359,43,Michigan Hawks,Eclipse Select Soccer Club
U13,Midwest,172275,2021-03-07 12:00,46776,46760,Vardar ECNL GU13,Eclipse Select SC ECNL GU13,0,3,UWM Sports Complex - Field 4 (outdoor),109,43,Vardar,Eclipse Select Soccer Club
U13,Midwest,172288,2021-03-07 14:30,46771,46762,Michigan Hawks ECNL GU13,Eclipse Select SC North ECNL GU13,1,0,Dowling Park - Field 1,2359,43,Michigan Hawks,Eclipse Select Soccer Club
U13,Midwest,172268,2021-03-13 12:30,46762,46760,Eclipse Select SC North ECNL GU13,Eclipse Select SC ECNL GU13,0,5,Techny Park - Field 1,43,43,Eclipse Select Soccer Club,Eclipse Select Soccer Club
U13,Midwest,172329,2021-03-27 08:00,46768,46764,SLSG Navy ECNL GU13,FC Wisconsin ECNL GU13,1,0,MO RUSH Sports Park - Field 1,97,54,St. Louis Scott Gallagher,FC Wisconsin Girls
U13,Midwest,172330,2021-03-27 08:00,46767,46774,SLSG White ECNL GU13,Minnesota Thunder ECNL GU13,1,0,MO RUSH Sports Park - Field 2,97,67,St. Louis Scott Gallagher,Minnesota Thunder Academy
U13,Midwest,172331,2021-03-27 08:00,46765,46760,Gretna Elite Academy ECNL GU13,Eclipse Select SC ECNL GU13,0,11,MO RUSH Sports Park - Field 4,373,43,Gretna Elite Academy,Eclipse Select Soccer Club
U13,Midwest,172328,2021-03-27 09:45,46766,46762,Kansas City Athletics ECNL GU13,Eclipse Select SC North ECNL GU13,3,1,MO RUSH Sports Park - Field 3,2330,43,KC Athletics,Eclipse Select Soccer Club
U13,Midwest,172325,2021-03-28 08:00,46774,46768,Minnesota Thunder ECNL GU13,SLSG Navy ECNL GU13,0,3,MO RUSH Sports Park - Field 2,67,97,Minnesota Thunder Academy,St. Louis Scott Gallagher
U13,Midwest,172327,2021-03-28 08:00,46764,46765,FC Wisconsin ECNL GU13,Gretna Elite Academy ECNL GU13,2,1,MO RUSH Sports Park - Field 3,54,373,FC Wisconsin Girls,Gretna Elite Academy
U13,Midwest,172324,2021-03-28 09:45,46760,46766,Eclipse Select SC ECNL GU13,Kansas City Athletics ECNL GU13,3,0,MO RUSH Sports Park - Field 1,43,2330,Eclipse Select Soccer Club,KC Athletics
U13,Midwest,172283,2021-04-10 10:30,46764,46776,FC Wisconsin ECNL GU13,Vardar ECNL GU13,3,0,FC Wisconsin Soccer Park - Field 1 - Val Olla Field,54,109,FC Wisconsin Girls,Vardar
U13,Midwest,172292,2021-04-15 18:15,46776,46773,Vardar ECNL GU13,Michigan Hawks Magic ECNL GU13,0,3,UWM Sports Complex - Field 4 (outdoor),109,2359,Vardar,Michigan Hawks
U13,Midwest,172340,2021-04-17 09:00,46768,46776,SLSG Navy ECNL GU13,Vardar ECNL GU13,3,0,,97,109,St. Louis Scott Gallagher,Vardar
U13,Midwest,172345,2021-04-17 09:00,46768,46773,SLSG Navy ECNL GU13,Michigan Hawks Magic ECNL GU13,3,1,"The TBK Bank Sports Complex, LLC - Field 7",97,2359,St. Louis Scott Gallagher,Michigan Hawks
U13,Midwest,172346,2021-04-17 09:00,46767,46774,SLSG White ECNL GU13,Minnesota Thunder ECNL GU13,1,0,"The TBK Bank Sports Complex, LLC - Field 8",97,67,St. Louis Scott Gallagher,Minnesota Thunder Academy
U13,Midwest,172307,2021-04-17 12:30,46760,46771,Eclipse Select SC ECNL GU13,Michigan Hawks ECNL GU13,2,0,"TBK Bank Sports Complex, LLC - Field 8",43,2359,Eclipse Select Soccer Club,Michigan Hawks
U13,Midwest,172342,2021-04-17 12:30,46765,46762,Gretna Elite Academy ECNL GU13,Eclipse Select SC North ECNL GU13,2,3,"The TBK Bank Sports Complex, LLC - Field 7",373,43,Gretna Elite Academy,Eclipse Select Soccer Club
U13,Midwest,172300,2021-04-18 08:30,46773,46765,Michigan Hawks Magic ECNL GU13,Gretna Elite Academy ECNL GU13,1,0,"The TBK Bank Sports Complex, LLC - Field 7",2359,373,Michigan Hawks,Gretna Elite Academy
U13,Midwest,172304,2021-04-18 08:30,46776,46766,Vardar ECNL GU13,Kansas City Athletics ECNL GU13,0,3,,109,2330,Vardar,KC Athletics
U13,Midwest,172341,2021-04-18 08:30,46771,46767,Michigan Hawks ECNL GU13,SLSG White ECNL GU13,0,1,"The TBK Bank Sports Complex, LLC - Field 8",2359,97,Michigan Hawks,St. Louis Scott Gallagher
U13,Midwest,172315,2021-04-18 12:00,46762,46768,Eclipse Select SC North ECNL GU13,SLSG Navy ECNL GU13,1,0,"The TBK Bank Sports Complex, LLC - Field 7",43,97,Eclipse Select Soccer Club,St. Louis Scott Gallagher
U13,Midwest,172343,2021-04-18 12:00,46764,46774,FC Wisconsin ECNL GU13,Minnesota Thunder ECNL GU13,1,1,"The TBK Bank Sports Complex, LLC - Field 8",54,67,FC Wisconsin Girls,Minnesota Thunder Academy
U13,Midwest,172332,2021-04-24,46768,46767,SLSG Navy ECNL GU13,SLSG White ECNL GU13,1,0,,97,97,St. Louis Scott Gallagher,St. Louis Scott Gallagher
U13,Midwest,172302,2021-04-24 09:00,46764,46760,FC Wisconsin ECNL GU13,Eclipse Select SC ECNL GU13,0,6,FC Wisconsin Soccer Park - Field 1 - Val Olla Field,54,43,FC Wisconsin Girls,Eclipse Select Soccer Club
U13,Midwest,172274,2021-04-24 12:00,46776,46771,Vardar ECNL GU13,Michigan Hawks ECNL GU13,0,3,Oakland University - Field 1,109,2359,Vardar,Michigan Hawks
U13,Midwest,172323,2021-04-24 17:30,46765,46766,Gretna Elite Academy ECNL GU13,Kansas City Athletics ECNL GU13,1,9,Papillion Landing - #1 Turf,373,2330,Gretna Elite Academy,KC Athletics
U13,Midwest,172347,2021-05-01,46765,46776,Gretna Elite Academy ECNL GU13,Vardar ECNL GU13,3,0,,373,109,Gretna Elite Academy,Vardar
U13,Midwest,172305,2021-05-01 08:00,46773,46767,Michigan Hawks Magic ECNL GU13,SLSG White ECNL GU13,0,1,Stuarts Sports Complex - Field 21,2359,97,Michigan Hawks,St. Louis Scott Gallagher
U13,Midwest,172333,2021-05-01 08:00,46766,46765,Kansas City Athletics ECNL GU13,Gretna Elite Academy ECNL GU13,3,0,Stuarts Sports Complex - Field 20,2330,373,KC Athletics,Gretna Elite Academy
U13,Midwest,172338,2021-05-01 08:00,46774,46768,Minnesota Thunder ECNL GU13,SLSG Navy ECNL GU13,1,4,Stuarts Sports Complex - Field 10,67,97,Minnesota Thunder Academy,St. Louis Scott Gallagher
U13,Midwest,172286,2021-05-01 11:30,46771,46760,Michigan Hawks ECNL GU13,Eclipse Select SC ECNL GU13,0,4,Stuarts Sports Complex - Field 21,2359,43,Michigan Hawks,Eclipse Select Soccer Club
U13,Midwest,172299,2021-05-02 08:00,46776,46767,Vardar ECNL GU13,SLSG White ECNL GU13,0,3,Stuart Sports Complex - Field 1,109,97,Vardar,St. Louis Scott Gallagher
U13,Midwest,172301,2021-05-02 08:00,46760,46774,Eclipse Select SC ECNL GU13,Minnesota Thunder ECNL GU13,3,0,Stuarts Sports Complex - Field 21,43,67,Eclipse Select Soccer Club,Minnesota Thunder Academy
U13,Midwest,172303,2021-05-02 08:00,46771,46765,Michigan Hawks ECNL GU13,Gretna Elite Academy ECNL GU13,3,0,Stuarts Sports Complex - Field 20,2359,373,Michigan Hawks,Gretna Elite Academy
U13,Midwest,172339,2021-05-02 08:00,46766,46773,Kansas City Athletics ECNL GU13,Michigan Hawks Magic ECNL GU13,1,1,Stuarts Sports Complex - Field 10,2330,2359,KC Athletics,Michigan Hawks
U13,Midwest,172306,2021-05-02 11:30,46762,46764,Eclipse Select SC North ECNL GU13,FC Wisconsin ECNL GU13,1,0,Stuarts Sports Complex - Field 22,43,54,Eclipse Select Soccer Club,FC Wisconsin Girls
U13,Midwest,172290,2021-05-11 20:00,46773,46771,Michigan Hawks Magic ECNL GU13,Michigan Hawks ECNL GU13,0,1,St. Joe's Sports Complex - Outdoor Turf,2359,2359,Michigan Hawks,Michigan Hawks
U13,Midwest,172281,2021-05-15,46760,46773,Eclipse Select SC ECNL GU13,Michigan Hawks Magic ECNL GU13,,,,43,2359,Eclipse Select Soccer Club,Michigan Hawks
U13,Midwest,172296,2021-05-15,46762,46776,Eclipse Select SC North ECNL GU13,Vardar ECNL GU13,3,0,,43,109,Eclipse Select Soccer Club,Vardar
U13,Midwest,172272,2021-05-15 15:00,46773,46762,Michigan Hawks Magic ECNL GU13,Eclipse Select SC North ECNL GU13,,,The Plex - Field 8,2359,43,Michigan Hawks,Eclipse Select Soccer Club
U13,Midwest,172279,2021-05-16,46760,46776,Eclipse Select SC ECNL GU13,Vardar ECNL GU13,3,0,,43,109,Eclipse Select Soccer Club,Vardar
U13,Midwest,172312,2021-05-16 09:00,46767,46768,SLSG White ECNL GU13,SLSG Navy ECNL GU13,2,4,WWT Soccer Park - Field 6,97,97,St. Louis Scott Gallagher,St. Louis Scott Gallagher
U13,Midwest,172277,2021-05-16 13:00,46762,46771,Eclipse Select SC North ECNL GU13,Michigan Hawks ECNL GU13,1,3,The Plex - Field 1,43,2359,Eclipse Select Soccer Club,Michigan Hawks
U13,Midwest,172280,2021-05-22,46776,46774,Vardar ECNL GU13,Minnesota Thunder ECNL GU13,0,3,,109,67,Vardar,Minnesota Thunder Academy
U13,Midwest,172308,2021-05-22 09:00,46766,46768,Kansas City Athletics ECNL GU13,SLSG Navy ECNL GU13,0,4,Olathe District Activity Complex - Soccer Field,2330,97,KC Athletics,St. Louis Scott Gallagher
U13,Midwest,172276,2021-05-22 14:00,46760,46764,Eclipse Select SC ECNL GU13,FC Wisconsin ECNL GU13,6,0,FC Wisconsin Soccer Park - Field 1 - Val Olla Field,43,54,Eclipse Select Soccer Club,FC Wisconsin Girls
U13,Midwest,172282,2021-05-22 14:00,46762,46774,Eclipse Select SC North ECNL GU13,Minnesota Thunder ECNL GU13,1,0,FC Wisconsin Soccer Park - Field 2 - Hegarty Field,43,67,Eclipse Select Soccer Club,Minnesota Thunder Academy
U13,Midwest,172309,2021-05-22 14:15,46767,46765,SLSG White ECNL GU13,Gretna Elite Academy ECNL GU13,,,Olathe District Activity Complex - Soccer Field,97,373,St. Louis Scott Gallagher,Gretna Elite Academy
U13,Midwest,172278,2021-05-23 10:00,46764,46776,FC Wisconsin ECNL GU13,Vardar ECNL GU13,3,0,FC Wisconsin Soccer Park - Field 1 - Val Olla Field,54,109,FC Wisconsin Girls,Vardar
U13,Midwest,172320,2021-05-23 10:00,46764,46762,FC Wisconsin ECNL GU13,Eclipse Select SC North ECNL GU13,0,1,FC Wisconsin Soccer Park - Field 1 - Val Olla Field,54,43,FC Wisconsin Girls,Eclipse Select Soccer Club
U13,Midwest,172310,2021-05-23 13:15,46766,46767,Kansas City Athletics ECNL GU13,SLSG White ECNL GU13,4,2,Olathe District Activity Complex - Football Field,2330,97,KC Athletics,St. Louis Scott Gallagher
U13,Midwest,172311,2021-05-23 13:15,46768,46765,SLSG Navy ECNL GU13,Gretna Elite Academy ECNL GU13,3,0,Olathe District Complex - Soccer Field,97,373,St. Louis Scott Gallagher,Gretna Elite Academy
U13,Midwest,172289,2021-05-25 18:00,46760,46762,Eclipse Select SC ECNL GU13,Eclipse Select SC North ECNL GU13,1,1,Techny Park - Field 1,43,43,Eclipse Select Soccer Club,Eclipse Select Soccer Club
U13,Midwest,172335,2021-05-29 09:00,46774,46771,Minnesota Thunder ECNL GU13,Michigan Hawks ECNL GU13,0,3,Academy of Holy Angels - South Turf 1 (11v11),67,2359,Minnesota Thunder Academy,Michigan Hawks
U13,Midwest,172293,2021-05-29 13:00,46773,46764,Michigan Hawks Magic ECNL GU13,FC Wisconsin ECNL GU13,1,0,Academy of Holy Angels - South Turf,2359,54,Michigan Hawks,FC Wisconsin Girls
U13,Midwest,172295,2021-05-30 08:15,46771,46764,Michigan Hawks ECNL GU13,FC Wisconsin ECNL GU13,7,0,Academy of Holy Angels - South Turf,2359,54,Michigan Hawks,FC Wisconsin Girls
U13,Midwest,172336,2021-05-30 10:15,46774,46773,Minnesota Thunder ECNL GU13,Michigan Hawks Magic ECNL GU13,1,1,Academy of Holy Angels - Field 2 - Star Dome,67,2359,Minnesota Thunder Academy,Michigan Hawks
U13,Mountain,209147,2020-09-13 09:00,45853,48226,Real Colorado National ECNL GU13,Pride SC ECNL GU13,2,0,Real Colorado Soccer Complex - RCSC 2,81,2335,Real Colorado,Pride SC
U13,Mountain,209153,2020-09-13 09:00,46752,46443,Colorado Rapids ECNL GU13,Real Colorado Athletico ECNL GU13,5,0,Gates South Soccer Complex - 5,29,81,Colorado Storm,Real Colorado
U13,Mountain,210443,2020-09-19 09:00,45853,46443,Real Colorado National ECNL GU13,Real Colorado Athletico ECNL GU13,3,0,Real Colorado Soccer Complex - RCSC 1,81,81,Real Colorado,Real Colorado
U13,Mountain,209159,2020-09-19 12:00,48226,46752,Pride SC ECNL GU13,Colorado Rapids ECNL GU13,0,3,Pride Soccer Complex - Field 1,2335,29,Pride SC,Colorado Storm
U13,Mountain,207054,2020-09-26 09:00,46443,48226,Real Colorado Athletico ECNL GU13,Pride SC ECNL GU13,0,1,Real Colorado Soccer Complex - RCSC 2,81,2335,Real Colorado,Pride SC
U13,Mountain,207055,2020-09-26 13:30,46752,45853,Colorado Rapids ECNL GU13,Real Colorado National ECNL GU13,1,1,Gates South Soccer Complex - 5,29,81,Colorado Storm,Real Colorado
U13,Mountain,207056,2020-10-03 09:00,46443,46752,Real Colorado Athletico ECNL GU13,Colorado Rapids ECNL GU13,0,1,Real Colorado Soccer Complex - RCSC 1,81,29,Real Colorado,Colorado Storm
U13,Mountain,207057,2020-10-03 12:00,48226,45853,Pride SC ECNL GU13,Real Colorado National ECNL GU13,0,2,Pride Soccer Complex - Field 1,2335,81,Pride SC,Real Colorado
U13,Mountain,207059,2020-10-24 09:00,46443,45853,Real Colorado Athletico ECNL GU13,Real Colorado National ECNL GU13,0,3,Real Colorado Soccer Complex - RCSC 1,81,81,Real Colorado,Real Colorado
U13,Mountain,207058,2020-10-24 11:15,46752,48226,Colorado Rapids ECNL GU13,Pride SC ECNL GU13,3,0,Gates South Soccer Complex - 5,29,2335,Colorado Storm,Pride SC
U13,Mountain,207071,2021-02-27 13:00,48226,45847,Pride SC ECNL GU13,La Roca FC ECNL GU13,5,2,Pride Soccer Complex - Field 3,2335,1760,Pride SC,La Roca FC
U13,Mountain,207070,2021-02-27 13:30,46752,46754,Colorado Rapids ECNL GU13,Utah Avalanche ECNL GU13,5,0,Douglas County Fairgrounds - Field #5,29,107,Colorado Storm,Utah Avalanche
U13,Mountain,207072,2021-02-28 09:00,48226,46754,Pride SC ECNL GU13,Utah Avalanche ECNL GU13,3,3,Pride Soccer Complex - Field 3,2335,107,Pride SC,Utah Avalanche
U13,Mountain,207073,2021-02-28 13:30,46752,45847,Colorado Rapids ECNL GU13,La Roca FC ECNL GU13,3,3,Dick's Sporting Goods Park - DSGP - 8,29,1760,Colorado Storm,La Roca FC
U13,Mountain,207061,2021-03-21 09:00,48226,46443,Pride SC ECNL GU13,Real Colorado Athletico ECNL GU13,3,0,Pride Soccer Complex - Field 1,2335,81,Pride SC,Real Colorado
U13,Mountain,207078,2021-03-27 09:00,46754,46443,Utah Avalanche ECNL GU13,Real Colorado Athletico ECNL GU13,1,1,Legacy Events Center - Field 2,107,81,Utah Avalanche,Real Colorado
U13,Mountain,207079,2021-03-27 14:00,45847,45853,La Roca FC ECNL GU13,Real Colorado National ECNL GU13,0,4,Spence Eccles Ogden Community Sports Complex - Field 2,1760,81,La Roca FC,Real Colorado
U13,Mountain,207081,2021-03-28 09:00,46754,45853,Utah Avalanche ECNL GU13,Real Colorado National ECNL GU13,1,1,Legacy Events Center - Field 2,107,81,Utah Avalanche,Real Colorado
U13,Mountain,207080,2021-03-28 14:00,45847,46443,La Roca FC ECNL GU13,Real Colorado Athletico ECNL GU13,0,0,La Roca Park - Field 2,1760,81,La Roca FC,Real Colorado
U13,Mountain,207060,2021-04-03 09:00,45853,46752,Real Colorado National ECNL GU13,Colorado Rapids ECNL GU13,2,0,Real Colorado Soccer Complex - RCSC 1,81,29,Real Colorado,Colorado Storm
U13,Mountain,207066,2021-04-17 09:00,45853,46754,Real Colorado National ECNL GU13,Utah Avalanche ECNL GU13,5,0,Real Colorado Soccer Complex - RCSC 1,81,107,Real Colorado,Utah Avalanche
U13,Mountain,207067,2021-04-17 09:00,46443,45847,Real Colorado Athletico ECNL GU13,La Roca FC ECNL GU13,1,0,Highland Heritage Regional Park - HHRP West,81,1760,Real Colorado,La Roca FC
U13,Mountain,207068,2021-04-18 09:00,46443,46754,Real Colorado Athletico ECNL GU13,Utah Avalanche ECNL GU13,2,0,Highland Heritage Regional Park - HHRP West,81,107,Real Colorado,Utah Avalanche
U13,Mountain,207069,2021-04-18 09:00,45853,45847,Real Colorado National ECNL GU13,La Roca FC ECNL GU13,1,0,Real Colorado Soccer Complex - RCSC 1,81,1760,Real Colorado,La Roca FC
U13,Mountain,207065,2021-04-18 13:00,46754,48226,Utah Avalanche ECNL GU13,Pride SC ECNL GU13,1,1,Legacy Events Center - Field 1,107,2335,Utah Avalanche,Pride SC
U13,Mountain,207063,2021-04-24 08:30,45847,48226,La Roca FC ECNL GU13,Pride SC ECNL GU13,2,1,La Roca Park - Field 1,1760,2335,La Roca FC,Pride SC
U13,Mountain,207062,2021-04-24 09:00,46754,46752,Utah Avalanche ECNL GU13,Colorado Rapids ECNL GU13,1,3,Woods Cross High School - Field 1,107,29,Utah Avalanche,Colorado Storm
U13,Mountain,207064,2021-04-25 11:30,45847,46752,La Roca FC ECNL GU13,Colorado Rapids ECNL GU13,1,2,Legacy Events Center - Field 1 #2021,1760,29,La Roca FC,Colorado Storm
U13,Mountain,207086,2021-05-16 14:00,45847,46754,La Roca FC ECNL GU13,Utah Avalanche ECNL GU13,1,5,Legacy Events Center - Field 3 #2025,1760,107,La Roca FC,Utah Avalanche
U13,Mountain,207087,2021-05-23 09:00,46754,45847,Utah Avalanche ECNL GU13,La Roca FC ECNL GU13,1,6,Legacy Events Center - Field 1,107,1760,Utah Avalanche,La Roca FC
U13,New England,172970,2020-09-12 09:00,36636,25539,FC Stars Blue ECNL GU13,FSA FC ECNL GU13,5,0,Farmington Sports Arena - Field 7,52,431,FC Stars,FSA FC
U13,New England,172971,2020-09-12 10:30,36640,46829,World Class FC ECNL GU13,Connecticut FC ECNL GU13,4,3,Orangetown Soccer Complex - Field 2,116,31,World Class FC,Connecticut FC
U13,New England,172974,2020-09-19 10:00,46829,25539,Connecticut FC ECNL GU13,FSA FC ECNL GU13,2,0,CFC Park - Field 1,31,431,Connecticut FC,FSA FC
U13,New England,172972,2020-09-19 12:40,14509,36636,SUSA FC ECNL GU13,FC Stars Blue ECNL GU13,2,0,SUSA - Orlin & Cohen Sports Complex - Field 1,7,52,No Club Selection,FC Stars
U13,New England,172973,2020-09-19 14:30,36634,36635,East Meadow SC ECNL GU13,FC Stars White ECNL GU13,3,1,East Meadow Field of Dreams - North Turf,42,52,East Meadow Soccer Club,FC Stars
U13,New England,172976,2020-09-20 11:15,36634,36636,East Meadow SC ECNL GU13,FC Stars Blue ECNL GU13,1,3,East Meadow Field of Dreams - North Turf,42,52,East Meadow Soccer Club,FC Stars
U13,New England,172975,2020-09-20 12:40,14509,36635,SUSA FC ECNL GU13,FC Stars White ECNL GU13,5,3,SUSA - Orlin & Cohen Sports Complex - Field 1,7,52,No Club Selection,FC Stars
U13,New England,172996,2020-09-26 09:15,36635,36636,FC Stars White ECNL GU13,FC Stars Blue ECNL GU13,0,5,Bedford - NH Complex - Field 2,52,52,FC Stars,FC Stars
U13,New England,172979,2020-09-26 10:00,25539,14509,FSA FC ECNL GU13,SUSA FC ECNL GU13,1,3,FSA-Farmington Sports Arena - Field 6,431,7,FSA FC,No Club Selection
U13,New England,172980,2020-09-26 13:00,36639,36634,Scorpions Soccer ECNL GU13,East Meadow SC ECNL GU13,1,2,FSA - Field 7,94,42,Scorpions SC,East Meadow Soccer Club
U13,New England,172983,2020-09-27 10:00,25539,36634,FSA FC ECNL GU13,East Meadow SC ECNL GU13,1,2,FSA-Farmington Sports Arena - Field 6,431,42,FSA FC,East Meadow Soccer Club
U13,New England,172984,2020-09-27 13:00,36639,14509,Scorpions Soccer ECNL GU13,SUSA FC ECNL GU13,1,2,FSA - Field 8,94,7,Scorpions SC,No Club Selection
U13,New England,173015,2020-09-27 13:30,36640,11460,World Class FC ECNL GU13,PDA White ECNL GU13,1,0,Orangetown Soccer Complex - Field 2,116,3313,World Class FC,PDA White (Shore)
U13,New England,172985,2020-10-03 10:00,46829,36635,Connecticut FC ECNL GU13,FC Stars White ECNL GU13,3,2,CFC Park - Field 1,31,52,Connecticut FC,FC Stars
U13,New England,172986,2020-10-03 10:00,25539,36639,FSA FC ECNL GU13,Scorpions Soccer ECNL GU13,3,0,FSA-Farmington Sports Arena - Field 6,431,94,FSA FC,Scorpions SC
U13,New England,172988,2020-10-03 12:30,36634,14509,East Meadow SC ECNL GU13,SUSA FC ECNL GU13,0,0,East Meadow Field of Dreams - North Turf,42,7,East Meadow Soccer Club,No Club Selection
U13,New England,172987,2020-10-03 13:00,11460,36640,PDA White ECNL GU13,World Class FC ECNL GU13,1,1,PDA - Field 1,3313,116,PDA White (Shore),World Class FC
U13,New England,172989,2020-10-04 10:00,46829,36639,Connecticut FC ECNL GU13,Scorpions Soccer ECNL GU13,5,0,CFC Park - Field 1,31,94,Connecticut FC,Scorpions SC
U13,New England,172990,2020-10-04 12:30,25539,36635,FSA FC ECNL GU13,FC Stars White ECNL GU13,3,4,FSA-Farmington Sports Arena - Field 7,431,52,FSA FC,FC Stars
U13,New England,172992,2020-10-04 12:30,36634,36640,East Meadow SC ECNL GU13,World Class FC ECNL GU13,2,1,East Meadow Field of Dreams - North Turf,42,116,East Meadow Soccer Club,World Class FC
U13,New England,172991,2020-10-04 13:00,11460,14509,PDA White ECNL GU13,SUSA FC ECNL GU13,0,1,Morningside Farm - Field 13,3313,7,PDA White (Shore),No Club Selection
U13,New England,172993,2020-10-17 10:30,36635,36639,FC Stars White ECNL GU13,Scorpions Soccer ECNL GU13,1,0,Trinity High School - Field 1,52,94,FC Stars,Scorpions SC
U13,New England,172995,2020-10-17 14:30,36634,11460,East Meadow SC ECNL GU13,PDA White ECNL GU13,0,1,East Meadow Field of Dreams - North Turf,42,3313,East Meadow Soccer Club,PDA White (Shore)
U13,New England,172994,2020-10-18 10:30,14509,46829,SUSA FC ECNL GU13,Connecticut FC ECNL GU13,2,1,SUSA - Orlin & Cohen Sports Complex - Field 1,7,31,No Club Selection,Connecticut FC
U13,New England,172998,2020-10-24,36640,25539,World Class FC ECNL GU13,FSA FC ECNL GU13,3,0,,116,431,World Class FC,FSA FC
U13,New England,172999,2020-10-24 16:00,11460,36639,PDA White ECNL GU13,Scorpions Soccer ECNL GU13,1,1,PDA - Field 1,3313,94,PDA White (Shore),Scorpions SC
U13,New England,173000,2020-10-25 10:30,36640,36639,World Class FC ECNL GU13,Scorpions Soccer ECNL GU13,2,0,Orangetown Soccer Complex - Field 2,116,94,World Class FC,Scorpions SC
U13,New England,173001,2020-10-25 13:00,11460,25539,PDA White ECNL GU13,FSA FC ECNL GU13,3,1,Morningside Farm - Field 13,3313,431,PDA White (Shore),FSA FC
U13,New England,173004,2020-10-31 13:40,14509,36640,SUSA FC ECNL GU13,World Class FC ECNL GU13,1,1,SUSA - Orlin & Cohen Sports Complex - Field 1,7,116,No Club Selection,World Class FC
U13,New England,173009,2021-03-06,36639,11460,Scorpions Soccer ECNL GU13,PDA White ECNL GU13,,,,94,3313,Scorpions SC,PDA White (Shore)
U13,New England,173008,2021-03-06 10:00,25539,36640,FSA FC ECNL GU13,World Class FC ECNL GU13,1,3,FSA-Farmington Sports Arena - Field 7,431,116,FSA FC,World Class FC
U13,New England,173007,2021-03-06 15:30,46829,36634,Connecticut FC ECNL GU13,East Meadow SC ECNL GU13,0,2,CFC Park - Field 1,31,42,Connecticut FC,East Meadow Soccer Club
U13,New England,173006,2021-03-10 18:00,36636,36635,FC Stars Blue ECNL GU13,FC Stars White ECNL GU13,2,0,FC Stars Complex - Field 1,52,52,FC Stars,FC Stars
U13,New England,173011,2021-03-20 10:30,25539,11460,FSA FC ECNL GU13,PDA White ECNL GU13,,,FSA-Farmington Sports Arena - Field 7,431,3313,FSA FC,PDA White (Shore)
U13,New England,173013,2021-03-20 10:45,36639,36635,Scorpions Soccer ECNL GU13,FC Stars White ECNL GU13,2,1,Medway High School - Lamson Field(Middle Field),94,52,Scorpions SC,FC Stars
U13,New England,173012,2021-04-11 14:00,36636,46829,FC Stars Blue ECNL GU13,Connecticut FC ECNL GU13,3,0,FC Stars Complex - Field 3,52,31,FC Stars,Connecticut FC
U13,New England,173016,2021-04-17 10:00,36639,25539,Scorpions Soccer ECNL GU13,FSA FC ECNL GU13,2,3,Medway High School - Lamson Field(Middle Field),94,431,Scorpions SC,FSA FC
U13,New England,173017,2021-04-17 10:30,14509,36634,SUSA FC ECNL GU13,East Meadow SC ECNL GU13,3,0,SUSA - Orlin & Cohen Sports Complex - Field 2,7,42,No Club Selection,East Meadow Soccer Club
U13,New England,173014,2021-04-17 10:45,36635,46829,FC Stars White ECNL GU13,Connecticut FC ECNL GU13,1,2,FC Stars Soccer Complex - Field 1,52,31,FC Stars,Connecticut FC
U13,New England,173020,2021-04-18 09:40,36639,46829,Scorpions Soccer ECNL GU13,Connecticut FC ECNL GU13,1,1,Progin Park - Field 6,94,31,Scorpions SC,Connecticut FC
U13,New England,173021,2021-04-18 10:30,14509,11460,SUSA FC ECNL GU13,PDA White ECNL GU13,3,0,SUSA - Orlin & Cohen Sports Complex - Field 3,7,3313,No Club Selection,PDA White (Shore)
U13,New England,173018,2021-04-18 12:30,36635,25539,FC Stars White ECNL GU13,FSA FC ECNL GU13,1,1,FC Stars Soccer Complex - Field 1,52,431,FC Stars,FSA FC
U13,New England,173019,2021-04-18 13:30,36640,36634,World Class FC ECNL GU13,East Meadow SC ECNL GU13,3,0,Orangetown Soccer Complex - Field 1,116,42,World Class FC,East Meadow Soccer Club
U13,New England,173010,2021-04-24 08:00,36639,36640,Scorpions Soccer ECNL GU13,World Class FC ECNL GU13,0,4,Medway High School - Lamson Field(Middle Field),94,116,Scorpions SC,World Class FC
U13,New England,173023,2021-04-24 08:00,36635,36634,FC Stars White ECNL GU13,East Meadow SC ECNL GU13,0,4,FC Stars Soccer Complex - Field 2,52,42,FC Stars,East Meadow Soccer Club
U13,New England,173022,2021-04-24 09:45,36636,14509,FC Stars Blue ECNL GU13,SUSA FC ECNL GU13,0,1,FC Stars Complex - Field 1,52,7,FC Stars,No Club Selection
U13,New England,173036,2021-04-24 10:00,11460,46829,PDA White ECNL GU13,Connecticut FC ECNL GU13,0,1,PDA - Field 5,3313,31,PDA White (Shore),Connecticut FC
U13,New England,173025,2021-04-25 08:00,36636,36634,FC Stars Blue ECNL GU13,East Meadow SC ECNL GU13,1,0,FC Stars Complex - Field 1,52,42,FC Stars,East Meadow Soccer Club
U13,New England,173026,2021-04-25 08:00,36635,14509,FC Stars White ECNL GU13,SUSA FC ECNL GU13,0,1,FC Stars Soccer Complex - Field 2,52,7,FC Stars,No Club Selection
U13,New England,173003,2021-04-25 16:45,46829,11460,Connecticut FC ECNL GU13,PDA White ECNL GU13,1,2,CFC Park - Field 1,31,3313,Connecticut FC,PDA White (Shore)
U13,New England,173029,2021-05-01 11:00,36634,36639,East Meadow SC ECNL GU13,Scorpions Soccer ECNL GU13,2,0,East Meadow Field of Dreams - South Turf,42,94,East Meadow Soccer Club,Scorpions SC
U13,New England,173028,2021-05-01 12:00,36640,36635,World Class FC ECNL GU13,FC Stars White ECNL GU13,5,1,Orangetown Soccer Complex - Field 2,116,52,World Class FC,FC Stars
U13,New England,173030,2021-05-01 12:10,14509,25539,SUSA FC ECNL GU13,FSA FC ECNL GU13,2,1,SUSA - Orlin & Cohen Sports Complex - Field 2,7,431,No Club Selection,FSA FC
U13,New England,173027,2021-05-01 12:30,11460,36636,PDA White ECNL GU13,FC Stars Blue ECNL GU13,0,0,PDA - Field 1,3313,52,PDA White (Shore),FC Stars
U13,New England,173034,2021-05-02 08:00,14509,36639,SUSA FC ECNL GU13,Scorpions Soccer ECNL GU13,3,0,SUSA - Orlin & Cohen Sports Complex - Field 2,7,94,No Club Selection,Scorpions SC
U13,New England,173032,2021-05-02 10:30,36640,36636,World Class FC ECNL GU13,FC Stars Blue ECNL GU13,1,3,Orangetown Soccer Complex - Field 2,116,52,World Class FC,FC Stars
U13,New England,173033,2021-05-02 10:30,36634,25539,East Meadow SC ECNL GU13,FSA FC ECNL GU13,2,0,East Meadow Field of Dreams - North Turf,42,431,East Meadow Soccer Club,FSA FC
U13,New England,173031,2021-05-02 13:00,11460,36635,PDA White ECNL GU13,FC Stars White ECNL GU13,3,0,Morningside Farm - Field 14,3313,52,PDA White (Shore),FC Stars
U13,New England,173037,2021-05-08,36640,14509,World Class FC ECNL GU13,SUSA FC ECNL GU13,3,1,,116,7,World Class FC,No Club Selection
U13,New England,173040,2021-05-15 16:00,11460,36634,PDA White ECNL GU13,East Meadow SC ECNL GU13,1,0,PDA - Field 3,3313,42,PDA White (Shore),East Meadow Soccer Club
U13,New England,173039,2021-05-15 16:45,46829,36640,Connecticut FC ECNL GU13,World Class FC ECNL GU13,0,1,CFC Park - Field 1,31,116,Connecticut FC,World Class FC
U13,New England,173038,2021-05-19 18:00,25539,36636,FSA FC ECNL GU13,FC Stars Blue ECNL GU13,1,2,FSA-Farmington Sports Arena - Field 6,431,52,FSA FC,FC Stars
U13,New England,173005,2021-05-22 10:00,46829,36636,Connecticut FC ECNL GU13,FC Stars Blue ECNL GU13,,,CFC Park - Field 2,31,52,Connecticut FC,FC Stars
U13,New England,173041,2021-05-23,46829,14509,Connecticut FC ECNL GU13,SUSA FC ECNL GU13,0,2,,31,7,Connecticut FC,No Club Selection
U13,New England,173035,2021-05-25 18:15,36636,36639,FC Stars Blue ECNL GU13,Scorpions Soccer ECNL GU13,4,1,FC Stars Complex - Field 1,52,94,FC Stars,Scorpions SC
U13,New England,173024,2021-06-02 18:30,25539,46829,FSA FC ECNL GU13,Connecticut FC ECNL GU13,0,1,FSA-Farmington Sports Arena - Field 8,431,31,FSA FC,Connecticut FC
U13,New England,173002,2021-06-03 18:00,36639,36636,Scorpions Soccer ECNL GU13,FC Stars Blue ECNL GU13,1,2,Taunton Forekicks - Field 15,94,52,Scorpions SC,FC Stars
U13,New England,172977,2021-06-05 08:00,36636,11460,FC Stars Blue ECNL GU13,PDA White ECNL GU13,3,0,FC Stars Complex - Field 1,52,3313,FC Stars,PDA White (Shore)
U13,New England,172978,2021-06-05 09:45,36635,36640,FC Stars White ECNL GU13,World Class FC ECNL GU13,,,FC Stars Soccer Complex - Field 2,52,116,FC Stars,World Class FC
U13,New England,172981,2021-06-06 08:00,36636,36640,FC Stars Blue ECNL GU13,World Class FC ECNL GU13,2,1,FC Stars Complex - Field 2,52,116,FC Stars,World Class FC
U13,New England,172982,2021-06-06 08:00,36635,11460,FC Stars White ECNL GU13,PDA White ECNL GU13,0,0,FC Stars Soccer Complex - Field 1,52,3313,FC Stars,PDA White (Shore)
U13,New England,172997,2021-06-12 11:00,36634,46829,East Meadow SC ECNL GU13,Connecticut FC ECNL GU13,1,0,East Meadow Field of Dreams - South Turf,42,31,East Meadow Soccer Club,Connecticut FC
U13,North Atlantic,173476,2020-09-12 09:00,26917,44737,FC Bucks ECNL GU13,Penn Fusion ECNL GU13,0,3,Council Rock North High School - Turf Field,46,79,HEX FC,Penn Fusion Soccer Academy
U13,North Atlantic,173478,2020-09-12 10:00,45827,36637,Pipeline SC ECNL GU13,Maryland United ECNL GU13,1,2,Mercy High School - Field 1,3405,7,Pipeline SC,No Club Selection
U13,North Atlantic,173477,2020-09-12 13:00,1815,36383,PDA South ECNL GU13,FC Delco ECNL GU13,0,1,Westampton Sports Complex - Field 2,2628,598,PDA South,FC DELCO
U13,North Atlantic,173481,2020-09-13 10:45,26917,36383,FC Bucks ECNL GU13,FC Delco ECNL GU13,0,0,Council Rock North High School - Turf Field,46,598,HEX FC,FC DELCO
U13,North Atlantic,173480,2020-09-13 13:00,1815,44737,PDA South ECNL GU13,Penn Fusion ECNL GU13,0,4,Westampton Sports Complex - Field 2,2628,79,PDA South,Penn Fusion Soccer Academy
U13,North Atlantic,173483,2020-09-19 10:30,44737,45827,Penn Fusion ECNL GU13,Pipeline SC ECNL GU13,1,2,USTC - Zach Steffen Field,79,3405,Penn Fusion Soccer Academy,Pipeline SC
U13,North Atlantic,173482,2020-09-19 12:00,3701,34505,PDA Blue ECNL GU13,Match Fit Academy ECNL GU13,5,0,PDA Main Complex - Field 3,2357,64,PDA Blue (North),Match Fit Surf
U13,North Atlantic,173485,2020-09-19 12:00,46815,26917,Bethesda SC ECNL GU13,FC Bucks ECNL GU13,1,2,Walter Johnson High School - Stadium,17,46,Bethesda SC,HEX FC
U13,North Atlantic,173487,2020-09-20 09:30,36383,45827,FC Delco ECNL GU13,Pipeline SC ECNL GU13,0,5,Proving Grounds - 3,598,3405,FC DELCO,Pipeline SC
U13,North Atlantic,173488,2020-09-26 09:30,36383,44737,FC Delco ECNL GU13,Penn Fusion ECNL GU13,1,4,Proving Grounds - 1,598,79,FC DELCO,Penn Fusion Soccer Academy
U13,North Atlantic,173489,2020-09-26 13:00,1815,26917,PDA South ECNL GU13,FC Bucks ECNL GU13,1,3,Westampton Sports Complex - Field 2,2628,46,PDA South,HEX FC
U13,North Atlantic,173492,2020-10-03 10:30,45827,34505,Pipeline SC ECNL GU13,Match Fit Academy ECNL GU13,7,0,Mercy High School - Field 1,3405,64,Pipeline SC,Match Fit Surf
U13,North Atlantic,173493,2020-10-03 12:00,46815,1815,Bethesda SC ECNL GU13,PDA South ECNL GU13,0,0,Walter Johnson High School - Stadium,17,2628,Bethesda SC,PDA South
U13,North Atlantic,173491,2020-10-03 14:00,36637,3701,Maryland United ECNL GU13,PDA Blue ECNL GU13,1,4,Indian Creek - Field 1,7,2357,No Club Selection,PDA Blue (North)
U13,North Atlantic,173495,2020-10-04 10:30,45827,3701,Pipeline SC ECNL GU13,PDA Blue ECNL GU13,0,2,Mercy High School - Field 1,3405,2357,Pipeline SC,PDA Blue (North)
U13,North Atlantic,173498,2020-10-17 11:30,44737,46815,Penn Fusion ECNL GU13,Bethesda SC ECNL GU13,2,1,Penn Fusion Kildare's Turf - Stadium,79,17,Penn Fusion Soccer Academy,Bethesda SC
U13,North Atlantic,173497,2020-10-17 12:00,3701,1815,PDA Blue ECNL GU13,PDA South ECNL GU13,5,0,PDA Main Complex - Field 3,2357,2628,PDA Blue (North),PDA South
U13,North Atlantic,173496,2020-10-17 14:00,34505,26917,Match Fit Academy ECNL GU13,FC Bucks ECNL GU13,0,1,Morris Catholic High School - Field 2 Lower,64,46,Match Fit Surf,HEX FC
U13,North Atlantic,173499,2020-10-18 10:00,34505,1815,Match Fit Academy ECNL GU13,PDA South ECNL GU13,2,0,Morris Catholic High School - Field 2 Lower,64,2628,Match Fit Surf,PDA South
U13,North Atlantic,173500,2020-10-18 14:00,3701,26917,PDA Blue ECNL GU13,FC Bucks ECNL GU13,2,0,Morningside Farm - Field 11,2357,46,PDA Blue (North),HEX FC
U13,North Atlantic,173486,2020-10-18 14:45,44737,36637,Penn Fusion ECNL GU13,Maryland United ECNL GU13,4,0,Penn Fusion Kildare's Turf - Stadium,79,7,Penn Fusion Soccer Academy,No Club Selection
U13,North Atlantic,173501,2020-10-18 15:00,36383,46815,FC Delco ECNL GU13,Bethesda SC ECNL GU13,1,0,Proving Grounds - 1,598,17,FC DELCO,Bethesda SC
U13,North Atlantic,173503,2020-10-24 09:30,36383,34505,FC Delco ECNL GU13,Match Fit Academy ECNL GU13,0,1,Proving Grounds - 2,598,64,FC DELCO,Match Fit Surf
U13,North Atlantic,173502,2020-10-24 10:30,44737,3701,Penn Fusion ECNL GU13,PDA Blue ECNL GU13,2,4,USTC - Zach Steffen Field,79,2357,Penn Fusion Soccer Academy,PDA Blue (North)
U13,North Atlantic,173505,2020-10-25 09:30,36383,3701,FC Delco ECNL GU13,PDA Blue ECNL GU13,1,5,Proving Grounds - 2,598,2357,FC DELCO,PDA Blue (North)
U13,North Atlantic,173504,2020-10-25 10:30,44737,34505,Penn Fusion ECNL GU13,Match Fit Academy ECNL GU13,1,0,USTC - Zach Steffen Field,79,64,Penn Fusion Soccer Academy,Match Fit Surf
U13,North Atlantic,173506,2020-10-25 12:00,45827,46815,Pipeline SC ECNL GU13,Bethesda SC ECNL GU13,3,0,Mercy High School - Field 1,3405,17,Pipeline SC,Bethesda SC
U13,North Atlantic,173507,2020-10-31 12:00,36637,26917,Maryland United ECNL GU13,FC Bucks ECNL GU13,1,0,Indian Creek - Field 1,7,46,No Club Selection,HEX FC
U13,North Atlantic,173510,2020-11-01 10:00,45827,26917,Pipeline SC ECNL GU13,FC Bucks ECNL GU13,3,2,Mercy High School - Field 1,3405,46,Pipeline SC,HEX FC
U13,North Atlantic,173538,2021-02-27 11:15,44737,36383,Penn Fusion ECNL GU13,FC Delco ECNL GU13,3,0,Penn Fusion Kildare's Turf - Stadium,79,598,Penn Fusion Soccer Academy,FC DELCO
U13,North Atlantic,173484,2021-02-28 10:00,36383,36637,FC Delco ECNL GU13,Maryland United ECNL GU13,0,2,Delaware Sports Turf Complex - Field 2,598,7,FC DELCO,No Club Selection
U13,North Atlantic,173526,2021-03-14 11:15,44737,26917,Penn Fusion ECNL GU13,FC Bucks ECNL GU13,2,0,Penn Fusion Kildare's Turf - Stadium,79,46,Penn Fusion Soccer Academy,HEX FC
U13,North Atlantic,173512,2021-03-14 13:30,1815,34505,PDA South ECNL GU13,Match Fit Academy ECNL GU13,0,2,Westampton Sports Complex - Field 2,2628,64,PDA South,Match Fit Surf
U13,North Atlantic,173514,2021-03-20 10:00,45827,44737,Pipeline SC ECNL GU13,Penn Fusion ECNL GU13,0,1,Mercy High School - Field 1,3405,79,Pipeline SC,Penn Fusion Soccer Academy
U13,North Atlantic,173513,2021-03-20 12:30,26917,3701,FC Bucks ECNL GU13,PDA Blue ECNL GU13,1,2,Bryn Athyn College - Turf,46,2357,HEX FC,PDA Blue (North)
U13,North Atlantic,173518,2021-03-21 10:00,45827,36383,Pipeline SC ECNL GU13,FC Delco ECNL GU13,2,1,Mercy High School - Field 1,3405,598,Pipeline SC,FC DELCO
U13,North Atlantic,173516,2021-03-21 12:00,1815,3701,PDA South ECNL GU13,PDA Blue ECNL GU13,0,4,Westampton Sports Complex - Field 2,2628,2357,PDA South,PDA Blue (North)
U13,North Atlantic,173475,2021-03-27 08:30,46815,3701,Bethesda SC ECNL GU13,PDA Blue ECNL GU13,0,6,Walter Johnson High School - Stadium,17,2357,Bethesda SC,PDA Blue (North)
U13,North Atlantic,173531,2021-04-10 16:45,34505,44737,Match Fit Academy ECNL GU13,Penn Fusion ECNL GU13,2,2,Morris Catholic High School - Field 2 Lower,64,79,Match Fit Surf,Penn Fusion Soccer Academy
U13,North Atlantic,173528,2021-04-11 10:00,34505,36383,Match Fit Academy ECNL GU13,FC Delco ECNL GU13,4,1,Morris Catholic High School - Field 2 Lower,64,598,Match Fit Surf,FC DELCO
U13,North Atlantic,173490,2021-04-11 13:30,46815,36637,Bethesda SC ECNL GU13,Maryland United ECNL GU13,1,3,Walter Johnson High School - Stadium,17,7,Bethesda SC,No Club Selection
U13,North Atlantic,173521,2021-04-17 12:30,34505,45827,Match Fit Academy ECNL GU13,Pipeline SC ECNL GU13,2,0,Morris Catholic High School - Field 1 Upper,64,3405,Match Fit Surf,Pipeline SC
U13,North Atlantic,173523,2021-04-17 13:30,36383,26917,FC Delco ECNL GU13,FC Bucks ECNL GU13,0,3,Proving Grounds - 2,598,46,FC DELCO,HEX FC
U13,North Atlantic,173520,2021-04-17 14:00,3701,36637,PDA Blue ECNL GU13,Maryland United ECNL GU13,3,0,PDA Main Complex - Field 5,2357,7,PDA Blue (North),No Club Selection
U13,North Atlantic,173522,2021-04-17 14:30,44737,1815,Penn Fusion ECNL GU13,PDA South ECNL GU13,1,0,USTC - Field 3,79,2628,Penn Fusion Soccer Academy,PDA South
U13,North Atlantic,173527,2021-04-18 08:00,36383,1815,FC Delco ECNL GU13,PDA South ECNL GU13,0,0,Proving Grounds - 1,598,2628,FC DELCO,PDA South
U13,North Atlantic,173524,2021-04-18 10:00,3701,45827,PDA Blue ECNL GU13,Pipeline SC ECNL GU13,0,1,Morningside Farm - Field 3,2357,3405,PDA Blue (North),Pipeline SC
U13,North Atlantic,173525,2021-04-18 11:00,34505,36637,Match Fit Academy ECNL GU13,Maryland United ECNL GU13,2,2,Morris Catholic High School - Field 2 Lower,64,7,Match Fit Surf,No Club Selection
U13,North Atlantic,173530,2021-04-24 15:30,46815,26917,Bethesda SC ECNL GU13,FC Bucks ECNL GU13,3,1,Wootton High School - Stadium,17,46,Bethesda SC,HEX FC
U13,North Atlantic,173532,2021-04-25 11:30,3701,36383,PDA Blue ECNL GU13,FC Delco ECNL GU13,7,0,Morningside Farm - Field 11,2357,598,PDA Blue (North),FC DELCO
U13,North Atlantic,173494,2021-04-25 16:30,36637,34505,Maryland United ECNL GU13,Match Fit Academy ECNL GU13,0,2,Indian Creek - Field 2,7,64,No Club Selection,Match Fit Surf
U13,North Atlantic,173529,2021-05-01 09:00,44737,3701,Penn Fusion ECNL GU13,PDA Blue ECNL GU13,0,3,USTC - Field 3,79,2357,Penn Fusion Soccer Academy,PDA Blue (North)
U13,North Atlantic,173534,2021-05-01 10:30,1815,36637,PDA South ECNL GU13,Maryland United ECNL GU13,0,1,Westampton Sports Complex - Field 2,2628,7,PDA South,No Club Selection
U13,North Atlantic,173533,2021-05-02 10:30,1815,46815,PDA South ECNL GU13,Bethesda SC ECNL GU13,2,1,Westampton Sports Complex - Field 2,2628,17,PDA South,Bethesda SC
U13,North Atlantic,173536,2021-05-02 12:30,26917,36637,FC Bucks ECNL GU13,Maryland United ECNL GU13,0,0,Academy of the New Church (ANC) - Turf,46,7,HEX FC,No Club Selection
U13,North Atlantic,173540,2021-05-15 09:00,36637,45827,Maryland United ECNL GU13,Pipeline SC ECNL GU13,0,2,Allen Pond Park - Murtaugh 1,7,3405,No Club Selection,Pipeline SC
U13,North Atlantic,173539,2021-05-15 12:45,26917,1815,FC Bucks ECNL GU13,PDA South ECNL GU13,2,0,Council Rock North High School - Turf Field,46,2628,HEX FC,PDA South
U13,North Atlantic,173519,2021-05-15 16:00,46815,44737,Bethesda SC ECNL GU13,Penn Fusion ECNL GU13,0,1,Walter Johnson High School - Stadium,17,79,Bethesda SC,Penn Fusion Soccer Academy
U13,North Atlantic,173479,2021-05-16 09:00,46815,34505,Bethesda SC ECNL GU13,Match Fit Academy ECNL GU13,1,2,Wootton High School - Stadium,17,64,Bethesda SC,Match Fit Surf
U13,North Atlantic,173508,2021-05-16 13:30,1815,45827,PDA South ECNL GU13,Pipeline SC ECNL GU13,2,1,Westampton Sports Complex - Field 2,2628,3405,PDA South,Pipeline SC
U13,North Atlantic,173543,2021-05-17 14:30,1815,45827,PDA South ECNL GU13,Pipeline SC ECNL GU13,0,3,Westampton Sports Complex - Field 2,2628,3405,PDA South,Pipeline SC
U13,North Atlantic,173511,2021-05-19 18:15,36637,46815,Maryland United ECNL GU13,Bethesda SC ECNL GU13,1,0,Maryland Soccerplex - Field,7,17,No Club Selection,Bethesda SC
U13,North Atlantic,173542,2021-05-22 17:45,36637,44737,Maryland United ECNL GU13,Penn Fusion ECNL GU13,0,2,Indian Creek - Field 2,7,79,No Club Selection,Penn Fusion Soccer Academy
U13,North Atlantic,173545,2021-05-23 09:00,26917,45827,FC Bucks ECNL GU13,Pipeline SC ECNL GU13,1,3,Council Rock North High School - Turf Field,46,3405,HEX FC,Pipeline SC
U13,North Atlantic,173544,2021-05-23 13:45,34505,46815,Match Fit Academy ECNL GU13,Bethesda SC ECNL GU13,1,0,Morris Catholic High School - Field 2 Lower,64,17,Match Fit Surf,Bethesda SC
U13,North Atlantic,173537,2021-05-30 09:00,34505,3701,Match Fit Academy ECNL GU13,PDA Blue ECNL GU13,,,Morris Catholic High School - Field 1 Upper,64,2357,Match Fit Surf,PDA Blue (North)
U13,North Atlantic,173541,2021-06-05 12:00,3701,46815,PDA Blue ECNL GU13,Bethesda SC ECNL GU13,6,1,PDA Main Complex - Field 7,2357,17,PDA Blue (North),Bethesda SC
U13,North Atlantic,173546,2021-06-05 16:00,36637,36383,Maryland United ECNL GU13,FC Delco ECNL GU13,2,0,Indian Creek - Field 2,7,598,No Club Selection,FC DELCO
U13,North Atlantic,173517,2021-06-06 10:45,26917,34505,FC Bucks ECNL GU13,Match Fit Academy ECNL GU13,2,1,Council Rock North High School - Turf Field,46,64,HEX FC,Match Fit Surf
U13,North Atlantic,173509,2021-06-12 16:00,36637,1815,Maryland United ECNL GU13,PDA South ECNL GU13,4,3,Indian Creek - Field 2,7,2628,No Club Selection,PDA South
U13,North Atlantic,173535,2021-06-12 16:00,46815,45827,Bethesda SC ECNL GU13,Pipeline SC ECNL GU13,0,3,Walter Johnson High School - Stadium,17,3405,Bethesda SC,Pipeline SC
U13,North Atlantic,173515,2021-06-13 11:45,46815,36383,Bethesda SC ECNL GU13,FC Delco ECNL GU13,1,1,Walter Johnson High School - Stadium,17,598,Bethesda SC,FC DELCO
U13,Northern Cal,207469,2021-04-17 09:00,4653,39255,Mustang SC ECNL GU13,Pleasanton Rage ECNL GU13,2,1,Provident Field @ MSC - Lower,69,80,Mustang Soccer,Pleasanton Rage
U13,Northern Cal,207419,2021-04-17 13:00,30872,45841,MVLA ECNL GU13,DeAnza Force ECNL GU13,0,0,Crittenden - Field 1,294,2510,MVLA,Force
U13,Northern Cal,207422,2021-04-17 16:00,39517,39258,Marin FC ECNL GU13,Santa Rosa United ECNL GU13,0,5,Trione Fields - Trione West,1585,91,Marin FC,Santa Rosa United Soccer
U13,Northern Cal,207460,2021-04-24 08:30,39255,45841,Pleasanton Rage ECNL GU13,DeAnza Force ECNL GU13,2,2,Val Vista - Field 2,80,2510,Pleasanton Rage,Force
U13,Northern Cal,207420,2021-04-24 14:00,39186,39174,Davis Legacy ECNL GU13,San Juan SC ECNL GU13,0,4,Davis Legacy Soccer Complex - Field 10,7,7,No Club Selection,No Club Selection
U13,Northern Cal,207435,2021-05-01 09:00,39174,30872,San Juan SC ECNL GU13,MVLA ECNL GU13,3,0,San Juan Soccer Complex - Tiemann Law Firm White Field,7,294,No Club Selection,MVLA
U13,Northern Cal,207437,2021-05-01 10:00,39258,39255,Santa Rosa United ECNL GU13,Pleasanton Rage ECNL GU13,0,1,Trione Fields - Trione East,91,80,Santa Rosa United Soccer,Pleasanton Rage
U13,Northern Cal,207472,2021-05-01 14:00,45841,39186,DeAnza Force ECNL GU13,Davis Legacy ECNL GU13,2,1,Morgan Hill Outdoor Sports Center - Field B,2510,7,Force,No Club Selection
U13,Northern Cal,207441,2021-05-01 15:30,39517,4653,Marin FC ECNL GU13,Mustang SC ECNL GU13,0,8,Redwood High School - Ghilotti,1585,69,Marin FC,Mustang Soccer
U13,Northern Cal,207447,2021-05-08 09:00,30872,39186,MVLA ECNL GU13,Davis Legacy ECNL GU13,1,0,Crittenden - Field 1,294,7,MVLA,No Club Selection
U13,Northern Cal,207427,2021-05-08 10:00,39258,4653,Santa Rosa United ECNL GU13,Mustang SC ECNL GU13,0,5,Trione Fields - Trione East,91,69,Santa Rosa United Soccer,Mustang Soccer
U13,Northern Cal,207429,2021-05-08 13:00,39255,39517,Pleasanton Rage ECNL GU13,Marin FC ECNL GU13,4,0,Val Vista - Field 2,80,1585,Pleasanton Rage,Marin FC
U13,Northern Cal,207425,2021-05-08 15:00,45841,39174,DeAnza Force ECNL GU13,San Juan SC ECNL GU13,0,2,Morgan Hill Outdoor Sports Center - Field 1 (Football),2510,7,Force,No Club Selection
U13,Northern Cal,207424,2021-05-15 08:45,39517,39186,Marin FC ECNL GU13,Davis Legacy ECNL GU13,0,7,College of Marin - Stadium,1585,7,Marin FC,No Club Selection
U13,Northern Cal,207473,2021-05-15 09:00,39174,39255,San Juan SC ECNL GU13,Pleasanton Rage ECNL GU13,8,0,San Juan Soccer Complex - Tiemann Law Firm White Field,7,80,No Club Selection,Pleasanton Rage
U13,Northern Cal,207442,2021-05-15 17:00,30872,39258,MVLA ECNL GU13,Santa Rosa United ECNL GU13,8,0,Crittenden - Field 1,294,91,MVLA,Santa Rosa United Soccer
U13,Northern Cal,207430,2021-05-22 09:00,39174,39258,San Juan SC ECNL GU13,Santa Rosa United ECNL GU13,10,1,San Juan Soccer Complex - Tiemann Law Firm White Field,7,91,No Club Selection,Santa Rosa United Soccer
U13,Northern Cal,207451,2021-05-22 09:00,39255,30872,Pleasanton Rage ECNL GU13,MVLA ECNL GU13,0,6,Val Vista - Field 2,80,294,Pleasanton Rage,MVLA
U13,Northern Cal,207438,2021-05-22 10:00,45841,39517,DeAnza Force ECNL GU13,Marin FC ECNL GU13,7,0,Morgan Hill Outdoor Sports Center - Field 2 (Soccer),2510,1585,Force,Marin FC
U13,Northern Cal,207458,2021-05-23 09:00,30872,39517,MVLA ECNL GU13,Marin FC ECNL GU13,7,0,Crittenden - Field 1,294,1585,MVLA,Marin FC
U13,Northern Cal,207443,2021-05-23 14:00,39258,39186,Santa Rosa United ECNL GU13,Davis Legacy ECNL GU13,0,4,Davis Legacy Soccer Complex - Field 10,91,7,Santa Rosa United Soccer,No Club Selection
U13,Northern Cal,207459,2021-06-02 17:30,4653,30872,Mustang SC ECNL GU13,MVLA ECNL GU13,1,1,Provident Field @ MSC - Lower,69,294,Mustang Soccer,MVLA
U13,Northern Cal,207465,2021-06-03 16:00,39186,4653,Davis Legacy ECNL GU13,Mustang SC ECNL GU13,0,4,Davis Legacy Soccer Complex - Field 3,7,69,No Club Selection,Mustang Soccer
U13,Northern Cal,207432,2021-06-03 18:00,39258,45841,Santa Rosa United ECNL GU13,DeAnza Force ECNL GU13,2,4,Trione Fields - Trione West,91,2510,Santa Rosa United Soccer,Force
U13,Northern Cal,207456,2021-06-05 11:00,4653,39174,Mustang SC ECNL GU13,San Juan SC ECNL GU13,1,6,Provident Field @ MSC - Lower,69,7,Mustang Soccer,No Club Selection
U13,Northern Cal,207446,2021-06-06 09:00,39174,39517,San Juan SC ECNL GU13,Marin FC ECNL GU13,8,0,San Juan Soccer Complex - Tiemann Law Firm White Field,7,1585,No Club Selection,Marin FC
U13,Northern Cal,207433,2021-06-12 09:00,39186,39255,Davis Legacy ECNL GU13,Pleasanton Rage ECNL GU13,2,1,Davis Legacy Soccer Complex - Field 9,7,80,No Club Selection,Pleasanton Rage
U13,Northern Cal,207423,2021-06-13 15:00,4653,45841,Mustang SC ECNL GU13,DeAnza Force ECNL GU13,0,0,Provident Field @ MSC - Upper,69,2510,Mustang Soccer,Force
U13,Northwest,207912,2020-11-07 14:30,32701,45859,Crossfire United ECNL GU13,Portland Thorns Academy ECNL GU13,2,2,Mountain View Champions Park - Field 3,737,3406,Oregon Surf SC,Portland Thorns FC
U13,Northwest,207949,2020-11-14 09:30,45859,50300,Portland Thorns Academy ECNL GU13,FC Portland ECNL GU13,6,0,Mt View Champions Park - Field 2,3406,603,Portland Thorns FC,FC Portland Academy
U13,Northwest,207902,2020-11-21 09:30,50300,45859,FC Portland ECNL GU13,Portland Thorns Academy ECNL GU13,1,3,Mountain View Champions Park - Field 2,603,3406,FC Portland Academy,Portland Thorns FC
U13,Northwest,207950,2020-12-05 14:30,32701,50300,Crossfire United ECNL GU13,FC Portland ECNL GU13,3,7,Mountain View Champions Park - Field 3,737,603,Oregon Surf SC,FC Portland Academy
U13,Northwest,207918,2020-12-06 14:30,50300,32701,FC Portland ECNL GU13,Crossfire United ECNL GU13,0,2,Liberty High School - Stadium Field,603,737,FC Portland Academy,Oregon Surf SC
U13,Northwest,207945,2020-12-13 14:30,45859,32701,Portland Thorns Academy ECNL GU13,Crossfire United ECNL GU13,1,3,Mt View Champions Park - Field 2,3406,737,Portland Thorns FC,Oregon Surf SC
U13,Northwest,207923,2021-02-06 09:00,39098,46753,Washington Premier ECNL GU13,Eastside FC ECNL GU13,4,1,WPFC Field Complex - Field 3,112,398,Washington Premier FC,Eastside FC (WA)
U13,Northwest,207959,2021-02-06 11:00,46755,39162,Pacific Northwest SC ECNL GU13,Seattle United ECNL GU13,0,2,Starfire Sports - Field 1,2331,1643,PacNW,Seattle United
U13,Northwest,207910,2021-02-20 09:00,39162,21818,Seattle United ECNL GU13,Crossfire Premier ECNL GU13,0,4,Shoreline A/B fields - Field A,1643,7,Seattle United,No Club Selection
U13,Northwest,207919,2021-02-21 13:00,46755,46753,Pacific Northwest SC ECNL GU13,Eastside FC ECNL GU13,0,4,Starfire Sports - Field 4,2331,398,PacNW,Eastside FC (WA)
U13,Northwest,207938,2021-02-28 09:00,21818,46755,Crossfire Premier ECNL GU13,Pacific Northwest SC ECNL GU13,10,0,Marymoor Park - #2 (Turf),7,2331,No Club Selection,PacNW
U13,Northwest,207943,2021-02-28 09:00,46753,39162,Eastside FC ECNL GU13,Seattle United ECNL GU13,3,1,PRESTON PARK ATHLETIC FIELDS - Field 1,398,1643,Eastside FC (WA),Seattle United
U13,Northwest,207917,2021-03-06 13:00,46753,39098,Eastside FC ECNL GU13,Washington Premier ECNL GU13,0,1,PRESTON PARK ATHLETIC FIELDS - Field 1,398,112,Eastside FC (WA),Washington Premier FC
U13,Northwest,207947,2021-03-07 09:00,39162,46755,Seattle United ECNL GU13,Pacific Northwest SC ECNL GU13,1,0,Shoreline A/B fields - Field B,1643,2331,Seattle United,PacNW
U13,Northwest,207899,2021-03-13 15:00,39098,39162,Washington Premier ECNL GU13,Seattle United ECNL GU13,1,0,WPFC Field Complex - Field 4,112,1643,Washington Premier FC,Seattle United
U13,Northwest,207942,2021-03-14 13:00,46755,21818,Pacific Northwest SC ECNL GU13,Crossfire Premier ECNL GU13,0,6,Starfire Sports - Field 4,2331,7,PacNW,No Club Selection
U13,Northwest,207956,2021-03-21 11:00,21818,39162,Crossfire Premier ECNL GU13,Seattle United ECNL GU13,8,0,Marymoor Park - #3 (Turf),7,1643,No Club Selection,Seattle United
U13,Northwest,207911,2021-03-21 13:00,46753,46755,Eastside FC ECNL GU13,Pacific Northwest SC ECNL GU13,4,0,PRESTON PARK ATHLETIC FIELDS - Field 1,398,2331,Eastside FC (WA),PacNW
U13,Northwest,207937,2021-03-27 14:30,39162,39098,Seattle United ECNL GU13,Washington Premier ECNL GU13,1,4,Ingraham High School - North,1643,112,Seattle United,Washington Premier FC
U13,Northwest,207940,2021-03-27 17:00,21818,46753,Crossfire Premier ECNL GU13,Eastside FC ECNL GU13,4,0,Marymoor Park - #3 (Turf),7,398,No Club Selection,Eastside FC (WA)
U13,Northwest,207960,2021-04-17 15:30,39162,46753,Seattle United ECNL GU13,Eastside FC ECNL GU13,1,2,Ballard High School - Field 1,1643,398,Seattle United,Eastside FC (WA)
U13,Northwest,207958,2021-04-18 09:00,39098,21818,Washington Premier ECNL GU13,Crossfire Premier ECNL GU13,0,2,WPFC Field Complex - Field 4,112,7,Washington Premier FC,No Club Selection
U13,Northwest,207921,2021-04-24 09:00,21818,45859,Crossfire Premier ECNL GU13,Portland Thorns Academy ECNL GU13,6,1,Marymoor Park - #2 (Turf),7,3406,No Club Selection,Portland Thorns FC
U13,Northwest,207922,2021-04-24 12:30,39162,46756,Seattle United ECNL GU13,Boise Thorns FC ECNL GU13,2,2,Ingraham High School - North,1643,51,Seattle United,Boise Timbers | Thorns
U13,Northwest,207925,2021-04-25 09:00,21818,46756,Crossfire Premier ECNL GU13,Boise Thorns FC ECNL GU13,2,0,Marymoor Park - #2 (Turf),7,51,No Club Selection,Boise Timbers | Thorns
U13,Northwest,207924,2021-04-25 09:30,39162,45859,Seattle United ECNL GU13,Portland Thorns Academy ECNL GU13,1,2,Jane Addams - North/South,1643,3406,Seattle United,Portland Thorns FC
U13,Northwest,207930,2021-04-25 13:00,39098,46755,Washington Premier ECNL GU13,Pacific Northwest SC ECNL GU13,3,0,WPFC Field Complex - Field 3,112,2331,Washington Premier FC,PacNW
U13,Northwest,233511,2021-05-01 09:00,32701,45859,Crossfire United ECNL GU13,Portland Thorns Academy ECNL GU13,1,1,Mountain View Champions Park - Field 3,737,3406,Oregon Surf SC,Portland Thorns FC
U13,Northwest,207970,2021-05-01 11:30,50300,46756,FC Portland ECNL GU13,Boise Thorns FC ECNL GU13,0,3,Liberty High School - Stadium Field,603,51,FC Portland Academy,Boise Timbers | Thorns
U13,Northwest,207946,2021-05-01 14:00,46753,21818,Eastside FC ECNL GU13,Crossfire Premier ECNL GU13,0,1,PRESTON PARK ATHLETIC FIELDS - Field 2,398,7,Eastside FC (WA),No Club Selection
U13,Northwest,207968,2021-05-02 09:00,32701,46756,Crossfire United ECNL GU13,Boise Thorns FC ECNL GU13,1,2,Tigard High School - 1,737,51,Oregon Surf SC,Boise Timbers | Thorns
U13,Northwest,233518,2021-05-02 09:30,45859,46758,Portland Thorns Academy ECNL GU13,FC Portland ECNL GU13,1,0,Mt View Champions Park - Field 2,3406,603,Portland Thorns FC,FC Portland Academy
U13,Northwest,207932,2021-05-08 11:00,21818,32701,Crossfire Premier ECNL GU13,Crossfire United ECNL GU13,4,0,Marymoor Park - #1 (Turf),7,737,No Club Selection,Oregon Surf SC
U13,Northwest,207933,2021-05-08 11:00,39162,50300,Seattle United ECNL GU13,FC Portland ECNL GU13,5,0,Shoreline A/B fields - Field A,1643,603,Seattle United,FC Portland Academy
U13,Northwest,207907,2021-05-08 12:00,46753,45859,Eastside FC ECNL GU13,Portland Thorns Academy ECNL GU13,1,0,PRESTON PARK ATHLETIC FIELDS - Field 1,398,3406,Eastside FC (WA),Portland Thorns FC
U13,Northwest,232616,2021-05-08 13:00,46755,39098,Pacific Northwest SC ECNL GU13,Washington Premier ECNL GU13,0,5,Starfire Sports - Field 3,2331,112,PacNW,Washington Premier FC
U13,Northwest,207935,2021-05-09 09:00,21818,50300,Crossfire Premier ECNL GU13,FC Portland ECNL GU13,9,0,Marymoor Park - #1 (Turf),7,603,No Club Selection,FC Portland Academy
U13,Northwest,207934,2021-05-09 09:30,39162,32701,Seattle United ECNL GU13,Crossfire United ECNL GU13,3,1,Nathan Hale High School - Stadium,1643,737,Seattle United,Oregon Surf SC
U13,Northwest,207961,2021-05-15 09:00,50300,39098,FC Portland ECNL GU13,Washington Premier ECNL GU13,0,7,Liberty High School - Clive Charles Field,603,112,FC Portland Academy,Washington Premier FC
U13,Northwest,207963,2021-05-15 09:00,46756,45859,Boise Thorns FC ECNL GU13,Portland Thorns Academy ECNL GU13,0,3,Boise Timbers|Thorns - Soccer Complex - Field 2,51,3406,Boise Timbers | Thorns,Portland Thorns FC
U13,Northwest,207962,2021-05-15 12:00,32701,46755,Crossfire United ECNL GU13,Pacific Northwest SC ECNL GU13,5,1,PCC Rock Creek - Field 1,737,2331,Oregon Surf SC,PacNW
U13,Northwest,207965,2021-05-16 09:00,50300,46755,FC Portland ECNL GU13,Pacific Northwest SC ECNL GU13,1,2,Liberty High School - Stadium Field,603,2331,FC Portland Academy,PacNW
U13,Northwest,207964,2021-05-16 09:30,32701,39098,Crossfire United ECNL GU13,Washington Premier ECNL GU13,0,5,PCC Rock Creek - Field 1,737,112,Oregon Surf SC,Washington Premier FC
U13,Northwest,207969,2021-05-22 12:00,32701,46753,Crossfire United ECNL GU13,Eastside FC ECNL GU13,2,2,PCC Rock Creek - Field 1,737,398,Oregon Surf SC,Eastside FC (WA)
U13,Northwest,207936,2021-05-22 13:30,21818,39098,Crossfire Premier ECNL GU13,Washington Premier ECNL GU13,3,2,Grass Lawn Park - Field 1,7,112,No Club Selection,Washington Premier FC
U13,Northwest,207967,2021-05-23 09:00,50300,46753,FC Portland ECNL GU13,Eastside FC ECNL GU13,0,2,Liberty High School - Stadium Field,603,398,FC Portland Academy,Eastside FC (WA)
U13,Northwest,233524,2021-05-25 18:00,46758,32701,FC Portland ECNL GU13,Crossfire United ECNL GU13,,,Liberty High School - Stadium Field,603,737,FC Portland Academy,Oregon Surf SC
U13,Northwest,207951,2021-06-05 09:00,46756,39098,Boise Thorns FC ECNL GU13,Washington Premier ECNL GU13,0,7,Buckman Sports Complex (Soccer) - Field 1,51,112,Boise Timbers | Thorns,Washington Premier FC
U13,Northwest,207952,2021-06-05 11:00,45859,46755,Portland Thorns Academy ECNL GU13,Pacific Northwest SC ECNL GU13,1,2,Tualatin Hills Recreation Center (THPRD) - Field 1,3406,2331,Portland Thorns FC,PacNW
U13,Northwest,207953,2021-06-06 09:00,45859,39098,Portland Thorns Academy ECNL GU13,Washington Premier ECNL GU13,0,0,Tualatin Hills Recreation Center (THPRD) - Field 1,3406,112,Portland Thorns FC,Washington Premier FC
U13,Northwest,207954,2021-06-06 09:00,46756,46755,Boise Thorns FC ECNL GU13,Pacific Northwest SC ECNL GU13,1,0,Buckman Sports Complex (Football) - Field 1,51,2331,Boise Timbers | Thorns,PacNW
U13,Northwest,207900,2021-06-13 14:00,46756,46753,Boise Thorns FC ECNL GU13,Eastside FC ECNL GU13,2,2,Boise Timbers|Thorns - Soccer Complex - Field 2,51,398,Boise Timbers | Thorns,Eastside FC (WA)
U13,Ohio Valley,172431,2020-09-12 12:30,46794,46796,FC Pride Elite ECNL GU13,Indiana Fire ECNL GU13,2,0,Pride Performance Center (Turf) - Field 1,7,436,No Club Selection,Indy Eleven Academy
U13,Ohio Valley,172429,2020-09-12 13:00,46371,46804,FC Alliance ECNL GU13,Tennessee Soccer Club ECNL GU13,1,2,Mayor Bob Leonard Park - Field 1,1693,1354,FC Alliance TN,Tennessee SC
U13,Ohio Valley,172430,2020-09-12 16:00,45893,46798,Racing Louisville Academy ECNL GU13,Ohio Elite Soccer Academy ECNL GU13,2,1,Elizabethtown Sports Park - Field 5,3408,75,Racing Louisville Academy,Ohio Elite Soccer Academy
U13,Ohio Valley,172498,2020-10-03 08:00,12942,46800,WNY Flash Academy ECNL GU13,Ohio Premier ECNL GU13,1,3,Montour Junction Sports Complex - Field 1,343,437,WNY Flash Academy,Ohio Premier
U13,Ohio Valley,172439,2020-10-03 10:00,46797,46802,Internationals SC ECNL GU13,Pittsburgh Riverhounds ECNL GU13,5,1,Pinnacle Sports - Field 1,58,538,Internationals SC,Pittsburgh Riverhounds
U13,Ohio Valley,172437,2020-10-03 13:00,46798,46796,Ohio Elite Soccer Academy ECNL GU13,Indiana Fire ECNL GU13,1,4,Ohio Elite Training Center - Field 9,75,436,Ohio Elite Soccer Academy,Indy Eleven Academy
U13,Ohio Valley,172436,2020-10-03 15:00,45893,46794,Racing Louisville Academy ECNL GU13,FC Pride Elite ECNL GU13,2,4,Richard Wigh Soccer Complex - Field 3,3408,7,Racing Louisville Academy,No Club Selection
U13,Ohio Valley,172440,2020-10-04 11:00,45893,46796,Racing Louisville Academy ECNL GU13,Indiana Fire ECNL GU13,0,1,Richard Wigh Soccer Complex - Field 3,3408,436,Racing Louisville Academy,Indy Eleven Academy
U13,Ohio Valley,172443,2020-10-04 11:30,46797,12942,Internationals SC ECNL GU13,WNY Flash Academy ECNL GU13,1,2,Pinnacle Sports - Field 1,58,343,Internationals SC,WNY Flash Academy
U13,Ohio Valley,172441,2020-10-04 13:00,46798,46794,Ohio Elite Soccer Academy ECNL GU13,FC Pride Elite ECNL GU13,0,2,Ohio Elite Training Center - Field 9,75,7,Ohio Elite Soccer Academy,No Club Selection
U13,Ohio Valley,172504,2020-10-04 14:30,46802,46800,Pittsburgh Riverhounds ECNL GU13,Ohio Premier ECNL GU13,0,4,Highmark Stadium - Field 1,538,437,Pittsburgh Riverhounds,Ohio Premier
U13,Ohio Valley,172444,2020-10-11 10:00,46797,46800,Internationals SC ECNL GU13,Ohio Premier ECNL GU13,4,4,Pinnacle Sports - Field 1,58,437,Internationals SC,Ohio Premier
U13,Ohio Valley,172445,2020-10-17 09:00,46804,46798,Tennessee Soccer Club ECNL GU13,Ohio Elite Soccer Academy ECNL GU13,7,0,Trinity Park - Field 1,1354,75,Tennessee SC,Ohio Elite Soccer Academy
U13,Ohio Valley,172446,2020-10-17 09:00,46371,45893,FC Alliance ECNL GU13,Racing Louisville Academy ECNL GU13,1,0,Hardin Valley Academy Stadium - Field 1,1693,3408,FC Alliance TN,Racing Louisville Academy
U13,Ohio Valley,172450,2020-10-18 09:00,46804,45893,Tennessee Soccer Club ECNL GU13,Racing Louisville Academy ECNL GU13,2,0,Williamson County Sports Complex - Field 22,1354,3408,Tennessee SC,Racing Louisville Academy
U13,Ohio Valley,172451,2020-10-18 09:00,46371,46798,FC Alliance ECNL GU13,Ohio Elite Soccer Academy ECNL GU13,2,1,Hardin Valley Academy Stadium - Field 1,1693,75,FC Alliance TN,Ohio Elite Soccer Academy
U13,Ohio Valley,172449,2020-10-18 12:00,46802,12942,Pittsburgh Riverhounds ECNL GU13,WNY Flash Academy ECNL GU13,1,4,Highmark Stadium - Field 1,538,343,Pittsburgh Riverhounds,WNY Flash Academy
U13,Ohio Valley,172456,2020-10-25 10:00,46802,46794,Pittsburgh Riverhounds ECNL GU13,FC Pride Elite ECNL GU13,0,5,Highmark Stadium - Field 1,538,7,Pittsburgh Riverhounds,No Club Selection
U13,Ohio Valley,172458,2020-10-31 09:00,46800,46371,Ohio Premier ECNL GU13,FC Alliance ECNL GU13,2,0,OP Training Facility - Field 1,437,1693,Ohio Premier,FC Alliance TN
U13,Ohio Valley,172459,2020-10-31 09:00,46797,46804,Internationals SC ECNL GU13,Tennessee Soccer Club ECNL GU13,2,4,Pinnacle Sports - Field 1,58,1354,Internationals SC,Tennessee SC
U13,Ohio Valley,172460,2020-11-01 09:00,46800,46804,Ohio Premier ECNL GU13,Tennessee Soccer Club ECNL GU13,0,0,OP Training Facility - Field 1,437,1354,Ohio Premier,Tennessee SC
U13,Ohio Valley,172461,2020-11-01 09:00,46797,46371,Internationals SC ECNL GU13,FC Alliance ECNL GU13,3,1,Pinnacle Sports - Field 1,58,1693,Internationals SC,FC Alliance TN
U13,Ohio Valley,172463,2020-11-07 09:00,46798,46802,Ohio Elite Soccer Academy ECNL GU13,Pittsburgh Riverhounds ECNL GU13,2,2,Seven Hills School - Lower Field,75,538,Ohio Elite Soccer Academy,Pittsburgh Riverhounds
U13,Ohio Valley,172481,2020-11-07 13:00,45893,46796,Racing Louisville Academy ECNL GU13,Indiana Fire ECNL GU13,1,0,Lynn Family Sports Vision & Training Facility - Field 1,3408,436,Racing Louisville Academy,Indy Eleven Academy
U13,Ohio Valley,172464,2020-11-08 11:00,45893,46802,Racing Louisville Academy ECNL GU13,Pittsburgh Riverhounds ECNL GU13,0,1,Seven Hills - Upper,3408,538,Racing Louisville Academy,Pittsburgh Riverhounds
U13,Ohio Valley,172469,2020-11-14 09:00,46797,45893,Internationals SC ECNL GU13,Racing Louisville Academy ECNL GU13,4,1,Pinnacle Sports - Field 1,58,3408,Internationals SC,Racing Louisville Academy
U13,Ohio Valley,172468,2020-11-14 11:00,46800,46798,Ohio Premier ECNL GU13,Ohio Elite Soccer Academy ECNL GU13,2,0,OP Training Facility - Field 1,437,75,Ohio Premier,Ohio Elite Soccer Academy
U13,Ohio Valley,172472,2020-11-15 09:00,46800,45893,Ohio Premier ECNL GU13,Racing Louisville Academy ECNL GU13,0,0,OP Training Facility - Field 1,437,3408,Ohio Premier,Racing Louisville Academy
U13,Ohio Valley,172473,2020-11-15 12:00,46797,46798,Internationals SC ECNL GU13,Ohio Elite Soccer Academy ECNL GU13,3,0,Pinnacle Sports - Field 1,58,75,Internationals SC,Ohio Elite Soccer Academy
U13,Ohio Valley,172470,2021-02-27 08:45,46804,46796,Tennessee Soccer Club ECNL GU13,Indiana Fire ECNL GU13,3,0,Richard Siegel Soccer Complex - Field 2,1354,436,Tennessee SC,Indy Eleven Academy
U13,Ohio Valley,172471,2021-02-27 09:00,46371,46794,FC Alliance ECNL GU13,FC Pride Elite ECNL GU13,2,1,Powell High School Stadium - Field 1,1693,7,FC Alliance TN,No Club Selection
U13,Ohio Valley,172467,2021-02-28 09:00,46371,46796,FC Alliance ECNL GU13,Indiana Fire ECNL GU13,2,0,Powell High School Stadium - Field 1,1693,436,FC Alliance TN,Indy Eleven Academy
U13,Ohio Valley,172466,2021-02-28 10:15,46804,46794,Tennessee Soccer Club ECNL GU13,FC Pride Elite ECNL GU13,2,1,Oakland High School - Field 1,1354,7,Tennessee SC,No Club Selection
U13,Ohio Valley,172475,2021-03-06 09:00,46371,46802,FC Alliance ECNL GU13,Pittsburgh Riverhounds ECNL GU13,7,2,Mayor Bob Leonard Park - Field 2,1693,538,FC Alliance TN,Pittsburgh Riverhounds
U13,Ohio Valley,172476,2021-03-06 09:00,46794,45893,FC Pride Elite ECNL GU13,Racing Louisville Academy ECNL GU13,0,0,Pride Performance Center (Turf) - Field 1,7,3408,No Club Selection,Racing Louisville Academy
U13,Ohio Valley,172478,2021-03-06 12:00,46800,46797,Ohio Premier ECNL GU13,Internationals SC ECNL GU13,2,2,OP Training Facility - Field 1,437,58,Ohio Premier,Internationals SC
U13,Ohio Valley,172474,2021-03-06 12:30,46804,12942,Tennessee Soccer Club ECNL GU13,WNY Flash Academy ECNL GU13,7,1,Richard Siegel Soccer Complex - Field 2,1354,343,Tennessee SC,WNY Flash Academy
U13,Ohio Valley,172477,2021-03-06 16:30,46798,46796,Ohio Elite Soccer Academy ECNL GU13,Indiana Fire ECNL GU13,2,2,Seven Hills School - Lower Field,75,436,Ohio Elite Soccer Academy,Indy Eleven Academy
U13,Ohio Valley,172480,2021-03-07 09:00,46371,12942,FC Alliance ECNL GU13,WNY Flash Academy ECNL GU13,1,1,Mayor Bob Leonard Park - Field 2,1693,343,FC Alliance TN,WNY Flash Academy
U13,Ohio Valley,172482,2021-03-07 09:00,46794,46798,FC Pride Elite ECNL GU13,Ohio Elite Soccer Academy ECNL GU13,0,1,Pride Performance Center (Turf) - Field 1,7,75,No Club Selection,Ohio Elite Soccer Academy
U13,Ohio Valley,172479,2021-03-07 10:45,46804,46802,Tennessee Soccer Club ECNL GU13,Pittsburgh Riverhounds ECNL GU13,8,0,Williamson County Sports Complex - Field 22,1354,538,Tennessee SC,Pittsburgh Riverhounds
U13,Ohio Valley,172508,2021-03-13 09:30,46796,46802,Indiana Fire ECNL GU13,Pittsburgh Riverhounds ECNL GU13,5,0,Grand Park - Field 7,436,538,Indy Eleven Academy,Pittsburgh Riverhounds
U13,Ohio Valley,172509,2021-03-13 12:00,46794,12942,FC Pride Elite ECNL GU13,WNY Flash Academy ECNL GU13,0,2,Cardinal Ritter High School - Field 1,7,343,No Club Selection,WNY Flash Academy
U13,Ohio Valley,172487,2021-03-13 14:30,46798,45893,Ohio Elite Soccer Academy ECNL GU13,Racing Louisville Academy ECNL GU13,0,1,Seven Hills School - Upper Field,75,3408,Ohio Elite Soccer Academy,Racing Louisville Academy
U13,Ohio Valley,172513,2021-03-14 09:00,46794,46802,FC Pride Elite ECNL GU13,Pittsburgh Riverhounds ECNL GU13,0,0,Cardinal Ritter High School - Field 1,7,538,No Club Selection,Pittsburgh Riverhounds
U13,Ohio Valley,172512,2021-03-14 09:30,46796,12942,Indiana Fire ECNL GU13,WNY Flash Academy ECNL GU13,1,0,Grand Park - Field 7,436,343,Indy Eleven Academy,WNY Flash Academy
U13,Ohio Valley,172454,2021-03-27 08:30,46802,46796,Pittsburgh Riverhounds ECNL GU13,Indiana Fire ECNL GU13,2,4,Highmark Stadium - Field 1,538,436,Pittsburgh Riverhounds,Indy Eleven Academy
U13,Ohio Valley,172455,2021-03-27 09:00,12942,46794,WNY Flash Academy ECNL GU13,FC Pride Elite ECNL GU13,0,1,Flash Fields - Field B,343,7,WNY Flash Academy,No Club Selection
U13,Ohio Valley,172486,2021-03-27 09:00,46371,46800,FC Alliance ECNL GU13,Ohio Premier ECNL GU13,3,1,Central High School - Field 1,1693,437,FC Alliance TN,Ohio Premier
U13,Ohio Valley,172483,2021-03-28 08:30,46804,46800,Tennessee Soccer Club ECNL GU13,Ohio Premier ECNL GU13,0,0,JP II High School - Field 1,1354,437,Tennessee SC,Ohio Premier
U13,Ohio Valley,172457,2021-03-28 09:00,12942,46796,WNY Flash Academy ECNL GU13,Indiana Fire ECNL GU13,1,0,Flash Fields - Field B,343,436,WNY Flash Academy,Indy Eleven Academy
U13,Ohio Valley,172484,2021-03-28 09:00,46371,46797,FC Alliance ECNL GU13,Internationals SC ECNL GU13,2,1,Powell High School Stadium - Field 1,1693,58,FC Alliance TN,Internationals SC
U13,Ohio Valley,172516,2021-04-02 10:45,12942,46802,WNY Flash Academy ECNL GU13,Pittsburgh Riverhounds ECNL GU13,5,1,Flash Fields - Field B,343,538,WNY Flash Academy,Pittsburgh Riverhounds
U13,Ohio Valley,172485,2021-04-10 15:30,46804,46797,Tennessee Soccer Club ECNL GU13,Internationals SC ECNL GU13,2,0,Riverside Park - Field 1,1354,58,Tennessee SC,Internationals SC
U13,Ohio Valley,172494,2021-04-17 08:45,12942,45893,WNY Flash Academy ECNL GU13,Racing Louisville Academy ECNL GU13,0,1,Flash Fields - Field B,343,3408,WNY Flash Academy,Racing Louisville Academy
U13,Ohio Valley,172488,2021-04-17 09:00,46794,46804,FC Pride Elite ECNL GU13,Tennessee Soccer Club ECNL GU13,0,1,Pride Performance Center (Turf) - Field 1,7,1354,No Club Selection,Tennessee SC
U13,Ohio Valley,172495,2021-04-17 09:00,46802,46798,Pittsburgh Riverhounds ECNL GU13,Ohio Elite Soccer Academy ECNL GU13,1,3,Montour Junction Sports Complex - Field 1,538,75,Pittsburgh Riverhounds,Ohio Elite Soccer Academy
U13,Ohio Valley,172489,2021-04-17 12:00,46796,46371,Indiana Fire ECNL GU13,FC Alliance ECNL GU13,1,5,Grand Park - Field 9,436,1693,Indy Eleven Academy,FC Alliance TN
U13,Ohio Valley,172493,2021-04-18 08:15,46796,46804,Indiana Fire ECNL GU13,Tennessee Soccer Club ECNL GU13,1,6,Marian University - Field 1,436,1354,Indy Eleven Academy,Tennessee SC
U13,Ohio Valley,172490,2021-04-18 08:45,12942,46798,WNY Flash Academy ECNL GU13,Ohio Elite Soccer Academy ECNL GU13,2,1,Flash Fields - Field B,343,75,WNY Flash Academy,Ohio Elite Soccer Academy
U13,Ohio Valley,172491,2021-04-18 09:00,46802,45893,Pittsburgh Riverhounds ECNL GU13,Racing Louisville Academy ECNL GU13,0,1,Highmark Stadium - Field 1,538,3408,Pittsburgh Riverhounds,Racing Louisville Academy
U13,Ohio Valley,172492,2021-04-18 09:00,46794,46371,FC Pride Elite ECNL GU13,FC Alliance ECNL GU13,1,1,Pride Performance Center (Turf) - Field 1,7,1693,No Club Selection,FC Alliance TN
U13,Ohio Valley,172438,2021-04-24 11:00,46800,12942,Ohio Premier ECNL GU13,WNY Flash Academy ECNL GU13,2,0,OP Training Facility - Field 1,437,343,Ohio Premier,WNY Flash Academy
U13,Ohio Valley,172499,2021-04-24 11:00,46802,46797,Pittsburgh Riverhounds ECNL GU13,Internationals SC ECNL GU13,1,8,Montour Junction Sports Complex - Field 2,538,58,Pittsburgh Riverhounds,Internationals SC
U13,Ohio Valley,172497,2021-04-24 13:00,45893,46804,Racing Louisville Academy ECNL GU13,Tennessee Soccer Club ECNL GU13,0,2,Lynn Family Sports Vision & Training Facility - Field 1,3408,1354,Racing Louisville Academy,Tennessee SC
U13,Ohio Valley,172496,2021-04-24 14:30,46798,46371,Ohio Elite Soccer Academy ECNL GU13,FC Alliance ECNL GU13,2,2,Ohio Elite Training Center - Field 9,75,1693,Ohio Elite Soccer Academy,FC Alliance TN
U13,Ohio Valley,172442,2021-04-25 09:00,46800,46802,Ohio Premier ECNL GU13,Pittsburgh Riverhounds ECNL GU13,5,2,OP Training Facility - Field 1,437,538,Ohio Premier,Pittsburgh Riverhounds
U13,Ohio Valley,172501,2021-04-25 09:00,46798,46804,Ohio Elite Soccer Academy ECNL GU13,Tennessee Soccer Club ECNL GU13,2,4,Ohio Elite Training Center - Field 9,75,1354,Ohio Elite Soccer Academy,Tennessee SC
U13,Ohio Valley,172502,2021-04-25 09:00,45893,46371,Racing Louisville Academy ECNL GU13,FC Alliance ECNL GU13,0,0,Lynn Family Sports Vision & Training Facility - Field 1,3408,1693,Racing Louisville Academy,FC Alliance TN
U13,Ohio Valley,172503,2021-04-25 09:00,46797,12942,Internationals SC ECNL GU13,WNY Flash Academy ECNL GU13,1,1,Pinnacle Sports - Field 1,58,343,Internationals SC,WNY Flash Academy
U13,Ohio Valley,172462,2021-05-01 09:00,45893,12942,Racing Louisville Academy ECNL GU13,WNY Flash Academy ECNL GU13,0,1,Lynn Family Sports Vision & Training Facility - Field 3,3408,343,Racing Louisville Academy,WNY Flash Academy
U13,Ohio Valley,172448,2021-05-01 10:00,46794,46800,FC Pride Elite ECNL GU13,Ohio Premier ECNL GU13,0,1,Lawrence Soccer Complex - Field #1,7,437,No Club Selection,Ohio Premier
U13,Ohio Valley,172447,2021-05-01 11:00,46796,46797,Indiana Fire ECNL GU13,Internationals SC ECNL GU13,1,4,Grand Park - Field 31,436,58,Indy Eleven Academy,Internationals SC
U13,Ohio Valley,172465,2021-05-02 09:00,46798,12942,Ohio Elite Soccer Academy ECNL GU13,WNY Flash Academy ECNL GU13,0,1,Warren County Sports Park - Field 17,75,343,Ohio Elite Soccer Academy,WNY Flash Academy
U13,Ohio Valley,172452,2021-05-02 10:00,46796,46800,Indiana Fire ECNL GU13,Ohio Premier ECNL GU13,1,4,Grand Park - Field 31,436,437,Indy Eleven Academy,Ohio Premier
U13,Ohio Valley,172453,2021-05-02 10:00,46794,46797,FC Pride Elite ECNL GU13,Internationals SC ECNL GU13,0,3,Lawrence Soccer Complex - Field #1,7,58,No Club Selection,Internationals SC
U13,Ohio Valley,172500,2021-05-13 17:45,46796,46794,Indiana Fire ECNL GU13,FC Pride Elite ECNL GU13,1,2,Grand Park - Field 1,436,7,Indy Eleven Academy,No Club Selection
U13,Ohio Valley,172433,2021-05-15 08:00,12942,46371,WNY Flash Academy ECNL GU13,FC Alliance ECNL GU13,1,4,Flash Fields - Field B,343,1693,WNY Flash Academy,FC Alliance TN
U13,Ohio Valley,172432,2021-05-15 11:45,46802,46804,Pittsburgh Riverhounds ECNL GU13,Tennessee Soccer Club ECNL GU13,1,11,Montour Junction Sports Complex - Field 2,538,1354,Pittsburgh Riverhounds,Tennessee SC
U13,Ohio Valley,172506,2021-05-15 12:00,46798,46797,Ohio Elite Soccer Academy ECNL GU13,Internationals SC ECNL GU13,1,3,Ohio Elite Training Center - Field 9,75,58,Ohio Elite Soccer Academy,Internationals SC
U13,Ohio Valley,172507,2021-05-15 13:00,45893,46800,Racing Louisville Academy ECNL GU13,Ohio Premier ECNL GU13,0,4,Lynn Family Sports Vision & Training Facility - Field 3,3408,437,Racing Louisville Academy,Ohio Premier
U13,Ohio Valley,172435,2021-05-16 08:00,12942,46804,WNY Flash Academy ECNL GU13,Tennessee Soccer Club ECNL GU13,1,2,Flash Fields - Field B,343,1354,WNY Flash Academy,Tennessee SC
U13,Ohio Valley,172511,2021-05-16 09:00,45893,46797,Racing Louisville Academy ECNL GU13,Internationals SC ECNL GU13,3,2,Lynn Family Sports Vision & Training Facility - Field 1,3408,58,Racing Louisville Academy,Internationals SC
U13,Ohio Valley,172434,2021-05-16 11:45,46802,46371,Pittsburgh Riverhounds ECNL GU13,FC Alliance ECNL GU13,2,4,Montour Junction Sports Complex - Field 2,538,1693,Pittsburgh Riverhounds,FC Alliance TN
U13,Ohio Valley,172510,2021-05-16 12:00,46798,46800,Ohio Elite Soccer Academy ECNL GU13,Ohio Premier ECNL GU13,0,4,Ohio Elite Training Center - Field 9,75,437,Ohio Elite Soccer Academy,Ohio Premier
U13,Ohio Valley,172514,2021-05-22 09:00,46800,46794,Ohio Premier ECNL GU13,FC Pride Elite ECNL GU13,3,2,OP Training Facility - Field 5,437,7,Ohio Premier,No Club Selection
U13,Ohio Valley,172518,2021-05-23 10:00,46797,46794,Internationals SC ECNL GU13,FC Pride Elite ECNL GU13,3,2,Copley Road Soccer Complex - 5,58,7,Internationals SC,No Club Selection
U13,Ohio Valley,172517,2021-05-23 17:00,46800,46796,Ohio Premier ECNL GU13,Indiana Fire ECNL GU13,3,0,OP Training Facility - Field 1,437,436,Ohio Premier,Indy Eleven Academy
U13,Ohio Valley,172515,2021-05-29 09:00,46797,46796,Internationals SC ECNL GU13,Indiana Fire ECNL GU13,4,0,Pinnacle Sports - Field 1,58,436,Internationals SC,Indy Eleven Academy
U13,Ohio Valley,172505,2021-06-05 09:00,46804,46371,Tennessee Soccer Club ECNL GU13,FC Alliance ECNL GU13,4,0,Williamson County Sports Complex - Field 23,1354,1693,Tennessee SC,FC Alliance TN
U13,Southeast,168561,2020-09-13 09:00,46809,46806,Concorde Fire Premier ECNL GU13,Concorde Fire Platinum ECNL GU13,1,2,Georgia Soccer Park - Field 2,30,30,Concorde Fire,Concorde Fire
U13,Southeast,168532,2020-09-19 08:00,46901,45834,Florida Elite SA ECNL GU13,United Futbol Academy ECNL GU13,4,0,Veterans Park - Field 2,1353,3407,Sporting SA,United Futbol Academy
U13,Southeast,168533,2020-09-19 08:30,46814,43088,Jacksonville FC ECNL GU13,Atlanta Fire United ECNL GU13,2,0,Patton Park - Field 2,990,14,Jacksonville FC,Atlanta Fire United
U13,Southeast,168536,2020-09-19 13:00,46812,38492,GSA ECNL GU13,Sunrise Prime FC ECNL GU13,1,0,Silverbacks Park - Renegade Field,56,2329,Gwinnett Soccer Academy,Athletic Club Florida
U13,Southeast,168538,2020-09-20 08:00,46901,43088,Florida Elite SA ECNL GU13,Atlanta Fire United ECNL GU13,1,0,Veterans Park - Field 2,1353,14,Sporting SA,Atlanta Fire United
U13,Southeast,168537,2020-09-20 09:00,46814,45834,Jacksonville FC ECNL GU13,United Futbol Academy ECNL GU13,1,3,Patton Park - Field 2,990,3407,Jacksonville FC,United Futbol Academy
U13,Southeast,168540,2020-09-20 09:00,46806,38492,Concorde Fire Platinum ECNL GU13,Sunrise Prime FC ECNL GU13,3,0,Georgia Soccer Park - Field 3,30,2329,Concorde Fire,Athletic Club Florida
U13,Southeast,168541,2020-09-26 09:00,46807,46901,Alabama FC ECNL GU13,Florida Elite SA ECNL GU13,1,0,Dunnavant Valley Fields (DVF) - Field #1,18,1353,Alabama FC,Sporting SA
U13,Southeast,168543,2020-09-26 09:00,43088,34961,Atlanta Fire United ECNL GU13,Florida Krush ECNL GU13,0,0,Pinecrest Academy - Turf,14,379,Atlanta Fire United,Florida Kraze Krush
U13,Southeast,168544,2020-09-26 13:00,45834,28033,United Futbol Academy ECNL GU13,Orlando City ECNL GU13,2,2,Fowler Park - Field 7,3407,77,United Futbol Academy,Seminole United
U13,Southeast,168542,2020-09-26 16:00,46809,46814,Concorde Fire Premier ECNL GU13,Jacksonville FC ECNL GU13,2,1,Georgia Soccer Park - Field 3,30,990,Concorde Fire,Jacksonville FC
U13,Southeast,168545,2020-09-27 09:00,46807,46814,Alabama FC ECNL GU13,Jacksonville FC ECNL GU13,1,0,Dunnavant Valley Fields (DVF) - Field #1,18,990,Alabama FC,Jacksonville FC
U13,Southeast,168546,2020-09-27 09:00,46809,46901,Concorde Fire Premier ECNL GU13,Florida Elite SA ECNL GU13,2,1,Georgia Soccer Park - Field 3,30,1353,Concorde Fire,Sporting SA
U13,Southeast,168547,2020-09-27 09:00,45834,34961,United Futbol Academy ECNL GU13,Florida Krush ECNL GU13,1,4,Fowler Park - Field 6,3407,379,United Futbol Academy,Florida Kraze Krush
U13,Southeast,168548,2020-09-27 09:00,43088,28033,Atlanta Fire United ECNL GU13,Orlando City ECNL GU13,1,0,Pinecrest Academy - Turf,14,77,Atlanta Fire United,Seminole United
U13,Southeast,168454,2020-10-03 09:00,36328,46809,Tampa Bay United Rowdies ECNL GU13,Concorde Fire Premier ECNL GU13,1,6,Waters Sportsplex - Field 1,874,30,Tampa Bay United,Concorde Fire
U13,Southeast,168455,2020-10-03 09:00,38492,46807,Sunrise Prime FC ECNL GU13,Alabama FC ECNL GU13,1,2,Max K. Rodes Park - Field 3,2329,18,Athletic Club Florida,Alabama FC
U13,Southeast,168452,2020-10-03 14:00,34961,46806,Florida Krush ECNL GU13,Concorde Fire Platinum ECNL GU13,0,4,Central Winds - Field B,379,30,Florida Kraze Krush,Concorde Fire
U13,Southeast,168464,2020-10-04 09:00,36328,46807,Tampa Bay United Rowdies ECNL GU13,Alabama FC ECNL GU13,1,4,Waters Sportsplex - Field 1,874,18,Tampa Bay United,Alabama FC
U13,Southeast,168465,2020-10-04 09:00,38492,46809,Sunrise Prime FC ECNL GU13,Concorde Fire Premier ECNL GU13,0,1,Max K. Rodes Park - Field 3,2329,30,Athletic Club Florida,Concorde Fire
U13,Southeast,168462,2020-10-04 11:00,34961,46812,Florida Krush ECNL GU13,GSA ECNL GU13,0,5,Central Winds - Field B,379,56,Florida Kraze Krush,Gwinnett Soccer Academy
U13,Southeast,168535,2020-10-10 11:00,46806,36328,Concorde Fire Platinum ECNL GU13,Tampa Bay United Rowdies ECNL GU13,8,0,Georgia Soccer Park - Field 2,30,874,Concorde Fire,Tampa Bay United
U13,Southeast,168539,2020-10-11 13:00,46812,36328,GSA ECNL GU13,Tampa Bay United Rowdies ECNL GU13,4,0,Rabbit Hill Park - Field 2,56,874,Gwinnett Soccer Academy,Tampa Bay United
U13,Southeast,168553,2020-10-17 09:00,36328,45834,Tampa Bay United Rowdies ECNL GU13,United Futbol Academy ECNL GU13,1,1,Waters Sportsplex - Field 1,874,3407,Tampa Bay United,United Futbol Academy
U13,Southeast,168443,2020-10-17 10:00,46809,28033,Concorde Fire Premier ECNL GU13,Orlando City ECNL GU13,3,2,Georgia Soccer Park - Field 3,30,77,Concorde Fire,Seminole United
U13,Southeast,168554,2020-10-17 11:00,38492,43088,Sunrise Prime FC ECNL GU13,Atlanta Fire United ECNL GU13,3,0,Chapel Trail Park - CTSP 3,2329,14,Athletic Club Florida,Atlanta Fire United
U13,Southeast,168442,2020-10-17 13:00,46807,34961,Alabama FC ECNL GU13,Florida Krush ECNL GU13,3,2,Dunnavant Valley Fields (DVF) - Field #1,18,379,Alabama FC,Florida Kraze Krush
U13,Southeast,168448,2020-10-18 09:00,46809,34961,Concorde Fire Premier ECNL GU13,Florida Krush ECNL GU13,0,0,Georgia Soccer Park - Field 5,30,379,Concorde Fire,Florida Kraze Krush
U13,Southeast,168449,2020-10-18 09:00,46807,28033,Alabama FC ECNL GU13,Orlando City ECNL GU13,3,0,Dunnavant Valley Fields (DVF) - Field #1,18,77,Alabama FC,Seminole United
U13,Southeast,168559,2020-10-18 09:00,36328,43088,Tampa Bay United Rowdies ECNL GU13,Atlanta Fire United ECNL GU13,0,0,Waters Sportsplex - Field 1,874,14,Tampa Bay United,Atlanta Fire United
U13,Southeast,168560,2020-10-18 09:00,38492,45834,Sunrise Prime FC ECNL GU13,United Futbol Academy ECNL GU13,3,0,Chapel Trail Park - CTSP 3,2329,3407,Athletic Club Florida,United Futbol Academy
U13,Southeast,168527,2020-10-25 08:00,46901,46814,Florida Elite SA ECNL GU13,Jacksonville FC ECNL GU13,1,1,Veterans Park - Field 2,1353,990,Sporting SA,Jacksonville FC
U13,Southeast,214984,2020-10-25 09:00,46809,46807,Concorde Fire Premier ECNL GU13,Alabama FC ECNL GU13,0,1,Georgia Soccer Park - Field 4,30,18,Concorde Fire,Alabama FC
U13,Southeast,168482,2020-10-31 10:30,46814,28033,Jacksonville FC ECNL GU13,Orlando City ECNL GU13,2,1,Patton Park - Field 2,990,77,Jacksonville FC,Seminole United
U13,Southeast,168481,2020-10-31 15:00,46901,34961,Florida Elite SA ECNL GU13,Florida Krush ECNL GU13,1,1,Veterans Park - Field 2,1353,379,Sporting SA,Florida Kraze Krush
U13,Southeast,168487,2020-11-01 11:00,46814,34961,Jacksonville FC ECNL GU13,Florida Krush ECNL GU13,1,0,Patton Park - Field 2,990,379,Jacksonville FC,Florida Kraze Krush
U13,Southeast,168486,2020-11-01 13:00,46901,28033,Florida Elite SA ECNL GU13,Orlando City ECNL GU13,4,0,Veterans Park - Field 2,1353,77,Sporting SA,Seminole United
U13,Southeast,168453,2020-11-14 09:00,28033,46812,Orlando City ECNL GU13,GSA ECNL GU13,0,4,Seminole - Field 1,77,56,Seminole United,Gwinnett Soccer Academy
U13,Southeast,168463,2020-11-15 09:00,28033,46806,Orlando City ECNL GU13,Concorde Fire Platinum ECNL GU13,0,7,Seminole - Field 1,77,30,Seminole United,Concorde Fire
U13,Southeast,168472,2020-11-21 09:00,46806,45834,Concorde Fire Platinum ECNL GU13,United Futbol Academy ECNL GU13,9,1,Georgia Soccer Park - Field 4,30,3407,Concorde Fire,United Futbol Academy
U13,Southeast,168474,2020-11-21 13:00,46807,46809,Alabama FC ECNL GU13,Concorde Fire Premier ECNL GU13,1,0,Dunnavant Valley Fields (DVF) - Field # 5,18,30,Alabama FC,Concorde Fire
U13,Southeast,168473,2020-11-21 15:00,46812,43088,GSA ECNL GU13,Atlanta Fire United ECNL GU13,2,0,GSA South - Schrader,56,14,Gwinnett Soccer Academy,Atlanta Fire United
U13,Southeast,168475,2020-11-22 11:00,46806,43088,Concorde Fire Platinum ECNL GU13,Atlanta Fire United ECNL GU13,5,0,Georgia Soccer Park - Field 4,30,14,Concorde Fire,Atlanta Fire United
U13,Southeast,168476,2020-11-22 15:00,46812,45834,GSA ECNL GU13,United Futbol Academy ECNL GU13,4,0,GSA South - Schrader,56,3407,Gwinnett Soccer Academy,United Futbol Academy
U13,Southeast,168444,2021-03-06 10:00,46901,46812,Florida Elite SA ECNL GU13,GSA ECNL GU13,0,1,Veterans Park - Field 2,1353,56,Sporting SA,Gwinnett Soccer Academy
U13,Southeast,200502,2021-03-06 10:30,46814,46806,Jacksonville FC ECNL GU13,Concorde Fire Platinum ECNL GU13,2,3,Patton Park - Field 2,990,30,Jacksonville FC,Concorde Fire
U13,Southeast,168450,2021-03-07 09:00,46901,46806,Florida Elite SA ECNL GU13,Concorde Fire Platinum ECNL GU13,0,1,Veterans Park - Field 1,1353,30,Sporting SA,Concorde Fire
U13,Southeast,168451,2021-03-07 09:00,46814,46812,Jacksonville FC ECNL GU13,GSA ECNL GU13,0,3,Davis Park - Field 8,990,56,Jacksonville FC,Gwinnett Soccer Academy
U13,Southeast,168478,2021-03-13 09:00,38492,46814,Sunrise Prime FC ECNL GU13,Jacksonville FC ECNL GU13,0,3,Chapel Trail Park - CTSP 3,2329,990,Athletic Club Florida,Jacksonville FC
U13,Southeast,168534,2021-03-13 11:00,34961,28033,Florida Krush ECNL GU13,Orlando City ECNL GU13,0,0,East Orange District Park - Field 2,379,77,Florida Kraze Krush,Seminole United
U13,Southeast,168480,2021-03-14 09:00,36328,46814,Tampa Bay United Rowdies ECNL GU13,Jacksonville FC ECNL GU13,0,2,Waters Sportsplex - Field 1,874,990,Tampa Bay United,Jacksonville FC
U13,Southeast,168485,2021-03-20 09:00,45834,43088,United Futbol Academy ECNL GU13,Atlanta Fire United ECNL GU13,1,4,Fowler Park - Field 7,3407,14,United Futbol Academy,Atlanta Fire United
U13,Southeast,168484,2021-03-20 13:00,46807,46812,Alabama FC ECNL GU13,GSA ECNL GU13,3,2,Dunnavant Valley Fields (DVF) - Field #1,18,56,Alabama FC,Gwinnett Soccer Academy
U13,Southeast,168483,2021-03-20 16:00,46809,46806,Concorde Fire Premier ECNL GU13,Concorde Fire Platinum ECNL GU13,0,0,Georgia Soccer Park - Field 4,30,30,Concorde Fire,Concorde Fire
U13,Southeast,168488,2021-03-21 12:00,46807,46806,Alabama FC ECNL GU13,Concorde Fire Platinum ECNL GU13,1,0,Dunnavant Valley Fields (DVF) - Field #1,18,30,Alabama FC,Concorde Fire
U13,Southeast,168489,2021-03-21 14:00,46809,46812,Concorde Fire Premier ECNL GU13,GSA ECNL GU13,0,0,Georgia Soccer Park - Field 4,30,56,Concorde Fire,Gwinnett Soccer Academy
U13,Southeast,168493,2021-03-27 09:00,43088,46809,Atlanta Fire United ECNL GU13,Concorde Fire Premier ECNL GU13,1,1,Pinecrest Academy - Turf,14,30,Atlanta Fire United,Concorde Fire
U13,Southeast,168490,2021-03-27 11:00,28033,46901,Orlando City ECNL GU13,Florida Elite SA ECNL GU13,1,1,Seminole - Field 2,77,1353,Seminole United,Sporting SA
U13,Southeast,168492,2021-03-27 15:00,45834,46807,United Futbol Academy ECNL GU13,Alabama FC ECNL GU13,1,1,Fowler Park - Field 7,3407,18,United Futbol Academy,Alabama FC
U13,Southeast,168491,2021-03-27 17:00,34961,46814,Florida Krush ECNL GU13,Jacksonville FC ECNL GU13,1,2,Central Winds - Field B,379,990,Florida Kraze Krush,Jacksonville FC
U13,Southeast,168496,2021-03-28 09:00,38492,36328,Sunrise Prime FC ECNL GU13,Tampa Bay United Rowdies ECNL GU13,0,3,Chapel Trail Park - CTSP 3,2329,874,Athletic Club Florida,Tampa Bay United
U13,Southeast,168497,2021-03-28 09:00,46806,46812,Concorde Fire Platinum ECNL GU13,GSA ECNL GU13,1,2,Georgia Soccer Park - Field 4,30,56,Concorde Fire,Gwinnett Soccer Academy
U13,Southeast,168499,2021-03-28 09:00,43088,46807,Atlanta Fire United ECNL GU13,Alabama FC ECNL GU13,2,0,Pinecrest Academy - Turf,14,18,Atlanta Fire United,Alabama FC
U13,Southeast,168495,2021-03-28 09:30,28033,46814,Orlando City ECNL GU13,Jacksonville FC ECNL GU13,0,2,Seminole - Field 1,77,990,Seminole United,Jacksonville FC
U13,Southeast,168494,2021-03-28 13:00,34961,46901,Florida Krush ECNL GU13,Florida Elite SA ECNL GU13,1,2,Central Winds - Field B,379,1353,Florida Kraze Krush,Sporting SA
U13,Southeast,168498,2021-03-28 17:00,45834,46809,United Futbol Academy ECNL GU13,Concorde Fire Premier ECNL GU13,0,2,Fowler Park - Field 7,3407,30,United Futbol Academy,Concorde Fire
U13,Southeast,168501,2021-04-17 09:00,46901,38492,Florida Elite SA ECNL GU13,Sunrise Prime FC ECNL GU13,1,0,Veterans Park - Field 2,1353,2329,Sporting SA,Athletic Club Florida
U13,Southeast,168502,2021-04-17 12:30,46814,36328,Jacksonville FC ECNL GU13,Tampa Bay United Rowdies ECNL GU13,1,1,Patton Park - Field 2,990,874,Jacksonville FC,Tampa Bay United
U13,Southeast,168503,2021-04-17 13:00,28033,34961,Orlando City ECNL GU13,Florida Krush ECNL GU13,2,1,Seminole - Field 2,77,379,Seminole United,Florida Kraze Krush
U13,Southeast,168504,2021-04-17 13:00,46812,46807,GSA ECNL GU13,Alabama FC ECNL GU13,1,4,GSA South - Spencer,56,18,Gwinnett Soccer Academy,Alabama FC
U13,Southeast,168505,2021-04-18 08:00,46901,36328,Florida Elite SA ECNL GU13,Tampa Bay United Rowdies ECNL GU13,2,0,Veterans Park - Field 2,1353,874,Sporting SA,Tampa Bay United
U13,Southeast,168509,2021-04-18 09:00,43088,45834,Atlanta Fire United ECNL GU13,United Futbol Academy ECNL GU13,2,0,Pinecrest Academy - Turf,14,3407,Atlanta Fire United,United Futbol Academy
U13,Southeast,168506,2021-04-18 11:00,46814,38492,Jacksonville FC ECNL GU13,Sunrise Prime FC ECNL GU13,2,3,Patton Park - Field 3,990,2329,Jacksonville FC,Athletic Club Florida
U13,Southeast,168508,2021-04-18 11:00,46812,46809,GSA ECNL GU13,Concorde Fire Premier ECNL GU13,3,2,GSA South - Schrader,56,30,Gwinnett Soccer Academy,Concorde Fire
U13,Southeast,168511,2021-04-24 09:30,28033,38492,Orlando City ECNL GU13,Sunrise Prime FC ECNL GU13,0,2,Seminole - Field 1,77,2329,Seminole United,Athletic Club Florida
U13,Southeast,168510,2021-04-24 15:00,34961,36328,Florida Krush ECNL GU13,Tampa Bay United Rowdies ECNL GU13,3,2,Central Winds - Field A,379,874,Florida Kraze Krush,Tampa Bay United
U13,Southeast,168513,2021-04-25 09:00,28033,36328,Orlando City ECNL GU13,Tampa Bay United Rowdies ECNL GU13,4,1,Seminole - Field 1,77,874,Seminole United,Tampa Bay United
U13,Southeast,168512,2021-04-25 13:00,34961,38492,Florida Krush ECNL GU13,Sunrise Prime FC ECNL GU13,0,1,Central Winds - Field B,379,2329,Florida Kraze Krush,Athletic Club Florida
U13,Southeast,168514,2021-05-01 09:00,43088,46806,Atlanta Fire United ECNL GU13,Concorde Fire Platinum ECNL GU13,0,4,Pinecrest Academy - Turf,14,30,Atlanta Fire United,Concorde Fire
U13,Southeast,168515,2021-05-01 09:00,45834,46812,United Futbol Academy ECNL GU13,GSA ECNL GU13,1,4,Fowler Park - Field 7,3407,56,United Futbol Academy,Gwinnett Soccer Academy
U13,Southeast,168525,2021-05-02 09:00,43088,46812,Atlanta Fire United ECNL GU13,GSA ECNL GU13,0,5,Pinecrest Academy - Turf,14,56,Atlanta Fire United,Gwinnett Soccer Academy
U13,Southeast,168526,2021-05-02 09:00,45834,46806,United Futbol Academy ECNL GU13,Concorde Fire Platinum ECNL GU13,0,8,Fowler Park - Field 7,3407,30,United Futbol Academy,Concorde Fire
U13,Southeast,173985,2021-05-02 09:00,36328,38492,Tampa Bay United Rowdies ECNL GU13,Sunrise Prime FC ECNL GU13,3,3,Waters Sportsplex - Field 1,874,2329,Tampa Bay United,Athletic Club Florida
U13,Southeast,168517,2021-05-15 09:00,36328,28033,Tampa Bay United Rowdies ECNL GU13,Orlando City ECNL GU13,0,2,Waters Sportsplex - Field 1,874,77,Tampa Bay United,Seminole United
U13,Southeast,168516,2021-05-15 10:00,38492,34961,Sunrise Prime FC ECNL GU13,Florida Krush ECNL GU13,1,1,Chapel Trail Park - CTSP 3,2329,379,Athletic Club Florida,Florida Kraze Krush
U13,Southeast,168518,2021-05-15 12:00,46807,43088,Alabama FC ECNL GU13,Atlanta Fire United ECNL GU13,4,0,Dunnavant Valley Fields (DVF) - Field #1,18,14,Alabama FC,Atlanta Fire United
U13,Southeast,168519,2021-05-15 14:00,46809,45834,Concorde Fire Premier ECNL GU13,United Futbol Academy ECNL GU13,4,1,Georgia Soccer Park - Field 4,30,3407,Concorde Fire,United Futbol Academy
U13,Southeast,168520,2021-05-16 09:00,38492,28033,Sunrise Prime FC ECNL GU13,Orlando City ECNL GU13,2,1,Chapel Trail Park - CTSP 3,2329,77,Athletic Club Florida,Seminole United
U13,Southeast,168521,2021-05-16 09:00,36328,34961,Tampa Bay United Rowdies ECNL GU13,Florida Krush ECNL GU13,0,3,Waters Sportsplex - Field 3,874,379,Tampa Bay United,Florida Kraze Krush
U13,Southeast,168524,2021-05-16 11:00,46812,46806,GSA ECNL GU13,Concorde Fire Platinum ECNL GU13,1,5,GSA South - Schrader,56,30,Gwinnett Soccer Academy,Concorde Fire
U13,Southeast,168522,2021-05-16 12:00,46807,45834,Alabama FC ECNL GU13,United Futbol Academy ECNL GU13,7,0,Dunnavant Valley Fields (DVF) - Field #1,18,3407,Alabama FC,United Futbol Academy
U13,Southeast,168523,2021-05-16 16:00,46809,43088,Concorde Fire Premier ECNL GU13,Atlanta Fire United ECNL GU13,6,0,Georgia Soccer Park - Field 4,30,14,Concorde Fire,Atlanta Fire United
U13,Southeast,168477,2021-05-22 09:00,36328,46901,Tampa Bay United Rowdies ECNL GU13,Florida Elite SA ECNL GU13,1,1,Waters Sportsplex - Field 2,874,1353,Tampa Bay United,Sporting SA
U13,Southeast,168507,2021-05-22 14:00,46806,46807,Concorde Fire Platinum ECNL GU13,Alabama FC ECNL GU13,3,1,Georgia Soccer Park - Field 4,30,18,Concorde Fire,Alabama FC
U13,Southeast,168479,2021-05-23 09:00,38492,46901,Sunrise Prime FC ECNL GU13,Florida Elite SA ECNL GU13,1,0,Chapel Trail Park - CTSP 4,2329,1353,Athletic Club Florida,Sporting SA
U13,Southeast,168500,2021-06-03 18:00,46814,46901,Jacksonville FC ECNL GU13,Florida Elite SA ECNL GU13,,,Patton Park - Field 12,990,1353,Jacksonville FC,Sporting SA
U13,Southwest,209166,2020-10-04,45886,45882,Phoenix Rising ECNL GU13,AZ Arsenal ECNL GU13,1,1,,1141,592,Phoenix Rising FC,Arizona Arsenal Soccer Club
U13,Southwest,209171,2020-10-17,45886,9288,Phoenix Rising ECNL GU13,SLAMMERS FC ECNL GU13,1,1,,1141,96,Phoenix Rising FC,Slammers FC
U13,Southwest,209170,2020-10-17 10:00,45882,29720,AZ Arsenal ECNL GU13,LAFC Slammers ECNL GU13,0,2,Eagle Sports Complex - Field 3,592,1656,Arizona Arsenal Soccer Club,Slammers FC HB Koge
U13,Southwest,209176,2020-10-18,45886,29720,Phoenix Rising ECNL GU13,LAFC Slammers ECNL GU13,0,5,,1141,1656,Phoenix Rising FC,Slammers FC HB Koge
U13,Southwest,209177,2020-10-18 12:00,45882,9288,AZ Arsenal ECNL GU13,SLAMMERS FC ECNL GU13,1,2,Desert Sky Park - Field 3,592,96,Arizona Arsenal Soccer Club,Slammers FC
U13,Southwest,209182,2020-10-24,45886,45887,Phoenix Rising ECNL GU13,Real So Cal ECNL GU13,3,0,,1141,82,Phoenix Rising FC,LAFC So Cal
U13,Southwest,209183,2020-10-24,46745,29720,Heat FC ECNL GU13,LAFC Slammers ECNL GU13,0,9,,57,1656,LV Heat Surf SC,Slammers FC HB Koge
U13,Southwest,209264,2020-10-24 15:00,45882,29588,AZ Arsenal ECNL GU13,So Cal Blues ECNL GU13,0,9,Santos Soccer Complex - Field 3,592,98,Arizona Arsenal Soccer Club,So Cal Blues
U13,Southwest,209187,2020-10-25,45882,45887,AZ Arsenal ECNL GU13,Real So Cal ECNL GU13,4,0,,592,82,Arizona Arsenal Soccer Club,LAFC So Cal
U13,Southwest,209188,2020-10-25,46745,9288,Heat FC ECNL GU13,SLAMMERS FC ECNL GU13,0,7,,57,96,LV Heat Surf SC,Slammers FC
U13,Southwest,209270,2020-10-25,45886,29588,Phoenix Rising ECNL GU13,So Cal Blues ECNL GU13,0,5,,1141,98,Phoenix Rising FC,So Cal Blues
U13,Southwest,209301,2020-10-31,45886,29129,Phoenix Rising ECNL GU13,LA Breakers FC  ECNL GU13,0,1,,1141,7,Phoenix Rising FC,No Club Selection
U13,Southwest,209302,2020-10-31,45882,28062,AZ Arsenal ECNL GU13,Arsenal FC ECNL GU13,0,0,,592,13,Arizona Arsenal Soccer Club,Sporting California USA
U13,Southwest,209307,2020-11-01,45882,29129,AZ Arsenal ECNL GU13,LA Breakers FC  ECNL GU13,2,2,,592,7,Arizona Arsenal Soccer Club,No Club Selection
U13,Southwest,209308,2020-11-01,45886,28062,Phoenix Rising ECNL GU13,Arsenal FC ECNL GU13,0,2,,1141,13,Phoenix Rising FC,Sporting California USA
U13,Southwest,209193,2020-11-07,45875,45882,San Diego Surf ECNL GU13,AZ Arsenal ECNL GU13,2,0,,87,592,San Diego Surf Soccer Club,Arizona Arsenal Soccer Club
U13,Southwest,209194,2020-11-07,19029,45886,Rebels SC ECNL GU13,Phoenix Rising ECNL GU13,0,1,,300,1141,Rebels Soccer Club,Phoenix Rising FC
U13,Southwest,209199,2020-11-07 13:00,46745,46747,Heat FC ECNL GU13,Strikers FC ECNL GU13,2,8,Heritage Park Sports Complex - Field 6,57,2,LV Heat Surf SC,Strikers FC ECNL
U13,Southwest,209200,2020-11-08,19029,45882,Rebels SC ECNL GU13,AZ Arsenal ECNL GU13,0,1,,300,592,Rebels Soccer Club,Arizona Arsenal Soccer Club
U13,Southwest,209201,2020-11-08,45875,45886,San Diego Surf ECNL GU13,Phoenix Rising ECNL GU13,3,0,,87,1141,San Diego Surf Soccer Club,Phoenix Rising FC
U13,Southwest,209346,2021-03-06,29588,28062,So Cal Blues ECNL GU13,Arsenal FC ECNL GU13,7,0,,98,13,So Cal Blues,Sporting California USA
U13,Southwest,209204,2021-03-06 09:00,6122,29129,Eagles SC ECNL GU13,LA Breakers FC  ECNL GU13,4,0,Pleasant Valley Fields - Field 11,41,7,Eagles SC,No Club Selection
U13,Southwest,209226,2021-03-06 09:00,19029,9288,Rebels SC ECNL GU13,SLAMMERS FC ECNL GU13,0,2,Surf Sports Park - Field 3,300,96,Rebels Soccer Club,Slammers FC
U13,Southwest,209211,2021-03-06 11:00,45875,29720,San Diego Surf ECNL GU13,LAFC Slammers ECNL GU13,1,1,Surf Sports Park - Field 6,87,1656,San Diego Surf Soccer Club,Slammers FC HB Koge
U13,Southwest,209303,2021-03-06 15:00,46835,46747,Del Mar Sharks ECNL GU13,Strikers FC ECNL GU13,1,1,Surf Sports Park - Field 9,39,2,Legends FC - Del Mar,Strikers FC ECNL
U13,Southwest,209323,2021-03-07,29588,45887,So Cal Blues ECNL GU13,Real So Cal ECNL GU13,8,1,,98,82,So Cal Blues,LAFC So Cal
U13,Southwest,209223,2021-03-07 09:00,19029,29720,Rebels SC ECNL GU13,LAFC Slammers ECNL GU13,0,3,Surf Sports Park - Field 4,300,1656,Rebels Soccer Club,Slammers FC HB Koge
U13,Southwest,209246,2021-03-07 09:00,6122,29129,Eagles SC ECNL GU13,LA Breakers FC  ECNL GU13,3,0,Pleasant Valley Fields - Field 11,41,7,Eagles SC,No Club Selection
U13,Southwest,209208,2021-03-07 11:00,45875,9288,San Diego Surf ECNL GU13,SLAMMERS FC ECNL GU13,1,0,Surf Sports Park - Field 6,87,96,San Diego Surf Soccer Club,Slammers FC
U13,Southwest,209279,2021-03-07 15:00,46835,28062,Del Mar Sharks ECNL GU13,Arsenal FC ECNL GU13,1,0,Surf Sports Park - Field 9,39,13,Legends FC - Del Mar,Sporting California USA
U13,Southwest,209344,2021-03-13 09:00,46747,45875,Strikers FC ECNL GU13,San Diego Surf ECNL GU13,0,3,SoCal Sports Complex - Field 21,2,87,Strikers FC ECNL,San Diego Surf Soccer Club
U13,Southwest,209197,2021-03-13 11:00,45887,29129,Real So Cal ECNL GU13,LA Breakers FC  ECNL GU13,1,1,Oak View School - Field 1,82,7,LAFC So Cal,No Club Selection
U13,Southwest,209277,2021-03-13 11:00,29588,9288,So Cal Blues ECNL GU13,SLAMMERS FC ECNL GU13,6,0,OC Great Park - Field 4,98,96,So Cal Blues,Slammers FC
U13,Southwest,209185,2021-03-13 13:00,28062,19029,Arsenal FC ECNL GU13,Rebels SC ECNL GU13,2,1,Ralph M. Lewis Sports Complex - Field 5,13,300,Sporting California USA,Rebels Soccer Club
U13,Southwest,209276,2021-03-13 15:00,46835,29720,Del Mar Sharks ECNL GU13,LAFC Slammers ECNL GU13,0,4,SoCal Sports Complex - Field 19,39,1656,Legends FC - Del Mar,Slammers FC HB Koge
U13,Southwest,209248,2021-03-14 09:00,46835,9288,Del Mar Sharks ECNL GU13,SLAMMERS FC ECNL GU13,2,1,Surf Sports Park - Field 9,39,96,Legends FC - Del Mar,Slammers FC
U13,Southwest,209274,2021-03-14 11:00,46747,19029,Strikers FC ECNL GU13,Rebels SC ECNL GU13,0,4,Orange County Great Park - Field 18,2,300,Strikers FC ECNL,Rebels Soccer Club
U13,Southwest,209181,2021-03-14 13:00,28062,45875,Arsenal FC ECNL GU13,San Diego Surf ECNL GU13,1,1,Galway Downs - Field 19,13,87,Sporting California USA,San Diego Surf Soccer Club
U13,Southwest,209247,2021-03-14 15:00,29588,29720,So Cal Blues ECNL GU13,LAFC Slammers ECNL GU13,0,1,OC Great Park - Field 4,98,1656,So Cal Blues,Slammers FC HB Koge
U13,Southwest,209237,2021-03-20 08:30,29720,9288,LAFC Slammers ECNL GU13,SLAMMERS FC ECNL GU13,2,1,Orange County Great Park - Field 18,1656,96,Slammers FC HB Koge,Slammers FC
U13,Southwest,209283,2021-03-20 11:00,6122,45887,Eagles SC ECNL GU13,Real So Cal ECNL GU13,3,0,Pleasant Valley Fields - Field 11,41,82,Eagles SC,LAFC So Cal
U13,Southwest,209309,2021-03-20 15:00,29588,46747,So Cal Blues ECNL GU13,Strikers FC ECNL GU13,9,0,OC Great Park - Field 4,98,2,So Cal Blues,Strikers FC ECNL
U13,Southwest,209273,2021-03-21,29129,46747,LA Breakers FC  ECNL GU13,Strikers FC ECNL GU13,1,0,,7,2,No Club Selection,Strikers FC ECNL
U13,Southwest,209244,2021-03-21 09:00,45875,19029,San Diego Surf ECNL GU13,Rebels SC ECNL GU13,4,0,So Cal Sports Complex - Field 22,87,300,San Diego Surf Soccer Club,Rebels Soccer Club
U13,Southwest,209249,2021-03-21 13:00,29588,46835,So Cal Blues ECNL GU13,Del Mar Sharks ECNL GU13,10,0,OC Great Park - Field 4,98,39,So Cal Blues,Legends FC - Del Mar
U13,Southwest,209317,2021-03-27 09:00,19029,46835,Rebels SC ECNL GU13,Del Mar Sharks ECNL GU13,2,0,Surf Sports Park - Field 2,300,39,Rebels Soccer Club,Legends FC - Del Mar
U13,Southwest,209318,2021-03-27 09:00,45875,29588,San Diego Surf ECNL GU13,So Cal Blues ECNL GU13,1,4,So Cal Sports Complex - Field 13,87,98,San Diego Surf Soccer Club,So Cal Blues
U13,Southwest,209233,2021-03-27 10:30,9288,29129,SLAMMERS FC ECNL GU13,LA Breakers FC  ECNL GU13,1,0,Orange County Great Park - Field 18,96,7,Slammers FC,No Club Selection
U13,Southwest,209254,2021-03-27 12:00,45882,46745,AZ Arsenal ECNL GU13,Heat FC ECNL GU13,5,0,Santos Soccer Complex - Field 2,592,57,Arizona Arsenal Soccer Club,LV Heat Surf SC
U13,Southwest,209300,2021-03-28 08:00,45887,6122,Real So Cal ECNL GU13,Eagles SC ECNL GU13,1,1,Pleasant Valley Fields - Field 1,82,41,LAFC So Cal,Eagles SC
U13,Southwest,209256,2021-03-28 12:00,45886,46745,Phoenix Rising ECNL GU13,Heat FC ECNL GU13,4,0,Talking Stick Resort Soccer Facility - South,1141,57,Phoenix Rising FC,LV Heat Surf SC
U13,Southwest,209297,2021-03-28 12:30,28062,9288,Arsenal FC ECNL GU13,SLAMMERS FC ECNL GU13,5,2,Galway Downs - Field 19,13,96,Sporting California USA,Slammers FC
U13,Southwest,209225,2021-03-28 15:10,46747,29129,Strikers FC ECNL GU13,LA Breakers FC  ECNL GU13,0,3,Orange County Great Park - Field 17,2,7,Strikers FC ECNL,No Club Selection
U13,Southwest,209169,2021-04-03 09:00,29129,28062,LA Breakers FC  ECNL GU13,Arsenal FC ECNL GU13,0,4,Silverlakes Soccer Complex - Field 1,7,13,No Club Selection,Sporting California USA
U13,Southwest,209313,2021-04-03 13:00,19029,29588,Rebels SC ECNL GU13,So Cal Blues ECNL GU13,1,4,Ryan Park - Field 6,300,98,Rebels Soccer Club,So Cal Blues
U13,Southwest,209340,2021-04-09 19:00,46745,6122,Heat FC ECNL GU13,Eagles SC ECNL GU13,0,9,Bettye Wilson Soccer Complex - Field 8,57,41,LV Heat Surf SC,Eagles SC
U13,Southwest,209312,2021-04-10 15:00,45875,46835,San Diego Surf ECNL GU13,Del Mar Sharks ECNL GU13,7,0,So Cal Sports Complex - Field 22,87,39,San Diego Surf Soccer Club,Legends FC - Del Mar
U13,Southwest,209250,2021-04-10 15:30,46747,6122,Strikers FC ECNL GU13,Eagles SC ECNL GU13,0,10,Bettye Wilson Soccer Complex - Field 8,2,41,Strikers FC ECNL,Eagles SC
U13,Southwest,209234,2021-04-11 11:00,28062,29720,Arsenal FC ECNL GU13,LAFC Slammers ECNL GU13,1,2,Galway Downs - Field 10,13,1656,Sporting California USA,Slammers FC HB Koge
U13,Southwest,209281,2021-04-11 13:00,45882,45886,AZ Arsenal ECNL GU13,Phoenix Rising ECNL GU13,3,1,Desert Sky Park - Field 1,592,1141,Arizona Arsenal Soccer Club,Phoenix Rising FC
U13,Southwest,209280,2021-04-11 14:00,46745,46747,Heat FC ECNL GU13,Strikers FC ECNL GU13,1,3,Bettye Wilson Soccer Complex - Field 8,57,2,LV Heat Surf SC,Strikers FC ECNL
U13,Southwest,209320,2021-04-17 08:00,6122,9288,Eagles SC ECNL GU13,SLAMMERS FC ECNL GU13,2,0,Pleasant Valley Fields - Field 11,41,96,Eagles SC,Slammers FC
U13,Southwest,209257,2021-04-17 08:30,46745,45886,Heat FC ECNL GU13,Phoenix Rising ECNL GU13,0,5,Heritage Park Sports Complex - Field 5,57,1141,LV Heat Surf SC,Phoenix Rising FC
U13,Southwest,209319,2021-04-17 13:00,45887,29720,Real So Cal ECNL GU13,LAFC Slammers ECNL GU13,0,4,Conejo Creek South - Field 11,82,1656,LAFC So Cal,Slammers FC HB Koge
U13,Southwest,209284,2021-04-17 14:00,46835,29129,Del Mar Sharks ECNL GU13,LA Breakers FC  ECNL GU13,0,2,Surf Sports Park - Field 4,39,7,Legends FC - Del Mar,No Club Selection
U13,Southwest,209314,2021-04-18 08:00,6122,29720,Eagles SC ECNL GU13,LAFC Slammers ECNL GU13,0,0,Pleasant Valley Fields - Field 11,41,1656,Eagles SC,Slammers FC HB Koge
U13,Southwest,209258,2021-04-18 10:30,46745,45882,Heat FC ECNL GU13,AZ Arsenal ECNL GU13,0,6,Heritage Park Sports Complex - Field 5,57,592,LV Heat Surf SC,Arizona Arsenal Soccer Club
U13,Southwest,209218,2021-04-18 14:00,45887,9288,Real So Cal ECNL GU13,SLAMMERS FC ECNL GU13,1,0,Agoura High School - Field 1,82,96,LAFC So Cal,Slammers FC
U13,Southwest,209336,2021-04-18 15:00,45875,29129,San Diego Surf ECNL GU13,LA Breakers FC  ECNL GU13,2,1,So Cal Sports Complex - Field 22,87,7,San Diego Surf Soccer Club,No Club Selection
U13,Southwest,209343,2021-05-01 08:00,29129,29588,LA Breakers FC  ECNL GU13,So Cal Blues ECNL GU13,1,5,St. Bernards High School - Field 1,7,98,No Club Selection,So Cal Blues
U13,Southwest,209253,2021-05-01 11:00,45886,6122,Phoenix Rising ECNL GU13,Eagles SC ECNL GU13,1,2,Talking Stick Resort Soccer Facility - North,1141,41,Phoenix Rising FC,Eagles SC
U13,Southwest,209295,2021-05-01 12:30,46745,19029,Heat FC ECNL GU13,Rebels SC ECNL GU13,1,8,Heritage Park Sports Complex - Field 7,57,300,LV Heat Surf SC,Rebels Soccer Club
U13,Southwest,209167,2021-05-01 13:15,45887,46835,Real So Cal ECNL GU13,Del Mar Sharks ECNL GU13,2,1,Conejo Creek South - Field 11,82,39,LAFC So Cal,Legends FC - Del Mar
U13,Southwest,209325,2021-05-01 14:45,29720,46747,LAFC Slammers ECNL GU13,Strikers FC ECNL GU13,3,0,Surf Sports Park - Field 11,1656,2,Slammers FC HB Koge,Strikers FC ECNL
U13,Southwest,209255,2021-05-02 08:00,45882,6122,AZ Arsenal ECNL GU13,Eagles SC ECNL GU13,0,1,Desert Sky Park - Field 1,592,41,Arizona Arsenal Soccer Club,Eagles SC
U13,Southwest,209331,2021-05-02 13:00,9288,46747,SLAMMERS FC ECNL GU13,Strikers FC ECNL GU13,2,0,Surf Sports Park - Field 10,96,2,Slammers FC,Strikers FC ECNL
U13,Southwest,209232,2021-05-08 10:00,45887,45875,Real So Cal ECNL GU13,San Diego Surf ECNL GU13,0,3,Conejo Creek South - Field 11,82,87,LAFC So Cal,San Diego Surf Soccer Club
U13,Southwest,209222,2021-05-08 11:00,46747,28062,Strikers FC ECNL GU13,Arsenal FC ECNL GU13,0,3,Orange County Great Park - Field 17,2,13,Strikers FC ECNL,Sporting California USA
U13,Southwest,209304,2021-05-08 11:00,29588,46745,So Cal Blues ECNL GU13,Heat FC ECNL GU13,8,0,OC Great Park - Field 4,98,57,So Cal Blues,LV Heat Surf SC
U13,Southwest,209310,2021-05-09 12:30,46835,46745,Del Mar Sharks ECNL GU13,Heat FC ECNL GU13,3,0,SoCal Sports Complex - Field 17,39,57,Legends FC - Del Mar,LV Heat Surf SC
U13,Southwest,209330,2021-05-09 13:00,29588,6122,So Cal Blues ECNL GU13,Eagles SC ECNL GU13,3,0,OC Great Park - Field 4,98,41,So Cal Blues,Eagles SC
U13,Southwest,209263,2021-05-15 10:45,46835,45886,Del Mar Sharks ECNL GU13,Phoenix Rising ECNL GU13,0,3,Francis Ryan Park - Field 5,39,1141,Legends FC - Del Mar,Phoenix Rising FC
U13,Southwest,209275,2021-05-15 13:00,28062,6122,Arsenal FC ECNL GU13,Eagles SC ECNL GU13,2,0,Ralph M. Lewis Sports Complex - Field 2,13,41,Sporting California USA,Eagles SC
U13,Southwest,209316,2021-05-15 13:00,46747,45882,Strikers FC ECNL GU13,AZ Arsenal ECNL GU13,0,4,Orange County Great Park - Field 20,2,592,Strikers FC ECNL,Arizona Arsenal Soccer Club
U13,Southwest,209269,2021-05-16 10:45,46835,45882,Del Mar Sharks ECNL GU13,AZ Arsenal ECNL GU13,0,0,Torrey Pines High School - Field 1,39,592,Legends FC - Del Mar,Arizona Arsenal Soccer Club
U13,Southwest,209228,2021-05-16 11:00,6122,45875,Eagles SC ECNL GU13,San Diego Surf ECNL GU13,1,1,Pleasant Valley Fields - Field 5ss,41,87,Eagles SC,San Diego Surf Soccer Club
U13,Southwest,209311,2021-05-16 13:30,46747,45886,Strikers FC ECNL GU13,Phoenix Rising ECNL GU13,0,2,Orange County Great Park - Field 20,2,1141,Strikers FC ECNL,Phoenix Rising FC
U13,Southwest,209227,2021-05-22 08:00,45887,19029,Real So Cal ECNL GU13,Rebels SC ECNL GU13,0,0,Conejo Creek South - Field 10,82,300,LAFC So Cal,Rebels Soccer Club
U13,Southwest,209296,2021-05-22 09:45,29129,29720,LA Breakers FC  ECNL GU13,LAFC Slammers ECNL GU13,0,5,St. Bernards High School - Field 1,7,1656,No Club Selection,Slammers FC HB Koge
U13,Southwest,209215,2021-05-22 12:30,46745,28062,Heat FC ECNL GU13,Arsenal FC ECNL GU13,0,9,Heritage Park Sports Complex - Field 5,57,13,LV Heat Surf SC,Sporting California USA
U13,Southwest,209289,2021-05-23 08:30,46745,45875,Heat FC ECNL GU13,San Diego Surf ECNL GU13,1,8,Heritage Park Sports Complex - Field 5,57,87,LV Heat Surf SC,San Diego Surf Soccer Club
U13,Southwest,209245,2021-05-23 09:00,46747,45887,Strikers FC ECNL GU13,Real So Cal ECNL GU13,2,6,El Dorado High School - EDHS Grass Field,2,82,Strikers FC ECNL,LAFC So Cal
U13,Southwest,209231,2021-05-23 11:00,6122,19029,Eagles SC ECNL GU13,Rebels SC ECNL GU13,5,0,Pleasant Valley Fields - Field 11,41,300,Eagles SC,Rebels Soccer Club
U13,Southwest,209180,2021-06-06 17:15,29129,19029,LA Breakers FC  ECNL GU13,Rebels SC ECNL GU13,0,1,St. Bernards High School - Field 1,7,300,No Club Selection,Rebels Soccer Club
U13,Southwest,209324,2021-06-12 12:00,46835,6122,Del Mar Sharks ECNL GU13,Eagles SC ECNL GU13,0,6,San Dieguito Academy - Field 1,39,41,Legends FC - Del Mar,Eagles SC
U13,Southwest,209205,2021-06-12 16:15,45887,28062,Real So Cal ECNL GU13,Arsenal FC ECNL GU13,1,0,Ralph M Lewis Sport Complex - Field 6,82,13,LAFC So Cal,Sporting California USA
U13,Southwest,209268,2021-06-12 17:15,29129,46745,LA Breakers FC  ECNL GU13,Heat FC ECNL GU13,2,2,St. Bernards High School - Field 1,7,57,No Club Selection,LV Heat Surf SC
U13,Southwest,209243,2021-06-13 11:00,45887,46745,Real So Cal ECNL GU13,Heat FC ECNL GU13,4,0,Silverlakes Sports Complex - Field 20,82,57,LAFC So Cal,LV Heat Surf SC
U13,Texas,171124,2020-08-29 10:00,44930,45734,Oklahoma Celtic ECNL GU13,DKSC ECNL GU13,1,5,Oklahoma Celtic - Field 11,2134,7,Oklahoma Celtic,No Club Selection
U13,Texas,171131,2020-09-05 09:00,45734,46900,DKSC ECNL GU13,FC Dallas ECNL GU13,0,0,Cox Soccer Complex - Field 2,7,47,No Club Selection,FC Dallas Youth
U13,Texas,171128,2020-09-05 11:00,44930,45786,Oklahoma Celtic ECNL GU13,Dallas Texans ECNL GU13,0,3,Oklahoma Celtic - Field 8,2134,37,Oklahoma Celtic,Dallas Texans
U13,Texas,171130,2020-09-05 11:00,11429,22213,Sting Dallas Black ECNL GU13,Sting Dallas Royal ECNL GU13,7,0,Sting Complex - Field 2,36,36,Sting Soccer Club,Sting Soccer Club
U13,Texas,171129,2020-09-05 13:00,44083,46791,Tulsa SC ECNL GU13,Solar ECNL GU13,1,9,ISSC - Field 39,7,101,No Club Selection,Solar SC
U13,Texas,171126,2020-09-05 16:00,44419,29192,Challenge SC ECNL GU13,Classics Elite ECNL GU13,7,0,Burroughs Park - Field 3,25,1375,Challenge SC,Classics Elite Soccer Academy
U13,Texas,171133,2020-09-13 09:00,39582,29192,AHFC ECNL GU13,Classics Elite ECNL GU13,3,0,Campbell Road Sports Park - Field 5,10,1375,Albion Hurricanes FC,Classics Elite Soccer Academy
U13,Texas,171134,2020-09-13 11:00,45786,44083,Dallas Texans ECNL GU13,Tulsa SC ECNL GU13,5,1,Dallas Texans Lewisville - Field 2,37,7,Dallas Texans,No Club Selection
U13,Texas,171135,2020-09-13 11:00,46791,44930,Solar ECNL GU13,Oklahoma Celtic ECNL GU13,2,1,Fairview Soccer Park - Field 5,101,2134,Solar SC,Oklahoma Celtic
U13,Texas,171136,2020-09-13 15:00,46900,11429,FC Dallas ECNL GU13,Sting Dallas Black ECNL GU13,1,3,Toyota Soccer Center - Field 6,47,36,FC Dallas Youth,Sting Soccer Club
U13,Texas,171137,2020-09-13 18:00,22213,45734,Sting Dallas Royal ECNL GU13,DKSC ECNL GU13,1,0,Chinn Chapel - Field 5,36,7,Sting Soccer Club,No Club Selection
U13,Texas,171132,2020-09-17,44419,46779,Challenge SC ECNL GU13,Sting Austin ECNL GU13,0,3,Burroughs Park - Field 1,25,1690,Challenge SC,Sting Austin
U13,Texas,171138,2020-09-19 09:00,46779,44930,Sting Austin ECNL GU13,Oklahoma Celtic ECNL GU13,4,1,1849 Park - Field 3A,1690,2134,Sting Austin,Oklahoma Celtic
U13,Texas,171139,2020-09-19 09:00,29192,44083,Classics Elite ECNL GU13,Tulsa SC ECNL GU13,2,0,CE Soccer Complex - Field 6,1375,7,Classics Elite Soccer Academy,No Club Selection
U13,Texas,171140,2020-09-20 09:00,29192,44930,Classics Elite ECNL GU13,Oklahoma Celtic ECNL GU13,1,0,CE Soccer Complex - Field 5,1375,2134,Classics Elite Soccer Academy,Oklahoma Celtic
U13,Texas,171141,2020-09-20 09:00,46779,44083,Sting Austin ECNL GU13,Tulsa SC ECNL GU13,3,1,1849 Park - Field 3A,1690,7,Sting Austin,No Club Selection
U13,Texas,171142,2020-09-26 09:00,39582,46779,AHFC ECNL GU13,Sting Austin ECNL GU13,0,1,Campbell Road Sports Park - Field 5,10,1690,Albion Hurricanes FC,Sting Austin
U13,Texas,171143,2020-09-26 11:00,45786,44930,Dallas Texans ECNL GU13,Oklahoma Celtic ECNL GU13,2,0,Ross Stewart Soccer Complex - Field 2,37,2134,Dallas Texans,Oklahoma Celtic
U13,Texas,171145,2020-09-26 11:00,22213,11429,Sting Dallas Royal ECNL GU13,Sting Dallas Black ECNL GU13,0,5,Sting Complex - Field 2,36,36,Sting Soccer Club,Sting Soccer Club
U13,Texas,171146,2020-09-26 11:00,46900,45734,FC Dallas ECNL GU13,DKSC ECNL GU13,2,3,Toyota Soccer Center - Field 13,47,7,FC Dallas Youth,No Club Selection
U13,Texas,171144,2020-09-26 12:30,46791,44083,Solar ECNL GU13,Tulsa SC ECNL GU13,5,0,Fairview Soccer Park - Field 5,101,7,Solar SC,No Club Selection
U13,Texas,171147,2020-09-27 13:00,29192,44419,Classics Elite ECNL GU13,Challenge SC ECNL GU13,3,0,CE Soccer Complex - Field 5,1375,25,Classics Elite Soccer Academy,Challenge SC
U13,Texas,171149,2020-10-03 12:00,46779,44419,Sting Austin ECNL GU13,Challenge SC ECNL GU13,3,0,1849 Park - Field 3A,1690,25,Sting Austin,Challenge SC
U13,Texas,171148,2020-10-04 09:00,29192,39582,Classics Elite ECNL GU13,AHFC ECNL GU13,2,2,CE Soccer Complex - Field 5 d don't use,1375,10,Classics Elite Soccer Academy,Albion Hurricanes FC
U13,Texas,171152,2020-10-04 09:00,11429,46900,Sting Dallas Black ECNL GU13,FC Dallas ECNL GU13,0,0,Sting Complex - Field 2,36,47,Sting Soccer Club,FC Dallas Youth
U13,Texas,171150,2020-10-04 11:00,44930,46791,Oklahoma Celtic ECNL GU13,Solar ECNL GU13,2,6,Oklahoma Celtic - Field 8,2134,101,Oklahoma Celtic,Solar SC
U13,Texas,171151,2020-10-04 12:00,44083,45786,Tulsa SC ECNL GU13,Dallas Texans ECNL GU13,0,3,Titan Main - Field 1,7,37,No Club Selection,Dallas Texans
U13,Texas,171153,2020-10-04 15:00,45734,22213,DKSC ECNL GU13,Sting Dallas Royal ECNL GU13,3,0,MoneyGram Soccer Park - Field 1,7,36,No Club Selection,Sting Soccer Club
U13,Texas,171155,2020-10-17 09:00,44419,44930,Challenge SC ECNL GU13,Oklahoma Celtic ECNL GU13,1,1,Burroughs Park - Field 2,25,2134,Challenge SC,Oklahoma Celtic
U13,Texas,171157,2020-10-17 09:00,22213,45786,Sting Dallas Royal ECNL GU13,Dallas Texans ECNL GU13,1,1,Sting Complex - Field 1,36,37,Sting Soccer Club,Dallas Texans
U13,Texas,171156,2020-10-17 15:00,46900,46791,FC Dallas ECNL GU13,Solar ECNL GU13,1,1,Toyota Soccer Center - Field 6,47,101,FC Dallas Youth,Solar SC
U13,Texas,171158,2020-10-18 08:30,39582,44930,AHFC ECNL GU13,Oklahoma Celtic ECNL GU13,1,0,Campbell Road Sports Park - Field 5,10,2134,Albion Hurricanes FC,Oklahoma Celtic
U13,Texas,171161,2020-10-18 13:00,22213,46791,Sting Dallas Royal ECNL GU13,Solar ECNL GU13,0,1,Fairview Soccer Park - Field 3,36,101,Sting Soccer Club,Solar SC
U13,Texas,171160,2020-10-18 15:00,46900,45786,FC Dallas ECNL GU13,Dallas Texans ECNL GU13,1,0,Toyota Soccer Center - Field 7,47,37,FC Dallas Youth,Dallas Texans
U13,Texas,171162,2020-10-24 09:00,29192,11429,Classics Elite ECNL GU13,Sting Dallas Black ECNL GU13,1,8,CE Soccer Complex - Field 5 d don't use,1375,36,Classics Elite Soccer Academy,Sting Soccer Club
U13,Texas,171163,2020-10-24 09:00,46779,45734,Sting Austin ECNL GU13,DKSC ECNL GU13,1,0,1849 Park - Field 3A,1690,7,Sting Austin,No Club Selection
U13,Texas,171164,2020-10-25 09:00,29192,45734,Classics Elite ECNL GU13,DKSC ECNL GU13,1,5,CE Soccer Complex - Field 5 d don't use,1375,7,Classics Elite Soccer Academy,No Club Selection
U13,Texas,171165,2020-10-25 09:00,46779,11429,Sting Austin ECNL GU13,Sting Dallas Black ECNL GU13,0,1,1849 Park - Field 3A,1690,36,Sting Austin,Sting Soccer Club
U13,Texas,171170,2020-10-31 08:30,45786,11429,Dallas Texans ECNL GU13,Sting Dallas Black ECNL GU13,0,3,Arlington Heights High School - Field 1,37,36,Dallas Texans,Sting Soccer Club
U13,Texas,171171,2020-10-31 09:00,46791,45734,Solar ECNL GU13,DKSC ECNL GU13,1,4,Gateway Park - Field 3,101,7,Solar SC,No Club Selection
U13,Texas,171176,2020-11-01 08:30,45786,45734,Dallas Texans ECNL GU13,DKSC ECNL GU13,0,1,Arlington Heights High School - Field 1,37,7,Dallas Texans,No Club Selection
U13,Texas,171177,2020-11-01 09:00,46791,11429,Solar ECNL GU13,Sting Dallas Black ECNL GU13,1,4,John Paul II High School - Field 1,101,36,Solar SC,Sting Soccer Club
U13,Texas,171178,2020-11-07 09:00,45734,44083,DKSC ECNL GU13,Tulsa SC ECNL GU13,6,0,Cox Soccer Complex - Field 2,7,7,No Club Selection,No Club Selection
U13,Texas,171179,2020-11-07 11:00,11429,44930,Sting Dallas Black ECNL GU13,Oklahoma Celtic ECNL GU13,5,0,Toyota of Lewisville Railroad Park - Field 1,36,2134,Sting Soccer Club,Oklahoma Celtic
U13,Texas,171167,2020-11-07 17:00,22213,44419,Sting Dallas Royal ECNL GU13,Challenge SC ECNL GU13,0,2,Toyota of Lewisville Railroad Park - Field 1,36,25,Sting Soccer Club,Challenge SC
U13,Texas,171180,2020-11-08 09:00,45734,44930,DKSC ECNL GU13,Oklahoma Celtic ECNL GU13,8,0,Cox Soccer Complex - Field 2,7,2134,No Club Selection,Oklahoma Celtic
U13,Texas,171181,2020-11-08 11:00,11429,44083,Sting Dallas Black ECNL GU13,Tulsa SC ECNL GU13,6,0,Toyota of Lewisville Railroad Park - Field 1,36,7,Sting Soccer Club,No Club Selection
U13,Texas,215324,2020-11-08 13:00,29192,46779,Classics Elite ECNL GU13,Sting Austin ECNL GU13,0,4,CE Soccer Complex - Field 6,1375,1690,Classics Elite Soccer Academy,Sting Austin
U13,Texas,171173,2020-11-08 15:00,22213,39582,Sting Dallas Royal ECNL GU13,AHFC ECNL GU13,0,1,Toyota of Lewisville Railroad Park - Field 3,36,10,Sting Soccer Club,Albion Hurricanes FC
U13,Texas,171183,2020-11-21 09:00,46791,39582,Solar ECNL GU13,AHFC ECNL GU13,4,0,Fairview Soccer Park - Field 5,101,10,Solar SC,Albion Hurricanes FC
U13,Texas,171182,2020-11-21 11:00,45786,44419,Dallas Texans ECNL GU13,Challenge SC ECNL GU13,3,1,Ross Stewart Soccer Complex - Field 4,37,25,Dallas Texans,Challenge SC
U13,Texas,171185,2020-11-22 09:00,45786,39582,Dallas Texans ECNL GU13,AHFC ECNL GU13,1,0,Ross Stewart Soccer Complex - Field 4,37,10,Dallas Texans,Albion Hurricanes FC
U13,Texas,171186,2020-11-22 09:00,46791,44419,Solar ECNL GU13,Challenge SC ECNL GU13,3,0,Fairview Soccer Park - Field 5,101,25,Solar SC,Challenge SC
U13,Texas,171190,2020-12-12 09:00,44083,22213,Tulsa SC ECNL GU13,Sting Dallas Royal ECNL GU13,0,4,ISSC - Field 39,7,36,No Club Selection,Sting Soccer Club
U13,Texas,171191,2020-12-12 09:00,46779,45786,Sting Austin ECNL GU13,Dallas Texans ECNL GU13,2,1,Lake Travis High School Track - Field 1,1690,37,Sting Austin,Dallas Texans
U13,Texas,171192,2020-12-12 09:00,29192,46791,Classics Elite ECNL GU13,Solar ECNL GU13,0,7,CE Soccer Complex - Field 6 d don't use,1375,101,Classics Elite Soccer Academy,Solar SC
U13,Texas,171197,2020-12-13 09:00,46779,46791,Sting Austin ECNL GU13,Solar ECNL GU13,1,2,Tippit Middle School - Track Field,1690,101,Sting Austin,Solar SC
U13,Texas,171198,2020-12-13 09:00,29192,45786,Classics Elite ECNL GU13,Dallas Texans ECNL GU13,2,2,CE Soccer Complex - Field 5 d don't use,1375,37,Classics Elite Soccer Academy,Dallas Texans
U13,Texas,171154,2021-01-23 08:00,39582,44083,AHFC ECNL GU13,Tulsa SC ECNL GU13,3,0,Campbell Road Sports Park - Field 4,10,7,Albion Hurricanes FC,No Club Selection
U13,Texas,171159,2021-01-24 08:00,44419,44083,Challenge SC ECNL GU13,Tulsa SC ECNL GU13,0,0,Campbell Rd Sports Park,25,7,Challenge SC,No Club Selection
U13,Texas,171184,2021-01-30 10:00,44083,44930,Tulsa SC ECNL GU13,Oklahoma Celtic ECNL GU13,1,0,Titan Main - Field 1,7,2134,No Club Selection,Oklahoma Celtic
U13,Texas,171127,2021-02-06 10:00,46779,39582,Sting Austin ECNL GU13,AHFC ECNL GU13,0,1,Parkway Church - Field 1,1690,10,Sting Austin,Albion Hurricanes FC
U13,Texas,171189,2021-02-06 14:00,44930,46900,Oklahoma Celtic ECNL GU13,FC Dallas ECNL GU13,0,6,Oklahoma Celtic - Field 10,2134,47,Oklahoma Celtic,FC Dallas Youth
U13,Texas,171203,2021-02-27 09:00,22213,46900,Sting Dallas Royal ECNL GU13,FC Dallas ECNL GU13,3,1,Carpenter Pak - Field C,36,47,Sting Soccer Club,FC Dallas Youth
U13,Texas,171200,2021-02-27 10:45,44419,39582,Challenge SC ECNL GU13,AHFC ECNL GU13,0,2,Burroughs Park - Field 1,25,10,Challenge SC,Albion Hurricanes FC
U13,Texas,171201,2021-02-28 10:00,46779,29192,Sting Austin ECNL GU13,Classics Elite ECNL GU13,5,1,Legacy USA Sports Complex - Field 9,1690,1375,Sting Austin,Classics Elite Soccer Academy
U13,Texas,171205,2021-03-06 09:00,11429,44419,Sting Dallas Black ECNL GU13,Challenge SC ECNL GU13,3,1,Sting Complex - Field 2,36,25,Sting Soccer Club,Challenge SC
U13,Texas,171206,2021-03-06 09:00,45734,39582,DKSC ECNL GU13,AHFC ECNL GU13,2,2,Cox Soccer Complex - Field 1,7,10,No Club Selection,Albion Hurricanes FC
U13,Texas,171207,2021-03-06 09:00,22213,44930,Sting Dallas Royal ECNL GU13,Oklahoma Celtic ECNL GU13,0,0,Sting Complex - Field 1,36,2134,Sting Soccer Club,Oklahoma Celtic
U13,Texas,171209,2021-03-06 09:00,45786,29192,Dallas Texans ECNL GU13,Classics Elite ECNL GU13,4,1,Arlington Heights High School - Field 1,37,1375,Dallas Texans,Classics Elite Soccer Academy
U13,Texas,171210,2021-03-06 09:00,46791,46779,Solar ECNL GU13,Sting Austin ECNL GU13,3,1,Fairview Soccer Park - Field 1,101,1690,Solar SC,Sting Austin
U13,Texas,171208,2021-03-06 14:45,46900,44083,FC Dallas ECNL GU13,Tulsa SC ECNL GU13,3,0,MoneyGram Soccer Park - Field 8,47,7,FC Dallas Youth,No Club Selection
U13,Texas,171214,2021-03-07 08:00,46900,44930,FC Dallas ECNL GU13,Oklahoma Celtic ECNL GU13,1,0,MoneyGram Soccer Park - Field 6,47,2134,FC Dallas Youth,Oklahoma Celtic
U13,Texas,171211,2021-03-07 09:00,11429,39582,Sting Dallas Black ECNL GU13,AHFC ECNL GU13,1,0,Sting Complex - Field 2,36,10,Sting Soccer Club,Albion Hurricanes FC
U13,Texas,171213,2021-03-07 09:00,22213,44083,Sting Dallas Royal ECNL GU13,Tulsa SC ECNL GU13,3,3,Sting Complex - Field 1,36,7,Sting Soccer Club,No Club Selection
U13,Texas,171216,2021-03-07 09:00,46791,29192,Solar ECNL GU13,Classics Elite ECNL GU13,5,1,Fairview Soccer Park - Field 1,101,1375,Solar SC,Classics Elite Soccer Academy
U13,Texas,171215,2021-03-07 11:00,45786,46779,Dallas Texans ECNL GU13,Sting Austin ECNL GU13,0,1,Arlington Heights High School - Field 1,37,1690,Dallas Texans,Sting Austin
U13,Texas,171212,2021-03-07 13:00,45734,44419,DKSC ECNL GU13,Challenge SC ECNL GU13,1,0,Gateway - Field 3,7,25,No Club Selection,Challenge SC
U13,Texas,171218,2021-03-27 09:00,11429,45734,Sting Dallas Black ECNL GU13,DKSC ECNL GU13,0,1,Sting Complex - Field 2,36,7,Sting Soccer Club,No Club Selection
U13,Texas,171219,2021-03-27 09:00,46900,22213,FC Dallas ECNL GU13,Sting Dallas Royal ECNL GU13,1,1,Toyota Soccer Center - Field 5,47,36,FC Dallas Youth,Sting Soccer Club
U13,Texas,171220,2021-03-28 11:00,45786,46791,Dallas Texans ECNL GU13,Solar ECNL GU13,0,3,Arlington Heights High School - Field 1,37,101,Dallas Texans,Solar SC
U13,Texas,171199,2021-03-28 16:00,44930,44083,Oklahoma Celtic ECNL GU13,Tulsa SC ECNL GU13,2,0,Oklahoma Celtic - Field 11,2134,7,Oklahoma Celtic,No Club Selection
U13,Texas,171166,2021-04-10 14:00,46900,39582,FC Dallas ECNL GU13,AHFC ECNL GU13,0,1,Toyota Soccer Center - Field 5,47,10,FC Dallas Youth,Albion Hurricanes FC
U13,Texas,171172,2021-04-11 10:00,46900,44419,FC Dallas ECNL GU13,Challenge SC ECNL GU13,1,0,Toyota Soccer Center - Field 5,47,25,FC Dallas Youth,Challenge SC
U13,Texas,171125,2021-04-17 08:00,44083,11429,Tulsa SC ECNL GU13,Sting Dallas Black ECNL GU13,1,6,ISSC - Field 38,7,36,No Club Selection,Sting Soccer Club
U13,Texas,171222,2021-04-17 09:00,29192,22213,Classics Elite ECNL GU13,Sting Dallas Royal ECNL GU13,0,2,CE Soccer Complex - Field 5 d don't use,1375,36,Classics Elite Soccer Academy,Sting Soccer Club
U13,Texas,171221,2021-04-17 13:00,46779,46900,Sting Austin ECNL GU13,FC Dallas ECNL GU13,1,0,Benold Middle School - Track Field,1690,47,Sting Austin,FC Dallas Youth
U13,Texas,171225,2021-04-18 09:00,46779,22213,Sting Austin ECNL GU13,Sting Dallas Royal ECNL GU13,2,0,East View High School - Stadium Field,1690,36,Sting Austin,Sting Soccer Club
U13,Texas,171226,2021-04-18 11:00,29192,46900,Classics Elite ECNL GU13,FC Dallas ECNL GU13,3,2,CE Soccer Complex - Field 5 d don't use,1375,47,Classics Elite Soccer Academy,FC Dallas Youth
U13,Texas,171228,2021-04-24 09:00,44930,39582,Oklahoma Celtic ECNL GU13,AHFC ECNL GU13,,,Oklahoma Celtic - Field 8,2134,10,Oklahoma Celtic,Albion Hurricanes FC
U13,Texas,171229,2021-04-24 09:00,11429,46779,Sting Dallas Black ECNL GU13,Sting Austin ECNL GU13,3,0,Carpenter Park - Field B,36,1690,Sting Soccer Club,Sting Austin
U13,Texas,171230,2021-04-24 09:00,45734,29192,DKSC ECNL GU13,Classics Elite ECNL GU13,5,1,Cox Soccer Complex - Field 1,7,1375,No Club Selection,Classics Elite Soccer Academy
U13,Texas,171231,2021-04-24 10:00,46791,22213,Solar ECNL GU13,Sting Dallas Royal ECNL GU13,1,1,Gateway Park - Field 3,101,36,Solar SC,Sting Soccer Club
U13,Texas,171227,2021-04-24 15:00,44083,44419,Tulsa SC ECNL GU13,Challenge SC ECNL GU13,0,6,Titan Main - Field 1,7,25,No Club Selection,Challenge SC
U13,Texas,171233,2021-04-25 08:00,44083,39582,Tulsa SC ECNL GU13,AHFC ECNL GU13,0,5,Titan Main - Field 1,7,10,No Club Selection,Albion Hurricanes FC
U13,Texas,171234,2021-04-25 08:30,44930,44419,Oklahoma Celtic ECNL GU13,Challenge SC ECNL GU13,0,4,Oklahoma Celtic - Field 11,2134,25,Oklahoma Celtic,Challenge SC
U13,Texas,171235,2021-04-25 09:00,11429,29192,Sting Dallas Black ECNL GU13,Classics Elite ECNL GU13,6,0,Sting Complex - Field 2,36,1375,Sting Soccer Club,Classics Elite Soccer Academy
U13,Texas,171236,2021-04-25 09:00,45734,46779,DKSC ECNL GU13,Sting Austin ECNL GU13,2,3,Cox Soccer Complex - Field 1,7,1690,No Club Selection,Sting Austin
U13,Texas,171239,2021-05-01 09:00,39582,22213,AHFC ECNL GU13,Sting Dallas Royal ECNL GU13,1,2,Campbell Road Sports Park - Field 5,10,36,Albion Hurricanes FC,Sting Soccer Club
U13,Texas,171240,2021-05-01 09:00,44419,46900,Challenge SC ECNL GU13,FC Dallas ECNL GU13,0,1,Burroughs Park - Field 2,25,47,Challenge SC,FC Dallas Youth
U13,Texas,171241,2021-05-01 09:00,11429,46791,Sting Dallas Black ECNL GU13,Solar ECNL GU13,1,2,Lowery Freshman Center Stadium - Field 1,36,101,Sting Soccer Club,Solar SC
U13,Texas,171242,2021-05-01 11:00,45734,45786,DKSC ECNL GU13,Dallas Texans ECNL GU13,1,0,Cox Soccer Complex - Field 2,7,37,No Club Selection,Dallas Texans
U13,Texas,171244,2021-05-02 08:00,44419,22213,Challenge SC ECNL GU13,Sting Dallas Royal ECNL GU13,,,Burroughs Park - Field 2,25,36,Challenge SC,Sting Soccer Club
U13,Texas,171245,2021-05-02 09:00,11429,45786,Sting Dallas Black ECNL GU13,Dallas Texans ECNL GU13,2,1,Lowery Freshman Center Stadium - Field 1,36,37,Sting Soccer Club,Dallas Texans
U13,Texas,171246,2021-05-02 09:00,45734,46791,DKSC ECNL GU13,Solar ECNL GU13,2,3,Cox Soccer Complex - Field 2,7,101,No Club Selection,Solar SC
U13,Texas,171195,2021-05-08 11:00,44930,22213,Oklahoma Celtic ECNL GU13,Sting Dallas Royal ECNL GU13,0,2,Oklahoma Celtic - Field 11,2134,36,Oklahoma Celtic,Sting Soccer Club
U13,Texas,171248,2021-05-15 09:00,39582,45786,AHFC ECNL GU13,Dallas Texans ECNL GU13,1,1,Campbell Road Sports Park - Field 5,10,37,Albion Hurricanes FC,Dallas Texans
U13,Texas,171249,2021-05-15 09:00,44419,46791,Challenge SC ECNL GU13,Solar ECNL GU13,0,4,Burroughs Park - Field 2,25,101,Challenge SC,Solar SC
U13,Texas,171251,2021-05-15 09:00,22213,46779,Sting Dallas Royal ECNL GU13,Sting Austin ECNL GU13,2,2,Sting Complex - Field 2,36,1690,Sting Soccer Club,Sting Austin
U13,Texas,171250,2021-05-15 13:00,46900,29192,FC Dallas ECNL GU13,Classics Elite ECNL GU13,2,0,Toyota Soccer Center - Field 6,47,1375,FC Dallas Youth,Classics Elite Soccer Academy
U13,Texas,171252,2021-05-16 09:00,39582,46791,AHFC ECNL GU13,Solar ECNL GU13,0,3,Campbell Road Sports Park - Field 5,10,101,Albion Hurricanes FC,Solar SC
U13,Texas,171253,2021-05-16 09:00,44419,45786,Challenge SC ECNL GU13,Dallas Texans ECNL GU13,2,0,Burroughs Park - Field 1,25,37,Challenge SC,Dallas Texans
U13,Texas,171223,2021-05-16 10:00,44930,11429,Oklahoma Celtic ECNL GU13,Sting Dallas Black ECNL GU13,,,Oklahoma Celtic - Field 11,2134,36,Oklahoma Celtic,Sting Soccer Club
U13,Texas,171224,2021-05-16 10:00,44083,45734,Tulsa SC ECNL GU13,DKSC ECNL GU13,0,3,ISSC - Field 39,7,7,No Club Selection,No Club Selection
U13,Texas,171255,2021-05-16 11:00,22213,29192,Sting Dallas Royal ECNL GU13,Classics Elite ECNL GU13,0,1,Ereckson Middle School - Field 1,36,1375,Sting Soccer Club,Classics Elite Soccer Academy
U13,Texas,171254,2021-05-16 13:15,46900,46779,FC Dallas ECNL GU13,Sting Austin ECNL GU13,,,Frisco High School - Field 1,47,1690,FC Dallas Youth,Sting Austin
U13,Texas,171232,2021-05-19 18:30,45786,46900,Dallas Texans ECNL GU13,FC Dallas ECNL GU13,0,1,Arlington Heights High School - Field 1,37,47,Dallas Texans,FC Dallas Youth
U13,Texas,171187,2021-05-22 07:45,44419,45734,Challenge SC ECNL GU13,DKSC ECNL GU13,1,3,Matias Almeyda - Field 1,25,7,Challenge SC,No Club Selection
U13,Texas,171168,2021-05-22 09:00,44930,29192,Oklahoma Celtic ECNL GU13,Classics Elite ECNL GU13,0,0,Oklahoma Celtic - Field 11,2134,1375,Oklahoma Celtic,Classics Elite Soccer Academy
U13,Texas,171169,2021-05-22 09:00,44083,46779,Tulsa SC ECNL GU13,Sting Austin ECNL GU13,0,4,ISSC - Field 39,7,1690,No Club Selection,Sting Austin
U13,Texas,171188,2021-05-22 11:00,39582,11429,AHFC ECNL GU13,Sting Dallas Black ECNL GU13,1,3,Campbell Road Sports Park - Field 5,10,36,Albion Hurricanes FC,Sting Soccer Club
U13,Texas,171193,2021-05-23 08:00,44419,11429,Challenge SC ECNL GU13,Sting Dallas Black ECNL GU13,0,3,Matias Almeyda - Field 1,25,36,Challenge SC,Sting Soccer Club
U13,Texas,171194,2021-05-23 08:00,39582,45734,AHFC ECNL GU13,DKSC ECNL GU13,0,5,Campbell Road Sports Park - Field 1,10,7,Albion Hurricanes FC,No Club Selection
U13,Texas,171174,2021-05-23 09:00,44930,46779,Oklahoma Celtic ECNL GU13,Sting Austin ECNL GU13,1,0,Oklahoma Celtic - Field 8,2134,1690,Oklahoma Celtic,Sting Austin
U13,Texas,171175,2021-05-23 10:00,44083,29192,Tulsa SC ECNL GU13,Classics Elite ECNL GU13,0,1,ISSC - Field 39,7,1375,No Club Selection,Classics Elite Soccer Academy
U13,Texas,171204,2021-05-23 12:15,46791,45786,Solar ECNL GU13,Dallas Texans ECNL GU13,3,1,Memorial High School - Field 1,101,37,Solar SC,Dallas Texans
U13,Texas,171202,2021-05-25 18:00,45734,11429,DKSC ECNL GU13,Sting Dallas Black ECNL GU13,,,Cox Soccer Complex - Field 1,7,36,No Club Selection,Sting Soccer Club
U13,Texas,171237,2021-05-26 18:15,46791,46900,Solar ECNL GU13,FC Dallas ECNL GU13,4,1,Wakeland High School - Field 1,101,47,Solar SC,FC Dallas Youth
U13,Texas,171196,2021-05-29 08:30,44083,46900,Tulsa SC ECNL GU13,FC Dallas ECNL GU13,0,4,Titan Main - Field 2,7,47,No Club Selection,FC Dallas Youth
U13,Texas,171217,2021-06-02 18:00,39582,44419,AHFC ECNL GU13,Challenge SC ECNL GU13,0,2,Campbell Road Sports Park - Field 1,10,25,Albion Hurricanes FC,Challenge SC
U13,Texas,171238,2021-06-02 18:30,45786,22213,Dallas Texans ECNL GU13,Sting Dallas Royal ECNL GU13,0,2,Wakeland High School - Field 1,37,36,Dallas Texans,Sting Soccer Club
U13,Texas,171243,2021-06-05 09:45,39582,46900,AHFC ECNL GU13,FC Dallas ECNL GU13,2,1,Meyer Park - Field 27,10,47,Albion Hurricanes FC,FC Dallas Youth
U14,Mid-Atlantic,193989,2020-09-12 10:00,44729,35272,NC Courage ECNL GU14,Wilmington Hammerheads ECNL GU14,2,1,WRAL Soccer Complex - WRAL 05 First Watch,3404,7,NC Courage Academy,No Club Selection
U14,Mid-Atlantic,193990,2020-09-12 10:00,35268,35269,NCFC Youth ECNL GU14,NC Fusion ECNL GU14,1,3,WRAL Soccer Center - Office Mart #13,22,71,NCFC Youth,NC Fusion
U14,Mid-Atlantic,193988,2020-09-12 11:00,22314,35287,Richmond United ECNL GU14,Loudoun Soccer ECNL GU14,2,5,West Creek - Field 6,417,4369,Richmond United,Northern Virginia Alliance
U14,Mid-Atlantic,193992,2020-09-12 13:00,27972,44722,CESA ECNL GU14,Charlotte SA ECNL GU14,0,2,Mesa Soccer Complex - Field 2,380,26,Carolina Elite Soccer Academy,Charlotte Soccer Academy
U14,Mid-Atlantic,193991,2020-09-12 14:00,35286,35270,Charlotte Independence ECNL GU14,South Carolina United ECNL GU14,2,2,Bailey Road Park - Field 1 (upper),1010,1689,Charlotte Independence SC,South Carolina United FC
U14,Mid-Atlantic,193993,2020-09-13 12:00,11957,25892,BRYC Elite Academy ECNL GU14,McLean YSA ECNL GU14,1,3,Robinson High School - Stadium Turf,4603,4603,Fairfax Virginia Union,Fairfax Virginia Union
U14,Mid-Atlantic,193994,2020-09-13 12:00,35269,44729,NC Fusion ECNL GU14,NC Courage ECNL GU14,1,9,Truist Sports Park - Field 4,71,3404,NC Fusion,NC Courage Academy
U14,Mid-Atlantic,193996,2020-09-13 13:00,35286,27972,Charlotte Independence ECNL GU14,CESA ECNL GU14,1,1,Bailey Road Park - Field 1 (upper),1010,380,Charlotte Independence SC,Carolina Elite Soccer Academy
U14,Mid-Atlantic,193995,2020-09-13 15:00,35272,35268,Wilmington Hammerheads ECNL GU14,NCFC Youth ECNL GU14,7,1,Cape Fear Regional Soccer Park - Field 3,7,22,No Club Selection,NCFC Youth
U14,Mid-Atlantic,193997,2020-09-19 11:00,35271,35287,VDA ECNL GU14,Loudoun Soccer ECNL GU14,0,1,Ali Krieger Sports Complex (AKSC) - Field 8,1785,4369,Virginia Development Academy,Northern Virginia Alliance
U14,Mid-Atlantic,193999,2020-09-19 12:00,44729,35270,NC Courage ECNL GU14,South Carolina United ECNL GU14,3,2,WRAL Soccer Complex - WRAL 05 First Watch,3404,1689,NC Courage Academy,South Carolina United FC
U14,Mid-Atlantic,194000,2020-09-19 12:00,35268,27972,NCFC Youth ECNL GU14,CESA ECNL GU14,2,4,WRAL Soccer Center - Dicks Sporting Goods #1,22,380,NCFC Youth,Carolina Elite Soccer Academy
U14,Mid-Atlantic,194001,2020-09-19 12:00,35269,35272,NC Fusion ECNL GU14,Wilmington Hammerheads ECNL GU14,1,1,Truist Soccer Complex at Bryan Park - BP 08 Secret,71,7,NC Fusion,No Club Selection
U14,Mid-Atlantic,194002,2020-09-19 12:00,44722,35286,Charlotte SA ECNL GU14,Charlotte Independence ECNL GU14,1,1,OrthoCarolina Sportsplex - Field 6,26,1010,Charlotte Soccer Academy,Charlotte Independence SC
U14,Mid-Atlantic,193998,2020-09-19 15:00,22314,11957,Richmond United ECNL GU14,BRYC Elite Academy ECNL GU14,8,1,West Creek - Field 6,417,4603,Richmond United,Fairfax Virginia Union
U14,Mid-Atlantic,194003,2020-09-20 09:00,44729,27972,NC Courage ECNL GU14,CESA ECNL GU14,2,0,WRAL Soccer Complex - WRAL 05 First Watch,3404,380,NC Courage Academy,Carolina Elite Soccer Academy
U14,Mid-Atlantic,194004,2020-09-20 09:00,35268,35270,NCFC Youth ECNL GU14,South Carolina United ECNL GU14,0,3,Wake Competition Center - Field 2,22,1689,NCFC Youth,South Carolina United FC
U14,Mid-Atlantic,194005,2020-09-20 13:00,44722,35269,Charlotte SA ECNL GU14,NC Fusion ECNL GU14,0,0,OrthoCarolina Sportsplex - Field 6,26,71,Charlotte Soccer Academy,NC Fusion
U14,Mid-Atlantic,194007,2020-09-26 11:00,35271,11957,VDA ECNL GU14,BRYC Elite Academy ECNL GU14,2,1,Ali Krieger Sports Complex (AKSC) - Field 8,1785,4603,Virginia Development Academy,Fairfax Virginia Union
U14,Mid-Atlantic,194008,2020-09-26 12:00,44729,44722,NC Courage ECNL GU14,Charlotte SA ECNL GU14,2,3,WRAL Soccer Complex - WRAL 05 First Watch,3404,26,NC Courage Academy,Charlotte Soccer Academy
U14,Mid-Atlantic,194006,2020-09-26 12:30,25892,22314,McLean YSA ECNL GU14,Richmond United ECNL GU14,2,0,Lewinsville Park - Field 3,4603,417,Fairfax Virginia Union,Richmond United
U14,Mid-Atlantic,194010,2020-09-26 13:00,35269,35270,NC Fusion ECNL GU14,South Carolina United ECNL GU14,1,1,Truist Soccer Complex at Bryan Park - BP 08 Secret,71,1689,NC Fusion,South Carolina United FC
U14,Mid-Atlantic,194009,2020-09-26 14:00,35268,35286,NCFC Youth ECNL GU14,Charlotte Independence ECNL GU14,1,2,WRAL Soccer Center - Soccer.com #12,22,1010,NCFC Youth,Charlotte Independence SC
U14,Mid-Atlantic,194011,2020-09-27 13:00,35270,44722,South Carolina United ECNL GU14,Charlotte SA ECNL GU14,0,0,Southeastern Freight Lines Complex - Stadium B,1689,26,South Carolina United FC,Charlotte Soccer Academy
U14,Mid-Atlantic,194014,2020-10-03 12:00,44722,35270,Charlotte SA ECNL GU14,South Carolina United ECNL GU14,2,1,OrthoCarolina Sportsplex - Field 5,26,1689,Charlotte Soccer Academy,South Carolina United FC
U14,Mid-Atlantic,194012,2020-10-03 13:00,22314,35271,Richmond United ECNL GU14,VDA ECNL GU14,3,2,West Creek - Field 6,417,1785,Richmond United,Virginia Development Academy
U14,Mid-Atlantic,194013,2020-10-03 13:00,35272,27972,Wilmington Hammerheads ECNL GU14,CESA ECNL GU14,2,0,Cape Fear Regional Soccer Park - Field 2,7,380,No Club Selection,Carolina Elite Soccer Academy
U14,Mid-Atlantic,194017,2020-10-04 11:00,35269,35268,NC Fusion ECNL GU14,NCFC Youth ECNL GU14,3,0,Truist Soccer Complex at Bryan Park - BP 03 Wrangler,71,22,NC Fusion,NCFC Youth
U14,Mid-Atlantic,194016,2020-10-04 13:00,44729,35286,NC Courage ECNL GU14,Charlotte Independence ECNL GU14,0,1,WRAL Soccer Complex - WRAL 03 Ricky Horwitz,3404,1010,NC Courage Academy,Charlotte Independence SC
U14,Mid-Atlantic,194015,2020-10-04 14:00,35287,25892,Loudoun Soccer ECNL GU14,McLean YSA ECNL GU14,2,0,Loudoun Soccer Park - Field 1,4369,4603,Northern Virginia Alliance,Fairfax Virginia Union
U14,Mid-Atlantic,194018,2020-10-10 12:00,11957,22314,BRYC Elite Academy ECNL GU14,Richmond United ECNL GU14,2,2,Robinson High School - Stadium Turf,4603,417,Fairfax Virginia Union,Richmond United
U14,Mid-Atlantic,194019,2020-10-10 14:00,35287,35271,Loudoun Soccer ECNL GU14,VDA ECNL GU14,1,0,Riverside High School - Practice,4369,1785,Northern Virginia Alliance,Virginia Development Academy
U14,Mid-Atlantic,194020,2020-10-10 14:00,35286,35272,Charlotte Independence ECNL GU14,Wilmington Hammerheads ECNL GU14,3,1,Bradford Park - Field 3,1010,7,Charlotte Independence SC,No Club Selection
U14,Mid-Atlantic,194021,2020-10-11 11:00,44729,35269,NC Courage ECNL GU14,NC Fusion ECNL GU14,2,0,WRAL Soccer Complex - WRAL 06 Stadium,3404,71,NC Courage Academy,NC Fusion
U14,Mid-Atlantic,194023,2020-10-17 11:00,35271,25892,VDA ECNL GU14,McLean YSA ECNL GU14,1,4,Ali Krieger Sports Complex (AKSC) - Field 8,1785,4603,Virginia Development Academy,Fairfax Virginia Union
U14,Mid-Atlantic,194025,2020-10-17 11:00,35286,35269,Charlotte Independence ECNL GU14,NC Fusion ECNL GU14,2,1,Bradford Park - Field 2,1010,71,Charlotte Independence SC,NC Fusion
U14,Mid-Atlantic,194024,2020-10-17 12:00,35268,35272,NCFC Youth ECNL GU14,Wilmington Hammerheads ECNL GU14,1,3,WRAL Soccer Center - Accentuate Staffing #4,22,7,NCFC Youth,No Club Selection
U14,Mid-Atlantic,194022,2020-10-17 14:00,11957,35287,BRYC Elite Academy ECNL GU14,Loudoun Soccer ECNL GU14,1,3,Robinson High School - Stadium Turf,4603,4369,Fairfax Virginia Union,Northern Virginia Alliance
U14,Mid-Atlantic,194026,2020-10-17 16:00,44722,27972,Charlotte SA ECNL GU14,CESA ECNL GU14,0,1,OrthoCarolina Sportsplex - Field 5,26,380,Charlotte Soccer Academy,Carolina Elite Soccer Academy
U14,Mid-Atlantic,194028,2020-10-18 11:00,35272,35269,Wilmington Hammerheads ECNL GU14,NC Fusion ECNL GU14,1,2,Cape Fear Regional Soccer Park - Field 3,7,71,No Club Selection,NC Fusion
U14,Mid-Atlantic,194029,2020-10-18 13:00,27972,35286,CESA ECNL GU14,Charlotte Independence ECNL GU14,1,1,Mesa Soccer Complex - Field 2,380,1010,Carolina Elite Soccer Academy,Charlotte Independence SC
U14,Mid-Atlantic,194027,2020-10-18 15:00,35268,44722,NCFC Youth ECNL GU14,Charlotte SA ECNL GU14,0,3,WRAL Soccer Center - First Watch #5,22,26,NCFC Youth,Charlotte Soccer Academy
U14,Mid-Atlantic,194031,2020-10-24 12:00,35287,22314,Loudoun Soccer ECNL GU14,Richmond United ECNL GU14,1,0,Loudoun Soccer Park - Field 2,4369,417,Northern Virginia Alliance,Richmond United
U14,Mid-Atlantic,194032,2020-10-24 12:00,44729,35268,NC Courage ECNL GU14,NCFC Youth ECNL GU14,6,1,WRAL Soccer Complex - WRAL 04 Accentuate Staffing,3404,22,NC Courage Academy,NCFC Youth
U14,Mid-Atlantic,194033,2020-10-24 15:00,35272,35270,Wilmington Hammerheads ECNL GU14,South Carolina United ECNL GU14,4,0,Cape Fear Regional Soccer Park - Field 3,7,1689,No Club Selection,South Carolina United FC
U14,Mid-Atlantic,194030,2020-10-24 19:00,25892,11957,McLean YSA ECNL GU14,BRYC Elite Academy ECNL GU14,3,0,Lewinsville Park - Field 3,4603,4603,Fairfax Virginia Union,Fairfax Virginia Union
U14,Mid-Atlantic,194037,2020-10-31 10:00,44722,35272,Charlotte SA ECNL GU14,Wilmington Hammerheads ECNL GU14,2,0,OrthoCarolina Sportsplex - Field 6,26,7,Charlotte Soccer Academy,No Club Selection
U14,Mid-Atlantic,194036,2020-10-31 12:00,35268,44729,NCFC Youth ECNL GU14,NC Courage ECNL GU14,2,1,WRAL Soccer Center - Accentuate Staffing #4,22,3404,NCFC Youth,NC Courage Academy
U14,Mid-Atlantic,194038,2020-10-31 13:00,35269,27972,NC Fusion ECNL GU14,CESA ECNL GU14,1,2,Truist Soccer Complex at Bryan Park - BP 02 Triton Management,71,380,NC Fusion,Carolina Elite Soccer Academy
U14,Mid-Atlantic,194039,2020-10-31 13:00,35270,35286,South Carolina United ECNL GU14,Charlotte Independence ECNL GU14,0,1,Southeastern Freight Lines Complex - Field 1,1689,1010,South Carolina United FC,Charlotte Independence SC
U14,Mid-Atlantic,194035,2020-10-31 16:00,11957,35271,BRYC Elite Academy ECNL GU14,VDA ECNL GU14,0,0,Robinson High School - Stadium Turf,4603,1785,Fairfax Virginia Union,Virginia Development Academy
U14,Mid-Atlantic,194041,2020-11-01 11:00,35286,44722,Charlotte Independence ECNL GU14,Charlotte SA ECNL GU14,2,3,Bailey Road Park - Field 3 (middle school),1010,26,Charlotte Independence SC,Charlotte Soccer Academy
U14,Mid-Atlantic,194040,2020-11-01 14:00,22314,25892,Richmond United ECNL GU14,McLean YSA ECNL GU14,1,2,West Creek - Field 6,417,4603,Richmond United,Fairfax Virginia Union
U14,Mid-Atlantic,194042,2020-11-07 12:00,35271,22314,VDA ECNL GU14,Richmond United ECNL GU14,2,3,Ali Krieger Sports Complex (AKSC) - Field 8,1785,417,Virginia Development Academy,Richmond United
U14,Mid-Atlantic,194045,2020-11-14 12:00,44722,44729,Charlotte SA ECNL GU14,NC Courage ECNL GU14,1,0,OrthoCarolina Sportsplex - Field 4,26,3404,Charlotte Soccer Academy,NC Courage Academy
U14,Mid-Atlantic,194046,2020-11-14 13:00,35286,35268,Charlotte Independence ECNL GU14,NCFC Youth ECNL GU14,3,2,Manchester Meadows - Field 1,1010,22,Charlotte Independence SC,NCFC Youth
U14,Mid-Atlantic,194048,2020-11-14 13:00,27972,35269,CESA ECNL GU14,NC Fusion ECNL GU14,1,3,Mesa Soccer Complex - Field 2,380,71,Carolina Elite Soccer Academy,NC Fusion
U14,Mid-Atlantic,194047,2020-11-14 17:00,35270,35272,South Carolina United ECNL GU14,Wilmington Hammerheads ECNL GU14,0,0,Southeastern Freight Lines Complex - Field 1,1689,7,South Carolina United FC,No Club Selection
U14,Mid-Atlantic,194049,2020-11-15 11:00,44722,35268,Charlotte SA ECNL GU14,NCFC Youth ECNL GU14,1,0,OrthoCarolina Sportsplex - Field 6,26,22,Charlotte Soccer Academy,NCFC Youth
U14,Mid-Atlantic,194050,2020-11-15 11:00,35286,44729,Charlotte Independence ECNL GU14,NC Courage ECNL GU14,3,0,Manchester Meadows - Field 1,1010,3404,Charlotte Independence SC,NC Courage Academy
U14,Mid-Atlantic,194052,2020-11-15 11:00,35270,35269,South Carolina United ECNL GU14,NC Fusion ECNL GU14,1,3,Southeastern Freight Lines Complex - Field 1,1689,71,South Carolina United FC,NC Fusion
U14,Mid-Atlantic,194051,2020-11-15 13:00,27972,35272,CESA ECNL GU14,Wilmington Hammerheads ECNL GU14,2,3,Mesa Soccer Complex - Field 2,380,7,Carolina Elite Soccer Academy,No Club Selection
U14,Mid-Atlantic,194056,2020-11-21 09:00,35272,44722,Wilmington Hammerheads ECNL GU14,Charlotte SA ECNL GU14,1,2,Cape Fear Regional Soccer Park - Field 2,7,26,No Club Selection,Charlotte Soccer Academy
U14,Mid-Atlantic,194054,2020-11-21 11:45,27972,35268,CESA ECNL GU14,NCFC Youth ECNL GU14,5,0,CFC - Field 4,380,22,Carolina Elite Soccer Academy,NCFC Youth
U14,Mid-Atlantic,194044,2020-11-21 12:00,35287,11957,Loudoun Soccer ECNL GU14,BRYC Elite Academy ECNL GU14,5,0,Riverside High School - Practice,4369,4603,Northern Virginia Alliance,Fairfax Virginia Union
U14,Mid-Atlantic,194053,2020-11-21 12:30,25892,35271,McLean YSA ECNL GU14,VDA ECNL GU14,1,2,Lewinsville Park - Field 3,4603,1785,Fairfax Virginia Union,Virginia Development Academy
U14,Mid-Atlantic,194055,2020-11-21 13:00,35270,44729,South Carolina United ECNL GU14,NC Courage ECNL GU14,0,1,Southeastern Freight Lines Complex - Stadium A,1689,3404,South Carolina United FC,NC Courage Academy
U14,Mid-Atlantic,194057,2020-11-21 15:00,35269,35286,NC Fusion ECNL GU14,Charlotte Independence ECNL GU14,0,0,Truist Soccer Complex at Bryan Park - BP 07,71,1010,NC Fusion,Charlotte Independence SC
U14,Mid-Atlantic,194058,2020-11-22 09:00,27972,44729,CESA ECNL GU14,NC Courage ECNL GU14,0,1,CFC - Field 4,380,3404,Carolina Elite Soccer Academy,NC Courage Academy
U14,Mid-Atlantic,194061,2020-11-22 11:00,35269,44722,NC Fusion ECNL GU14,Charlotte SA ECNL GU14,0,2,Truist Soccer Complex at Bryan Park - BP 08 Secret,71,26,NC Fusion,Charlotte Soccer Academy
U14,Mid-Atlantic,194060,2020-11-22 12:00,35272,35286,Wilmington Hammerheads ECNL GU14,Charlotte Independence ECNL GU14,0,0,Cape Fear Regional Soccer Park - Field 2,7,1010,No Club Selection,Charlotte Independence SC
U14,Mid-Atlantic,194059,2020-11-22 13:00,35270,35268,South Carolina United ECNL GU14,NCFC Youth ECNL GU14,1,0,Southeastern Freight Lines Complex - Field 1,1689,22,South Carolina United FC,NCFC Youth
U14,Mid-Atlantic,222009,2021-01-17 13:00,27972,35270,CESA ECNL GU14,South Carolina United ECNL GU14,2,2,Wenwood - Field 6,380,1689,Carolina Elite Soccer Academy,South Carolina United FC
U14,Mid-Atlantic,222011,2021-01-23 15:00,35270,27972,South Carolina United ECNL GU14,CESA ECNL GU14,0,4,SCUFC West Complex - Field 3,1689,380,South Carolina United FC,Carolina Elite Soccer Academy
U14,Mid-Atlantic,194034,2021-02-06 12:00,35272,44729,Wilmington Hammerheads ECNL GU14,NC Courage ECNL GU14,1,0,Cape Fear Regional Soccer Park - Field 2,7,3404,No Club Selection,NC Courage Academy
U14,Mid-Atlantic,227810,2021-02-27 11:00,35270,27972,South Carolina United ECNL GU14,CESA ECNL GU14,0,2,Southeastern Freight Lines Complex - Stadium A,1689,380,South Carolina United FC,Carolina Elite Soccer Academy
U14,Mid-Atlantic,227812,2021-02-27 12:00,35268,44729,NCFC Youth ECNL GU14,NC Courage ECNL GU14,2,4,WRAL Soccer Center - First Watch #5,22,3404,NCFC Youth,NC Courage Academy
U14,Mid-Atlantic,227814,2021-02-27 14:00,35286,35272,Charlotte Independence ECNL GU14,Wilmington Hammerheads ECNL GU14,2,0,Richard Barry Park - Field 3,1010,7,Charlotte Independence SC,No Club Selection
U14,Mid-Atlantic,227816,2021-02-28 09:00,27972,35272,CESA ECNL GU14,Wilmington Hammerheads ECNL GU14,2,0,Mesa Soccer Complex - Field 1,380,7,Carolina Elite Soccer Academy,No Club Selection
U14,Mid-Atlantic,227820,2021-03-06 12:00,27972,35268,CESA ECNL GU14,NCFC Youth ECNL GU14,3,0,Mesa Soccer Complex - Field 1,380,22,Carolina Elite Soccer Academy,NCFC Youth
U14,Mid-Atlantic,227818,2021-03-06 13:00,35286,44722,Charlotte Independence ECNL GU14,Charlotte SA ECNL GU14,0,1,Chestnut Square Park - Field 1,1010,26,Charlotte Independence SC,Charlotte Soccer Academy
U14,Mid-Atlantic,227822,2021-03-06 14:00,35269,35270,NC Fusion ECNL GU14,South Carolina United ECNL GU14,1,0,Truist Sports Park - Field 2,71,1689,NC Fusion,South Carolina United FC
U14,Mid-Atlantic,227824,2021-03-07 11:00,44722,35269,Charlotte SA ECNL GU14,NC Fusion ECNL GU14,0,0,OrthoCarolina Sportsplex - Field 5,26,71,Charlotte Soccer Academy,NC Fusion
U14,Mid-Atlantic,227826,2021-03-20 12:00,44729,35272,NC Courage ECNL GU14,Wilmington Hammerheads ECNL GU14,2,2,WRAL Soccer Complex - WRAL 05 First Watch,3404,7,NC Courage Academy,No Club Selection
U14,Mid-Atlantic,227828,2021-03-20 14:00,35268,35270,NCFC Youth ECNL GU14,South Carolina United ECNL GU14,1,2,WRAL Soccer Center - Ricky Horwitz #3,22,1689,NCFC Youth,South Carolina United FC
U14,Mid-Atlantic,227830,2021-03-21 11:00,44729,35270,NC Courage ECNL GU14,South Carolina United ECNL GU14,7,0,WRAL Soccer Complex - WRAL 04 Accentuate Staffing,3404,1689,NC Courage Academy,South Carolina United FC
U14,Mid-Atlantic,227842,2021-03-21 14:00,35272,35268,Wilmington Hammerheads ECNL GU14,NCFC Youth ECNL GU14,2,0,Cape Fear Regional Soccer Park - Field 3,7,22,No Club Selection,NCFC Youth
U14,Mid-Atlantic,227832,2021-03-27 14:00,35286,27972,Charlotte Independence ECNL GU14,CESA ECNL GU14,1,1,Richard Barry Park - Field 3,1010,380,Charlotte Independence SC,Carolina Elite Soccer Academy
U14,Mid-Atlantic,227834,2021-03-28 11:00,35272,35269,Wilmington Hammerheads ECNL GU14,NC Fusion ECNL GU14,1,1,Cape Fear Regional Soccer Park - Field 3,7,71,No Club Selection,NC Fusion
U14,Mid-Atlantic,221515,2021-04-17 11:00,35287,35271,Loudoun Soccer ECNL GU14,VDA ECNL GU14,2,0,Loudoun Soccer Park - Field 1,4369,1785,Northern Virginia Alliance,Virginia Development Academy
U14,Mid-Atlantic,221514,2021-04-17 12:00,11957,22314,BRYC Elite Academy ECNL GU14,Richmond United ECNL GU14,2,3,Robinson High School - Upper Turf,4603,417,Fairfax Virginia Union,Richmond United
U14,Mid-Atlantic,227836,2021-04-17 12:00,44722,44729,Charlotte SA ECNL GU14,NC Courage ECNL GU14,2,0,OrthoCarolina Sportsplex - Field 6,26,3404,Charlotte Soccer Academy,NC Courage Academy
U14,Mid-Atlantic,227838,2021-04-17 12:00,35286,35270,Charlotte Independence ECNL GU14,South Carolina United ECNL GU14,2,0,Richard Barry Park - Field 3,1010,1689,Charlotte Independence SC,South Carolina United FC
U14,Mid-Atlantic,227840,2021-04-17 14:00,35269,27972,NC Fusion ECNL GU14,CESA ECNL GU14,0,3,Truist Sports Park - Field 2,71,380,NC Fusion,Carolina Elite Soccer Academy
U14,Mid-Atlantic,227844,2021-04-18 13:00,35270,44722,South Carolina United ECNL GU14,Charlotte SA ECNL GU14,0,3,SCUFC West Complex - Field 6,1689,26,South Carolina United FC,Charlotte Soccer Academy
U14,Mid-Atlantic,221507,2021-04-24 09:00,35271,11957,VDA ECNL GU14,BRYC Elite Academy ECNL GU14,3,1,Ali Krieger Sports Complex (AKSC) - Field 7,1785,4603,Virginia Development Academy,Fairfax Virginia Union
U14,Mid-Atlantic,221517,2021-04-24 12:00,22314,25892,Richmond United ECNL GU14,McLean YSA ECNL GU14,2,5,Striker Park - Field 3,417,4603,Richmond United,Fairfax Virginia Union
U14,Mid-Atlantic,227846,2021-04-24 12:00,44722,27972,Charlotte SA ECNL GU14,CESA ECNL GU14,3,0,OrthoCarolina Sportsplex - Field 5,26,380,Charlotte Soccer Academy,Carolina Elite Soccer Academy
U14,Mid-Atlantic,227852,2021-04-24 12:00,35268,35269,NCFC Youth ECNL GU14,NC Fusion ECNL GU14,0,2,WRAL Soccer Center - Accentuate Staffing #4,22,71,NCFC Youth,NC Fusion
U14,Mid-Atlantic,227850,2021-04-25 13:00,44729,35286,NC Courage ECNL GU14,Charlotte Independence ECNL GU14,3,1,Wake Competition Center - Field 1,3404,1010,NC Courage Academy,Charlotte Independence SC
U14,Mid-Atlantic,227854,2021-04-25 13:00,44722,35268,Charlotte SA ECNL GU14,NCFC Youth ECNL GU14,0,1,OrthoCarolina Sportsplex - Field 6,26,22,Charlotte Soccer Academy,NCFC Youth
U14,Mid-Atlantic,221519,2021-05-01 10:00,35271,22314,VDA ECNL GU14,Richmond United ECNL GU14,4,2,Ali Krieger Sports Complex (AKSC) - Field 7,1785,417,Virginia Development Academy,Richmond United
U14,Mid-Atlantic,221518,2021-05-01 11:00,25892,35287,McLean YSA ECNL GU14,Loudoun Soccer ECNL GU14,3,0,Lewinsville Park - Field 3,4603,4369,Fairfax Virginia Union,Northern Virginia Alliance
U14,Mid-Atlantic,227858,2021-05-01 12:00,35269,44729,NC Fusion ECNL GU14,NC Courage ECNL GU14,3,4,Truist Soccer Complex at Bryan Park - Field 17,71,3404,NC Fusion,NC Courage Academy
U14,Mid-Atlantic,227856,2021-05-01 14:00,35268,35286,NCFC Youth ECNL GU14,Charlotte Independence ECNL GU14,0,2,WRAL Soccer Center - Ricky Horwitz #3,22,1010,NCFC Youth,Charlotte Independence SC
U14,Mid-Atlantic,227860,2021-05-01 15:00,35272,44722,Wilmington Hammerheads ECNL GU14,Charlotte SA ECNL GU14,2,2,Cape Fear Regional Soccer Park - Field 2,7,26,No Club Selection,Charlotte Soccer Academy
U14,Mid-Atlantic,227862,2021-05-02 12:00,35269,35286,NC Fusion ECNL GU14,Charlotte Independence ECNL GU14,0,2,Truist Soccer Complex at Bryan Park - Field 14,71,1010,NC Fusion,Charlotte Independence SC
U14,Mid-Atlantic,227848,2021-05-02 13:00,35270,35272,South Carolina United ECNL GU14,Wilmington Hammerheads ECNL GU14,3,2,Southeastern Freight Lines Complex - Stadium A,1689,7,South Carolina United FC,No Club Selection
U14,Mid-Atlantic,221500,2021-05-15 11:00,25892,35271,McLean YSA ECNL GU14,VDA ECNL GU14,6,0,Spring Hill Rec Center - Field 2,4603,1785,Fairfax Virginia Union,Virginia Development Academy
U14,Mid-Atlantic,221501,2021-05-15 11:00,35287,11957,Loudoun Soccer ECNL GU14,BRYC Elite Academy ECNL GU14,3,1,Loudoun Soccer Park - Field 1,4369,4603,Northern Virginia Alliance,Fairfax Virginia Union
U14,Mid-Atlantic,221502,2021-05-22 09:00,11957,25892,BRYC Elite Academy ECNL GU14,McLean YSA ECNL GU14,0,7,Robinson High School - Upper Turf,4603,4603,Fairfax Virginia Union,Fairfax Virginia Union
U14,Mid-Atlantic,221503,2021-05-22 12:00,22314,35287,Richmond United ECNL GU14,Loudoun Soccer ECNL GU14,2,3,Striker Park - Field 3,417,4369,Richmond United,Northern Virginia Alliance
U14,Mid-Atlantic,227864,2021-05-22 14:00,27972,44729,CESA ECNL GU14,NC Courage ECNL GU14,2,0,Mesa Soccer Complex - Field 1,380,3404,Carolina Elite Soccer Academy,NC Courage Academy
U14,Mid-Atlantic,194043,2021-05-29 09:30,25892,35287,McLean YSA ECNL GU14,Loudoun Soccer ECNL GU14,3,0,Spring Hill Rec Center - Field 2,4603,4369,Fairfax Virginia Union,Northern Virginia Alliance
U14,Midwest,172393,2020-09-19 12:00,35249,35253,Gretna Elite Academy ECNL GU14,Minnesota Thunder ECNL GU14,0,2,Papillion Landing - #1 Turf,7,7,No Club Selection,No Club Selection
U14,Midwest,172394,2020-09-26 11:45,33175,35253,Kansas City Athletics ECNL GU14,Minnesota Thunder ECNL GU14,0,0,Olathe District Activity Complex - Soccer Field,2330,7,KC Athletics,No Club Selection
U14,Midwest,172396,2020-10-03 11:00,35253,35249,Minnesota Thunder ECNL GU14,Gretna Elite Academy ECNL GU14,3,0,Academy of Holy Angels - South Turf 1 (11v11),7,7,No Club Selection,No Club Selection
U14,Midwest,172364,2020-10-03 13:00,35250,35251,FC Wisconsin ECNL GU14,Michigan Hawks  ECNL GU14,0,7,Fort Wayne Plex - Field 10,54,2359,FC Wisconsin Girls,Michigan Hawks
U14,Midwest,172350,2020-10-04 11:00,35250,35252,FC Wisconsin ECNL GU14,Michigan Hawks Magic ECNL GU14,1,1,Fort Wayne Plex - Field 10,54,2359,FC Wisconsin Girls,Michigan Hawks
U14,Midwest,172349,2020-10-12 19:35,35251,35252,Michigan Hawks  ECNL GU14,Michigan Hawks Magic ECNL GU14,1,0,Schoolcraft Turf - SC Turf,2359,2359,Michigan Hawks,Michigan Hawks
U14,Midwest,172406,2020-10-24 12:30,35254,35248,SLSG White ECNL GU14,Eclipse Select SC North ECNL GU14,6,3,Trinity Sports Park - Field 2,97,43,St. Louis Scott Gallagher,Eclipse Select Soccer Club
U14,Midwest,172403,2020-10-25 12:00,35249,33175,Gretna Elite Academy ECNL GU14,Kansas City Athletics ECNL GU14,1,0,Capehart Soccer Fields - Field 1,7,2330,No Club Selection,KC Athletics
U14,Midwest,172365,2020-10-25 16:30,35252,35255,Michigan Hawks Magic ECNL GU14,Vardar ECNL GU14,6,0,St. Joe's Sports Complex - Outdoor Turf,2359,109,Michigan Hawks,Vardar
U14,Midwest,172378,2020-10-31 11:00,34464,35251,SLSG Navy ECNL GU14,Michigan Hawks  ECNL GU14,1,1,"The TBK Bank Sports Complex, LLC - Field 1",97,2359,St. Louis Scott Gallagher,Michigan Hawks
U14,Midwest,172398,2020-10-31 11:00,35254,35249,SLSG White ECNL GU14,Gretna Elite Academy ECNL GU14,0,0,"The TBK Bank Sports Complex, LLC - Field 2",97,7,St. Louis Scott Gallagher,No Club Selection
U14,Midwest,172377,2020-10-31 15:00,33175,35250,Kansas City Athletics ECNL GU14,FC Wisconsin ECNL GU14,4,0,"The TBK Bank Sports Complex, LLC - Field 2",2330,54,KC Athletics,FC Wisconsin Girls
U14,Midwest,172424,2020-11-01 08:30,35251,33175,Michigan Hawks  ECNL GU14,Kansas City Athletics ECNL GU14,0,0,"The TBK Bank Sports Complex, LLC - Field 1",2359,2330,Michigan Hawks,KC Athletics
U14,Midwest,172397,2020-11-01 12:00,35250,35254,FC Wisconsin ECNL GU14,SLSG White ECNL GU14,0,4,"The TBK Bank Sports Complex, LLC - Field 2",54,97,FC Wisconsin Girls,St. Louis Scott Gallagher
U14,Midwest,172402,2020-11-01 12:00,35249,34464,Gretna Elite Academy ECNL GU14,SLSG Navy ECNL GU14,0,2,"The TBK Bank Sports Complex, LLC - Field 8",7,97,No Club Selection,St. Louis Scott Gallagher
U14,Midwest,172414,2020-11-21 20:00,35254,13614,SLSG White ECNL GU14,Eclipse Select SC ECNL GU14,0,2,MO RUSH Sports Park - Field 1,97,43,St. Louis Scott Gallagher,Eclipse Select Soccer Club
U14,Midwest,172374,2020-11-22 14:45,34464,13614,SLSG Navy ECNL GU14,Eclipse Select SC ECNL GU14,2,0,MO RUSH Sports Park - Field 1,97,43,St. Louis Scott Gallagher,Eclipse Select Soccer Club
U14,Midwest,172399,2020-12-12 12:00,34464,33175,SLSG Navy ECNL GU14,Kansas City Athletics ECNL GU14,4,0,MO RUSH Sports Park - Field 3,97,2330,St. Louis Scott Gallagher,KC Athletics
U14,Midwest,172401,2020-12-13 08:30,35254,33175,SLSG White ECNL GU14,Kansas City Athletics ECNL GU14,0,2,Missouri Rush Sports Park - Field 3,97,2330,St. Louis Scott Gallagher,KC Athletics
U14,Midwest,172417,2021-01-31 09:30,35253,33175,Minnesota Thunder ECNL GU14,Kansas City Athletics ECNL GU14,1,0,Academy of Holy Angels - South Turf 1 (11v11),7,2330,No Club Selection,KC Athletics
U14,Midwest,172371,2021-02-20,35251,35255,Michigan Hawks  ECNL GU14,Vardar ECNL GU14,3,0,Schoolcraft Turf - SC Turf,2359,109,Michigan Hawks,Vardar
U14,Midwest,172351,2021-03-06,35255,35248,Vardar ECNL GU14,Eclipse Select SC North ECNL GU14,0,3,,109,43,Vardar,Eclipse Select Soccer Club
U14,Midwest,172353,2021-03-07 13:00,35252,13614,Michigan Hawks Magic ECNL GU14,Eclipse Select SC ECNL GU14,0,4,Dowling Park - Field 1,2359,43,Michigan Hawks,Eclipse Select Soccer Club
U14,Midwest,172355,2021-03-07 14:00,35255,13614,Vardar ECNL GU14,Eclipse Select SC ECNL GU14,0,3,UWM Sports Complex - Field 4 (outdoor),109,43,Vardar,Eclipse Select Soccer Club
U14,Midwest,172368,2021-03-07 16:00,35251,35248,Michigan Hawks  ECNL GU14,Eclipse Select SC North ECNL GU14,2,1,Dowling Park - Field 1,2359,43,Michigan Hawks,Eclipse Select Soccer Club
U14,Midwest,172348,2021-03-13 14:00,35248,13614,Eclipse Select SC North ECNL GU14,Eclipse Select SC ECNL GU14,2,3,Techny Park - Field 1,43,43,Eclipse Select Soccer Club,Eclipse Select Soccer Club
U14,Midwest,172352,2021-03-20,35252,35248,Michigan Hawks Magic ECNL GU14,Eclipse Select SC North ECNL GU14,1,3,,2359,43,Michigan Hawks,Eclipse Select Soccer Club
U14,Midwest,172366,2021-03-20 13:15,35251,13614,Michigan Hawks  ECNL GU14,Eclipse Select SC ECNL GU14,1,0,Stuarts Sports Complex - Field 21,2359,43,Michigan Hawks,Eclipse Select Soccer Club
U14,Midwest,172408,2021-03-27 08:00,33175,35248,Kansas City Athletics ECNL GU14,Eclipse Select SC North ECNL GU14,6,0,MO RUSH Sports Park - Field 3,2330,43,KC Athletics,Eclipse Select Soccer Club
U14,Midwest,172409,2021-03-27 09:45,34464,35250,SLSG Navy ECNL GU14,FC Wisconsin ECNL GU14,7,0,MO RUSH Sports Park - Field 1,97,54,St. Louis Scott Gallagher,FC Wisconsin Girls
U14,Midwest,172410,2021-03-27 09:45,35254,35253,SLSG White ECNL GU14,Minnesota Thunder ECNL GU14,0,2,MO RUSH Sports Park - Field 2,97,7,St. Louis Scott Gallagher,No Club Selection
U14,Midwest,172411,2021-03-27 09:45,35249,13614,Gretna Elite Academy ECNL GU14,Eclipse Select SC ECNL GU14,2,5,MO RUSH Sports Park - Field 4,7,43,No Club Selection,Eclipse Select Soccer Club
U14,Midwest,172404,2021-03-28 08:00,13614,33175,Eclipse Select SC ECNL GU14,Kansas City Athletics ECNL GU14,1,3,MO RUSH Sports Park - Field 1,43,2330,Eclipse Select Soccer Club,KC Athletics
U14,Midwest,172405,2021-03-28 09:45,35253,34464,Minnesota Thunder ECNL GU14,SLSG Navy ECNL GU14,3,2,MO RUSH Sports Park - Field 2,7,97,No Club Selection,St. Louis Scott Gallagher
U14,Midwest,172407,2021-03-28 09:45,35250,35249,FC Wisconsin ECNL GU14,Gretna Elite Academy ECNL GU14,1,2,MO RUSH Sports Park - Field 3,54,7,FC Wisconsin Girls,No Club Selection
U14,Midwest,172363,2021-04-10 09:15,35250,35255,FC Wisconsin ECNL GU14,Vardar ECNL GU14,3,0,Hart Park Soccer Field - Field 1,54,109,FC Wisconsin Girls,Vardar
U14,Midwest,172372,2021-04-15 19:45,35255,35252,Vardar ECNL GU14,Michigan Hawks Magic ECNL GU14,0,3,UWM Sports Complex - Field 4 (outdoor),109,2359,Vardar,Michigan Hawks
U14,Midwest,172420,2021-04-17 10:45,34464,35255,SLSG Navy ECNL GU14,Vardar ECNL GU14,3,0,,97,109,St. Louis Scott Gallagher,Vardar
U14,Midwest,172425,2021-04-17 10:45,34464,35252,SLSG Navy ECNL GU14,Michigan Hawks Magic ECNL GU14,3,0,"TBK Bank Sports Complex, LLC - Field 7",97,2359,St. Louis Scott Gallagher,Michigan Hawks
U14,Midwest,172426,2021-04-17 10:45,35254,35253,SLSG White ECNL GU14,Minnesota Thunder ECNL GU14,2,1,"TBK Bank Sports Complex, LLC - Field 8",97,7,St. Louis Scott Gallagher,No Club Selection
U14,Midwest,172387,2021-04-17 14:15,13614,35251,Eclipse Select SC ECNL GU14,Michigan Hawks  ECNL GU14,0,0,"The TBK Bank Sports Complex, LLC - Field 8",43,2359,Eclipse Select Soccer Club,Michigan Hawks
U14,Midwest,172422,2021-04-17 14:15,35249,35248,Gretna Elite Academy ECNL GU14,Eclipse Select SC North ECNL GU14,3,0,"The TBK Bank Sports Complex, LLC - Field 7",7,43,No Club Selection,Eclipse Select Soccer Club
U14,Midwest,172380,2021-04-18 10:15,35252,35249,Michigan Hawks Magic ECNL GU14,Gretna Elite Academy ECNL GU14,1,2,"The TBK Bank Sports Complex, LLC - Field 7",2359,7,Michigan Hawks,No Club Selection
U14,Midwest,172384,2021-04-18 10:15,35255,33175,Vardar ECNL GU14,Kansas City Athletics ECNL GU14,0,3,,109,2330,Vardar,KC Athletics
U14,Midwest,172421,2021-04-18 10:15,35251,35254,Michigan Hawks  ECNL GU14,SLSG White ECNL GU14,1,1,"The TBK Bank Sports Complex, LLC - Field 8",2359,97,Michigan Hawks,St. Louis Scott Gallagher
U14,Midwest,172395,2021-04-18 13:45,35248,34464,Eclipse Select SC North ECNL GU14,SLSG Navy ECNL GU14,1,5,"The TBK Bank Sports Complex, LLC - Field 7",43,97,Eclipse Select Soccer Club,St. Louis Scott Gallagher
U14,Midwest,172423,2021-04-18 13:45,35250,35253,FC Wisconsin ECNL GU14,Minnesota Thunder ECNL GU14,0,7,"The TBK Bank Sports Complex, LLC - Field 8",54,7,FC Wisconsin Girls,No Club Selection
U14,Midwest,172412,2021-04-24,34464,35254,SLSG Navy ECNL GU14,SLSG White ECNL GU14,1,0,,97,97,St. Louis Scott Gallagher,St. Louis Scott Gallagher
U14,Midwest,172382,2021-04-24 10:30,35250,13614,FC Wisconsin ECNL GU14,Eclipse Select SC ECNL GU14,1,5,FC Wisconsin Soccer Park - Field 1 - Val Olla Field,54,43,FC Wisconsin Girls,Eclipse Select Soccer Club
U14,Midwest,172354,2021-04-24 14:00,35255,35251,Vardar ECNL GU14,Michigan Hawks  ECNL GU14,0,3,Oakland University - Field 1,109,2359,Vardar,Michigan Hawks
U14,Midwest,172427,2021-05-01,35249,35255,Gretna Elite Academy ECNL GU14,Vardar ECNL GU14,3,0,,7,109,No Club Selection,Vardar
U14,Midwest,172385,2021-05-01 09:45,35252,35254,Michigan Hawks Magic ECNL GU14,SLSG White ECNL GU14,2,3,Stuarts Sports Complex - Field 21,2359,97,Michigan Hawks,St. Louis Scott Gallagher
U14,Midwest,172413,2021-05-01 09:45,33175,35249,Kansas City Athletics ECNL GU14,Gretna Elite Academy ECNL GU14,2,2,Stuarts Sports Complex - Field 20,2330,7,KC Athletics,No Club Selection
U14,Midwest,172418,2021-05-01 09:45,35253,34464,Minnesota Thunder ECNL GU14,SLSG Navy ECNL GU14,,,Stuarts Sports Complex - Field 10,7,97,No Club Selection,St. Louis Scott Gallagher
U14,Midwest,172379,2021-05-02 09:45,35255,35254,Vardar ECNL GU14,SLSG White ECNL GU14,0,3,Stuart Sports Complex - Field 1,109,97,Vardar,St. Louis Scott Gallagher
U14,Midwest,172383,2021-05-02 09:45,35251,35249,Michigan Hawks  ECNL GU14,Gretna Elite Academy ECNL GU14,1,3,Stuarts Sports Complex - Field 20,2359,7,Michigan Hawks,No Club Selection
U14,Midwest,172419,2021-05-02 09:45,33175,35252,Kansas City Athletics ECNL GU14,Michigan Hawks Magic ECNL GU14,1,1,Stuarts Sports Complex - Field 10,2330,2359,KC Athletics,Michigan Hawks
U14,Midwest,172386,2021-05-02 13:15,35248,35250,Eclipse Select SC North ECNL GU14,FC Wisconsin ECNL GU14,1,3,Stuarts Sports Complex - Field 22,43,54,Eclipse Select Soccer Club,FC Wisconsin Girls
U14,Midwest,172370,2021-05-04 18:45,35252,35251,Michigan Hawks Magic ECNL GU14,Michigan Hawks  ECNL GU14,0,3,Jaycee Park - JC Turf,2359,2359,Michigan Hawks,Michigan Hawks
U14,Midwest,172361,2021-05-15,13614,35252,Eclipse Select SC ECNL GU14,Michigan Hawks Magic ECNL GU14,,,,43,2359,Eclipse Select Soccer Club,Michigan Hawks
U14,Midwest,172376,2021-05-15,35248,35255,Eclipse Select SC North ECNL GU14,Vardar ECNL GU14,3,0,,43,109,Eclipse Select Soccer Club,Vardar
U14,Midwest,172367,2021-05-15 13:00,35252,35248,Michigan Hawks Magic ECNL GU14,Eclipse Select SC North ECNL GU14,3,2,The Plex - Field 8,2359,43,Michigan Hawks,Eclipse Select Soccer Club
U14,Midwest,172359,2021-05-16,13614,35255,Eclipse Select SC ECNL GU14,Vardar ECNL GU14,3,0,,43,109,Eclipse Select Soccer Club,Vardar
U14,Midwest,172357,2021-05-16 11:00,35248,35251,Eclipse Select SC North ECNL GU14,Michigan Hawks  ECNL GU14,0,5,The Plex - Field 1,43,2359,Eclipse Select Soccer Club,Michigan Hawks
U14,Midwest,172392,2021-05-16 11:00,35254,34464,SLSG White ECNL GU14,SLSG Navy ECNL GU14,0,3,WWT Soccer Park - Field 6,97,97,St. Louis Scott Gallagher,St. Louis Scott Gallagher
U14,Midwest,172360,2021-05-22,35255,35253,Vardar ECNL GU14,Minnesota Thunder ECNL GU14,0,3,,109,7,Vardar,No Club Selection
U14,Midwest,172388,2021-05-22 10:45,33175,34464,Kansas City Athletics ECNL GU14,SLSG Navy ECNL GU14,1,2,Olathe District Activity Complex - Soccer Field,2330,97,KC Athletics,St. Louis Scott Gallagher
U14,Midwest,172389,2021-05-22 12:30,35254,35249,SLSG White ECNL GU14,Gretna Elite Academy ECNL GU14,2,1,Olathe District Activity Complex - Soccer Field,97,7,St. Louis Scott Gallagher,No Club Selection
U14,Midwest,172356,2021-05-22 15:30,13614,35250,Eclipse Select SC ECNL GU14,FC Wisconsin ECNL GU14,2,1,FC Wisconsin Soccer Park - Field 1 - Val Olla Field,43,54,Eclipse Select Soccer Club,FC Wisconsin Girls
U14,Midwest,172362,2021-05-22 15:30,35248,35253,Eclipse Select SC North ECNL GU14,Minnesota Thunder ECNL GU14,1,1,FC Wisconsin Soccer Park - Field 2 - Hegarty Field,43,7,Eclipse Select Soccer Club,No Club Selection
U14,Midwest,172381,2021-05-23 10:00,13614,35253,Eclipse Select SC ECNL GU14,Minnesota Thunder ECNL GU14,2,1,FC Wisconsin Soccer Park - Field 2 - Hegarty Field,43,7,Eclipse Select Soccer Club,No Club Selection
U14,Midwest,172358,2021-05-23 11:30,35250,35255,FC Wisconsin ECNL GU14,Vardar ECNL GU14,3,0,FC Wisconsin Soccer Park - Field 1 - Val Olla Field,54,109,FC Wisconsin Girls,Vardar
U14,Midwest,172390,2021-05-23 11:30,33175,35254,Kansas City Athletics ECNL GU14,SLSG White ECNL GU14,1,1,Olathe District Activity Complex - Football Field,2330,97,KC Athletics,St. Louis Scott Gallagher
U14,Midwest,172391,2021-05-23 11:30,34464,35249,SLSG Navy ECNL GU14,Gretna Elite Academy ECNL GU14,2,0,Olathe District Complex - Soccer Field,97,7,St. Louis Scott Gallagher,No Club Selection
U14,Midwest,172400,2021-05-23 11:30,35250,35248,FC Wisconsin ECNL GU14,Eclipse Select SC North ECNL GU14,0,0,FC Wisconsin Soccer Park - Field 1 - Val Olla Field,54,43,FC Wisconsin Girls,Eclipse Select Soccer Club
U14,Midwest,172369,2021-05-25 19:30,13614,35248,Eclipse Select SC ECNL GU14,Eclipse Select SC North ECNL GU14,4,2,Techny Park - Field 1,43,43,Eclipse Select Soccer Club,Eclipse Select Soccer Club
U14,Midwest,172415,2021-05-29 11:00,35253,35251,Minnesota Thunder ECNL GU14,Michigan Hawks  ECNL GU14,1,0,Academy of Holy Angels - South Turf 1 (11v11),7,2359,No Club Selection,Michigan Hawks
U14,Midwest,172373,2021-05-29 15:00,35252,35250,Michigan Hawks Magic ECNL GU14,FC Wisconsin ECNL GU14,,,Academy of Holy Angels - South Turf,2359,54,Michigan Hawks,FC Wisconsin Girls
U14,Midwest,172416,2021-05-30 08:15,35253,35252,Minnesota Thunder ECNL GU14,Michigan Hawks Magic ECNL GU14,1,0,Academy of Holy Angels - Field 2 - Star Dome,7,2359,No Club Selection,Michigan Hawks
U14,Midwest,172375,2021-05-30 10:15,35251,35250,Michigan Hawks  ECNL GU14,FC Wisconsin ECNL GU14,3,0,Academy of Holy Angels - South Turf,2359,54,Michigan Hawks,FC Wisconsin Girls
U14,Mountain,209148,2020-09-13 11:00,45854,35220,Real Colorado National ECNL GU14,Pride SC ECNL GU14,6,0,Real Colorado Soccer Complex - RCSC 2,81,2335,Real Colorado,Pride SC
U14,Mountain,209154,2020-09-13 13:30,35218,46444,Colorado Rapids ECNL GU14,Real Colorado Athletico ECNL GU14,1,2,Gates South Soccer Complex - 5,29,81,Colorado Storm,Real Colorado
U14,Mountain,209160,2020-09-19 10:00,35220,35218,Pride SC ECNL GU14,Colorado Rapids ECNL GU14,0,4,Pride Soccer Complex - Field 2,2335,29,Pride SC,Colorado Storm
U14,Mountain,210444,2020-09-19 11:15,45854,46444,Real Colorado National ECNL GU14,Real Colorado Athletico ECNL GU14,1,0,Real Colorado Soccer Complex - RCSC 1,81,81,Real Colorado,Real Colorado
U14,Mountain,207117,2020-09-26 11:15,35218,45854,Colorado Rapids ECNL GU14,Real Colorado National ECNL GU14,0,8,Gates South Soccer Complex - 5,29,81,Colorado Storm,Real Colorado
U14,Mountain,207119,2020-10-03 10:00,35220,45854,Pride SC ECNL GU14,Real Colorado National ECNL GU14,0,7,Pride Soccer Complex - Field 2,2335,81,Pride SC,Real Colorado
U14,Mountain,207118,2020-10-03 13:30,46444,35218,Real Colorado Athletico ECNL GU14,Colorado Rapids ECNL GU14,1,1,Real Colorado Soccer Complex - RCSC 1,81,29,Real Colorado,Colorado Storm
U14,Mountain,207121,2020-10-24 11:15,46444,45854,Real Colorado Athletico ECNL GU14,Real Colorado National ECNL GU14,1,4,Real Colorado Soccer Complex - RCSC 1,81,81,Real Colorado,Real Colorado
U14,Mountain,207120,2020-10-24 13:30,35218,35220,Colorado Rapids ECNL GU14,Pride SC ECNL GU14,2,1,Gates South Soccer Complex - 5,29,2335,Colorado Storm,Pride SC
U14,Mountain,207132,2021-02-27 09:00,35218,35178,Colorado Rapids ECNL GU14,Utah Avalanche ECNL GU14,1,1,Douglas County Fairgrounds - Field #5,29,107,Colorado Storm,Utah Avalanche
U14,Mountain,207133,2021-02-27 15:00,35220,45848,Pride SC ECNL GU14,La Roca FC ECNL GU14,0,6,Pride Soccer Complex - Field 3,2335,1760,Pride SC,La Roca FC
U14,Mountain,207135,2021-02-28 09:00,35218,45848,Colorado Rapids ECNL GU14,La Roca FC ECNL GU14,0,1,Dick's Sporting Goods Park - DSGP - 8,29,1760,Colorado Storm,La Roca FC
U14,Mountain,207134,2021-02-28 13:00,35220,35178,Pride SC ECNL GU14,Utah Avalanche ECNL GU14,0,4,Pride Soccer Complex - Field 3,2335,107,Pride SC,Utah Avalanche
U14,Mountain,207123,2021-03-21 13:00,35220,46444,Pride SC ECNL GU14,Real Colorado Athletico ECNL GU14,2,2,Pride Soccer Complex - Field 2,2335,81,Pride SC,Real Colorado
U14,Mountain,207140,2021-03-27 13:00,35178,46444,Utah Avalanche ECNL GU14,Real Colorado Athletico ECNL GU14,3,0,Legacy Events Center - Field 2,107,81,Utah Avalanche,Real Colorado
U14,Mountain,207141,2021-03-27 14:00,45848,45854,La Roca FC ECNL GU14,Real Colorado National ECNL GU14,1,4,Spence Eccles Ogden Community Sports Complex - Field 1,1760,81,La Roca FC,Real Colorado
U14,Mountain,207143,2021-03-28 11:00,35178,45854,Utah Avalanche ECNL GU14,Real Colorado National ECNL GU14,4,1,Legacy Events Center - Field 2,107,81,Utah Avalanche,Real Colorado
U14,Mountain,207142,2021-03-28 14:00,45848,46444,La Roca FC ECNL GU14,Real Colorado Athletico ECNL GU14,0,1,La Roca Park - Field 1,1760,81,La Roca FC,Real Colorado
U14,Mountain,207122,2021-04-03 13:30,45854,35218,Real Colorado National ECNL GU14,Colorado Rapids ECNL GU14,5,0,Real Colorado Soccer Complex - RCSC 1,81,29,Real Colorado,Colorado Storm
U14,Mountain,207128,2021-04-17 11:15,45854,35178,Real Colorado National ECNL GU14,Utah Avalanche ECNL GU14,3,0,Real Colorado Soccer Complex - RCSC 1,81,107,Real Colorado,Utah Avalanche
U14,Mountain,207129,2021-04-17 11:15,46444,45848,Real Colorado Athletico ECNL GU14,La Roca FC ECNL GU14,1,2,Highland Heritage Regional Park - HHRP West,81,1760,Real Colorado,La Roca FC
U14,Mountain,207130,2021-04-18 11:15,46444,35178,Real Colorado Athletico ECNL GU14,Utah Avalanche ECNL GU14,0,3,Highland Heritage Regional Park - HHRP West,81,107,Real Colorado,Utah Avalanche
U14,Mountain,207131,2021-04-18 11:15,45854,45848,Real Colorado National ECNL GU14,La Roca FC ECNL GU14,5,1,Real Colorado Soccer Complex - RCSC 1,81,1760,Real Colorado,La Roca FC
U14,Mountain,207124,2021-04-24 09:00,35178,35218,Utah Avalanche ECNL GU14,Colorado Rapids ECNL GU14,2,0,Davis High School - Field 1,107,29,Utah Avalanche,Colorado Storm
U14,Mountain,207125,2021-04-24 11:00,45848,35220,La Roca FC ECNL GU14,Pride SC ECNL GU14,4,2,La Roca Park - Field 2,1760,2335,La Roca FC,Pride SC
U14,Mountain,207127,2021-04-25 11:00,35178,35220,Utah Avalanche ECNL GU14,Pride SC ECNL GU14,3,0,Legacy Events Center - Field 2,107,2335,Utah Avalanche,Pride SC
U14,Mountain,207126,2021-04-25 14:00,45848,35218,La Roca FC ECNL GU14,Colorado Rapids ECNL GU14,1,0,Legacy Events Center - Field 1 #2021,1760,29,La Roca FC,Colorado Storm
U14,Mountain,207148,2021-05-16 14:00,45848,35178,La Roca FC ECNL GU14,Utah Avalanche ECNL GU14,0,1,Legacy Events Center - Field 4 #2026,1760,107,La Roca FC,Utah Avalanche
U14,Mountain,207116,2021-05-16 15:00,46444,35220,Real Colorado Athletico ECNL GU14,Pride SC ECNL GU14,1,0,Real Colorado Soccer Complex - RCSC 1,81,2335,Real Colorado,Pride SC
U14,Mountain,207149,2021-05-23 14:00,35178,45848,Utah Avalanche ECNL GU14,La Roca FC ECNL GU14,4,1,Legacy Events Center - Field 2,107,1760,Utah Avalanche,La Roca FC
U14,New England,173043,2020-09-12 15:15,35284,24089,World Class FC ECNL GU14,Connecticut FC ECNL GU14,1,2,Orangetown Soccer Complex - Field 1,116,31,World Class FC,Connecticut FC
U14,New England,173042,2020-09-12 23:30,35278,14745,FC Stars Blue ECNL GU14,FSA FC ECNL GU14,2,2,Farmington Sports Arena - Field 7,52,431,FC Stars,FSA FC
U14,New England,173044,2020-09-19 11:00,33738,35278,SUSA FC ECNL GU14,FC Stars Blue ECNL GU14,3,0,SUSA - Orlin & Cohen Sports Complex - Field 1,9,52,SUSA FC,FC Stars
U14,New England,173045,2020-09-19 16:00,35274,21552,East Meadow SC ECNL GU14,FC Stars White ECNL GU14,1,1,East Meadow Field of Dreams - North Turf,42,52,East Meadow Soccer Club,FC Stars
U14,New England,173046,2020-09-19 16:00,24089,14745,Connecticut FC ECNL GU14,FSA FC ECNL GU14,4,0,CFC Park - Field 1,31,431,Connecticut FC,FSA FC
U14,New England,173048,2020-09-20 13:00,35274,35278,East Meadow SC ECNL GU14,FC Stars Blue ECNL GU14,5,1,East Meadow Field of Dreams - North Turf,42,52,East Meadow Soccer Club,FC Stars
U14,New England,173047,2020-09-20 14:10,33738,21552,SUSA FC ECNL GU14,FC Stars White ECNL GU14,3,0,SUSA - Orlin & Cohen Sports Complex - Field 1,9,52,SUSA FC,FC Stars
U14,New England,173051,2020-09-26 10:30,14745,33738,FSA FC ECNL GU14,SUSA FC ECNL GU14,0,5,FSA-Farmington Sports Arena - Field 7,431,9,FSA FC,SUSA FC
U14,New England,173068,2020-09-26 12:15,21552,35278,FC Stars White ECNL GU14,FC Stars Blue ECNL GU14,0,2,Bedford - NH Complex - Field 2,52,52,FC Stars,FC Stars
U14,New England,173052,2020-09-26 15:30,35282,35274,Scorpions Soccer ECNL GU14,East Meadow SC ECNL GU14,1,0,FSA - Field 8,7,42,No Club Selection,East Meadow Soccer Club
U14,New England,173055,2020-09-27 10:30,14745,35274,FSA FC ECNL GU14,East Meadow SC ECNL GU14,2,1,FSA-Farmington Sports Arena - Field 7,431,42,FSA FC,East Meadow Soccer Club
U14,New England,173087,2020-09-27 12:30,35284,6860,World Class FC ECNL GU14,PDA White ECNL GU14,1,2,Orangetown Soccer Complex - Field 1,116,3313,World Class FC,PDA White (Shore)
U14,New England,173056,2020-09-27 13:00,35282,33738,Scorpions Soccer ECNL GU14,SUSA FC ECNL GU14,1,5,FSA - Field 13,7,9,No Club Selection,SUSA FC
U14,New England,173059,2020-10-03 10:00,6860,35284,PDA White ECNL GU14,World Class FC ECNL GU14,2,2,PDA - Field 3,3313,116,PDA White (Shore),World Class FC
U14,New England,173058,2020-10-03 10:30,14745,35282,FSA FC ECNL GU14,Scorpions Soccer ECNL GU14,0,2,FSA-Farmington Sports Arena - Field 7,431,7,FSA FC,No Club Selection
U14,New England,173060,2020-10-03 14:00,35274,33738,East Meadow SC ECNL GU14,SUSA FC ECNL GU14,3,1,East Meadow Field of Dreams - North Turf,42,9,East Meadow Soccer Club,SUSA FC
U14,New England,173057,2020-10-03 16:00,24089,21552,Connecticut FC ECNL GU14,FC Stars White ECNL GU14,5,0,CFC Park - Field 1,31,52,Connecticut FC,FC Stars
U14,New England,173061,2020-10-04 10:00,24089,35282,Connecticut FC ECNL GU14,Scorpions Soccer ECNL GU14,4,1,CFC Park - Field 2,31,7,Connecticut FC,No Club Selection
U14,New England,173063,2020-10-04 10:00,6860,33738,PDA White ECNL GU14,SUSA FC ECNL GU14,1,4,Morningside Farm - Field 11,3313,9,PDA White (Shore),SUSA FC
U14,New England,173062,2020-10-04 10:30,14745,21552,FSA FC ECNL GU14,FC Stars White ECNL GU14,0,1,FSA-Farmington Sports Arena - Field 7,431,52,FSA FC,FC Stars
U14,New England,173064,2020-10-04 14:00,35274,35284,East Meadow SC ECNL GU14,World Class FC ECNL GU14,0,2,East Meadow Field of Dreams - North Turf,42,116,East Meadow Soccer Club,World Class FC
U14,New England,173065,2020-10-17 13:30,21552,35282,FC Stars White ECNL GU14,Scorpions Soccer ECNL GU14,0,1,Trinity High School - Field 1,52,7,FC Stars,No Club Selection
U14,New England,173067,2020-10-17 16:00,35274,6860,East Meadow SC ECNL GU14,PDA White ECNL GU14,0,2,East Meadow Field of Dreams - North Turf,42,3313,East Meadow Soccer Club,PDA White (Shore)
U14,New England,173066,2020-10-18 12:00,33738,24089,SUSA FC ECNL GU14,Connecticut FC ECNL GU14,3,0,SUSA - Orlin & Cohen Sports Complex - Field 1,9,31,SUSA FC,Connecticut FC
U14,New England,173070,2020-10-24 15:15,35284,14745,World Class FC ECNL GU14,FSA FC ECNL GU14,1,0,Orangetown Soccer Complex - Field 1,116,431,World Class FC,FSA FC
U14,New England,173073,2020-10-25 10:00,6860,14745,PDA White ECNL GU14,FSA FC ECNL GU14,4,1,Morningside Farm - Field 11,3313,431,PDA White (Shore),FSA FC
U14,New England,173072,2020-10-25 15:15,35284,35282,World Class FC ECNL GU14,Scorpions Soccer ECNL GU14,1,0,Orangetown Soccer Complex - Field 1,116,7,World Class FC,No Club Selection
U14,New England,173076,2020-10-31 15:10,33738,35284,SUSA FC ECNL GU14,World Class FC ECNL GU14,1,2,SUSA - Orlin & Cohen Sports Complex - Field 1,9,116,SUSA FC,World Class FC
U14,New England,173080,2021-03-06 10:30,14745,35284,FSA FC ECNL GU14,World Class FC ECNL GU14,0,3,FSA-Farmington Sports Arena - Field 8,431,116,FSA FC,World Class FC
U14,New England,173079,2021-03-06 15:30,24089,35274,Connecticut FC ECNL GU14,East Meadow SC ECNL GU14,6,0,CFC Park - Field 2,31,42,Connecticut FC,East Meadow Soccer Club
U14,New England,173078,2021-03-10 16:30,35278,21552,FC Stars Blue ECNL GU14,FC Stars White ECNL GU14,1,2,FC Stars Complex - Field 1,52,52,FC Stars,FC Stars
U14,New England,173085,2021-03-20 14:15,35282,21552,Scorpions Soccer ECNL GU14,FC Stars White ECNL GU14,0,4,Medway High School - Lamson Field(Middle Field),7,52,No Club Selection,FC Stars
U14,New England,173084,2021-04-11 14:00,35278,24089,FC Stars Blue ECNL GU14,Connecticut FC ECNL GU14,2,2,FC Stars Complex - Field 2,52,31,FC Stars,Connecticut FC
U14,New England,173089,2021-04-17 09:00,33738,35274,SUSA FC ECNL GU14,East Meadow SC ECNL GU14,3,0,SUSA - Orlin & Cohen Sports Complex - Field 2,9,42,SUSA FC,East Meadow Soccer Club
U14,New England,173088,2021-04-17 10:00,35282,14745,Scorpions Soccer ECNL GU14,FSA FC ECNL GU14,4,0,Medway High School - Lamson Field(Middle Field),7,431,No Club Selection,FSA FC
U14,New England,173093,2021-04-18 09:00,33738,6860,SUSA FC ECNL GU14,PDA White ECNL GU14,3,0,SUSA - Orlin & Cohen Sports Complex - Field 3,9,3313,SUSA FC,PDA White (Shore)
U14,New England,173090,2021-04-18 10:45,21552,14745,FC Stars White ECNL GU14,FSA FC ECNL GU14,7,0,FC Stars Soccer Complex - Field 1,52,431,FC Stars,FSA FC
U14,New England,173092,2021-04-18 11:30,35282,24089,Scorpions Soccer ECNL GU14,Connecticut FC ECNL GU14,,,Progin Park - Field 7,7,31,No Club Selection,Connecticut FC
U14,New England,173094,2021-04-24 08:00,35278,33738,FC Stars Blue ECNL GU14,SUSA FC ECNL GU14,1,1,FC Stars Complex - Field 1,52,9,FC Stars,SUSA FC
U14,New England,173082,2021-04-24 09:45,35282,35284,Scorpions Soccer ECNL GU14,World Class FC ECNL GU14,0,1,Medway High School - Hanlon Field (Stadium),7,116,No Club Selection,World Class FC
U14,New England,173095,2021-04-24 09:45,21552,35274,FC Stars White ECNL GU14,East Meadow SC ECNL GU14,3,0,FC Stars Soccer Complex - Field 2,52,42,FC Stars,East Meadow Soccer Club
U14,New England,173108,2021-04-24 12:00,6860,24089,PDA White ECNL GU14,Connecticut FC ECNL GU14,0,2,PDA - Field 1,3313,31,PDA White (Shore),Connecticut FC
U14,New England,173097,2021-04-25 09:45,35278,35274,FC Stars Blue ECNL GU14,East Meadow SC ECNL GU14,0,0,FC Stars Complex - Field 1,52,42,FC Stars,East Meadow Soccer Club
U14,New England,173098,2021-04-25 11:30,21552,33738,FC Stars White ECNL GU14,SUSA FC ECNL GU14,0,1,MYSA Progin Park - Field 8,52,9,FC Stars,SUSA FC
U14,New England,173075,2021-04-25 15:00,24089,6860,Connecticut FC ECNL GU14,PDA White ECNL GU14,2,0,CFC Park - Field 1,31,3313,Connecticut FC,PDA White (Shore)
U14,New England,173100,2021-05-01 08:30,35284,21552,World Class FC ECNL GU14,FC Stars White ECNL GU14,1,0,Orangetown Soccer Complex - Field 1,116,52,World Class FC,FC Stars
U14,New England,173099,2021-05-01 09:00,6860,35278,PDA White ECNL GU14,FC Stars Blue ECNL GU14,2,0,PDA - Field 1,3313,52,PDA White (Shore),FC Stars
U14,New England,173101,2021-05-01 09:00,35274,35282,East Meadow SC ECNL GU14,Scorpions Soccer ECNL GU14,2,1,East Meadow Field of Dreams - South Turf,42,7,East Meadow Soccer Club,No Club Selection
U14,New England,173102,2021-05-01 14:00,33738,14745,SUSA FC ECNL GU14,FSA FC ECNL GU14,3,0,SUSA - Orlin & Cohen Sports Complex - Field 2,9,431,SUSA FC,FSA FC
U14,New England,173103,2021-05-02 10:00,6860,21552,PDA White ECNL GU14,FC Stars White ECNL GU14,4,1,Morningside Farm - Field 14,3313,52,PDA White (Shore),FC Stars
U14,New England,173106,2021-05-02 14:50,33738,35282,SUSA FC ECNL GU14,Scorpions Soccer ECNL GU14,4,0,SUSA - Orlin & Cohen Sports Complex - Field 3,9,7,SUSA FC,No Club Selection
U14,New England,173104,2021-05-02 15:00,35284,35278,World Class FC ECNL GU14,FC Stars Blue ECNL GU14,3,0,Orangetown Soccer Complex - Field 1,116,52,World Class FC,FC Stars
U14,New England,173105,2021-05-02 15:15,35274,14745,East Meadow SC ECNL GU14,FSA FC ECNL GU14,2,0,East Meadow Field of Dreams - North Turf,42,431,East Meadow Soccer Club,FSA FC
U14,New England,173109,2021-05-08,35284,33738,World Class FC ECNL GU14,SUSA FC ECNL GU14,2,2,,116,9,World Class FC,SUSA FC
U14,New England,173071,2021-05-08 18:00,6860,35282,PDA White ECNL GU14,Scorpions Soccer ECNL GU14,0,1,PDA - Field 3,3313,7,PDA White (Shore),No Club Selection
U14,New England,173111,2021-05-15 13:15,24089,35284,Connecticut FC ECNL GU14,World Class FC ECNL GU14,4,1,CFC Park - Field 1,31,116,Connecticut FC,World Class FC
U14,New England,173112,2021-05-15 16:00,6860,35274,PDA White ECNL GU14,East Meadow SC ECNL GU14,4,1,PDA - Field 1,3313,42,PDA White (Shore),East Meadow Soccer Club
U14,New England,173110,2021-05-19 17:00,14745,35278,FSA FC ECNL GU14,FC Stars Blue ECNL GU14,0,2,FSA-Farmington Sports Arena - Field 5,431,52,FSA FC,FC Stars
U14,New England,173077,2021-05-22 10:00,24089,35278,Connecticut FC ECNL GU14,FC Stars Blue ECNL GU14,4,0,CFC Park - Field 1,31,52,Connecticut FC,FC Stars
U14,New England,173113,2021-05-23,24089,33738,Connecticut FC ECNL GU14,SUSA FC ECNL GU14,2,1,,31,9,Connecticut FC,SUSA FC
U14,New England,173091,2021-05-23 10:30,35284,35274,World Class FC ECNL GU14,East Meadow SC ECNL GU14,0,1,Orangetown Soccer Complex - Field 5,116,42,World Class FC,East Meadow Soccer Club
U14,New England,173107,2021-05-25 20:00,35278,35282,FC Stars Blue ECNL GU14,Scorpions Soccer ECNL GU14,1,0,FC Stars Complex - Field 1,52,7,FC Stars,No Club Selection
U14,New England,173086,2021-05-26 19:00,21552,24089,FC Stars White ECNL GU14,Connecticut FC ECNL GU14,0,1,FC Stars Soccer Complex - Field 3,52,31,FC Stars,Connecticut FC
U14,New England,173083,2021-05-28 17:00,14745,6860,FSA FC ECNL GU14,PDA White ECNL GU14,,,FSA-Farmington Sports Arena - Field 8,431,3313,FSA FC,PDA White (Shore)
U14,New England,173096,2021-06-02 20:00,14745,24089,FSA FC ECNL GU14,Connecticut FC ECNL GU14,1,3,FSA-Farmington Sports Arena - Field 7,431,31,FSA FC,Connecticut FC
U14,New England,173074,2021-06-03 19:30,35282,35278,Scorpions Soccer ECNL GU14,FC Stars Blue ECNL GU14,3,1,Taunton Forekicks - Field 15,7,52,No Club Selection,FC Stars
U14,New England,173050,2021-06-05 09:45,21552,35284,FC Stars White ECNL GU14,World Class FC ECNL GU14,2,2,FC Stars Soccer Complex - Field 2,52,116,FC Stars,World Class FC
U14,New England,173049,2021-06-05 11:30,35278,6860,FC Stars Blue ECNL GU14,PDA White ECNL GU14,2,0,FC Stars Complex - Field 3,52,3313,FC Stars,PDA White (Shore)
U14,New England,173053,2021-06-06 09:45,35278,35284,FC Stars Blue ECNL GU14,World Class FC ECNL GU14,3,0,FC Stars Complex - Field 2,52,116,FC Stars,World Class FC
U14,New England,173054,2021-06-06 09:45,21552,6860,FC Stars White ECNL GU14,PDA White ECNL GU14,0,1,FC Stars Soccer Complex - Field 1,52,3313,FC Stars,PDA White (Shore)
U14,New England,173081,2021-06-12 08:15,35282,6860,Scorpions Soccer ECNL GU14,PDA White ECNL GU14,1,2,Medway High School - North Field (Lower Turf),7,3313,No Club Selection,PDA White (Shore)
U14,New England,173069,2021-06-12 09:00,35274,24089,East Meadow SC ECNL GU14,Connecticut FC ECNL GU14,0,2,East Meadow Field of Dreams - South Turf,42,31,East Meadow Soccer Club,Connecticut FC
U14,North Atlantic,173550,2020-09-12 11:30,45828,35283,Pipeline SC ECNL GU14,Maryland United ECNL GU14,0,9,Mercy High School - Field 1,3405,7,Pipeline SC,No Club Selection
U14,North Atlantic,173549,2020-09-12 15:00,1840,12575,PDA South ECNL GU14,FC Delco ECNL GU14,1,2,Westampton Sports Complex - Field 2,2628,598,PDA South,FC DELCO
U14,North Atlantic,173548,2020-09-12 16:00,33878,44736,FC Bucks ECNL GU14,Penn Fusion ECNL GU14,1,2,Council Rock North High School - Turf Field,46,7,HEX FC,No Club Selection
U14,North Atlantic,173553,2020-09-13 14:15,33878,12575,FC Bucks ECNL GU14,FC Delco ECNL GU14,0,3,Council Rock North High School - Turf Field,46,598,HEX FC,FC DELCO
U14,North Atlantic,173552,2020-09-13 15:00,1840,44736,PDA South ECNL GU14,Penn Fusion ECNL GU14,1,0,Westampton Sports Complex - Field 2,2628,7,PDA South,No Club Selection
U14,North Atlantic,173555,2020-09-19,44736,45828,Penn Fusion ECNL GU14,Pipeline SC ECNL GU14,5,1,USTC - Zach Steffen Field,7,3405,No Club Selection,Pipeline SC
U14,North Atlantic,173554,2020-09-19 10:00,1967,34504,PDA Blue ECNL GU14,Match Fit Academy ECNL GU14,5,1,PDA Main Complex - Field 3,2357,64,PDA Blue (North),Match Fit Surf
U14,North Atlantic,173557,2020-09-19 14:00,35273,33878,Bethesda SC ECNL GU14,FC Bucks ECNL GU14,6,1,Walter Johnson High School - Stadium,17,46,Bethesda SC,HEX FC
U14,North Atlantic,173559,2020-09-20 11:15,12575,45828,FC Delco ECNL GU14,Pipeline SC ECNL GU14,2,1,Proving Grounds - 3,598,3405,FC DELCO,Pipeline SC
U14,North Atlantic,173560,2020-09-26 11:15,12575,44736,FC Delco ECNL GU14,Penn Fusion ECNL GU14,0,1,Proving Grounds - 1,598,7,FC DELCO,No Club Selection
U14,North Atlantic,173561,2020-09-26 15:00,1840,33878,PDA South ECNL GU14,FC Bucks ECNL GU14,0,2,Westampton Sports Complex - Field 2,2628,46,PDA South,HEX FC
U14,North Atlantic,173565,2020-10-03 10:00,35273,1840,Bethesda SC ECNL GU14,PDA South ECNL GU14,0,2,Walter Johnson High School - Stadium,17,2628,Bethesda SC,PDA South
U14,North Atlantic,173563,2020-10-03 12:00,35283,1967,Maryland United ECNL GU14,PDA Blue ECNL GU14,0,5,Indian Creek - Field 1,7,2357,No Club Selection,PDA Blue (North)
U14,North Atlantic,173564,2020-10-03 12:00,45828,34504,Pipeline SC ECNL GU14,Match Fit Academy ECNL GU14,0,2,Mercy High School - Field 1,3405,64,Pipeline SC,Match Fit Surf
U14,North Atlantic,173567,2020-10-04 12:00,45828,1967,Pipeline SC ECNL GU14,PDA Blue ECNL GU14,0,9,Mercy High School - Field 1,3405,2357,Pipeline SC,PDA Blue (North)
U14,North Atlantic,173569,2020-10-17 10:00,1967,1840,PDA Blue ECNL GU14,PDA South ECNL GU14,5,0,PDA Main Complex - Field 3,2357,2628,PDA Blue (North),PDA South
U14,North Atlantic,173568,2020-10-17 11:00,34504,33878,Match Fit Academy ECNL GU14,FC Bucks ECNL GU14,4,0,Morris Catholic High School - Field 2 Lower,64,46,Match Fit Surf,HEX FC
U14,North Atlantic,173570,2020-10-17 13:00,44736,35273,Penn Fusion ECNL GU14,Bethesda SC ECNL GU14,3,0,Penn Fusion Kildare's Turf - Stadium,7,17,No Club Selection,Bethesda SC
U14,North Atlantic,173558,2020-10-18 09:30,44736,35283,Penn Fusion ECNL GU14,Maryland United ECNL GU14,1,1,Penn Fusion Kildare's Turf - Stadium,7,7,No Club Selection,No Club Selection
U14,North Atlantic,173572,2020-10-18 10:00,1967,33878,PDA Blue ECNL GU14,FC Bucks ECNL GU14,6,0,Morningside Farm - Field 11,2357,46,PDA Blue (North),HEX FC
U14,North Atlantic,173571,2020-10-18 12:00,34504,1840,Match Fit Academy ECNL GU14,PDA South ECNL GU14,1,1,Morris Catholic High School - Field 2 Lower,64,2628,Match Fit Surf,PDA South
U14,North Atlantic,173573,2020-10-18 15:00,12575,35273,FC Delco ECNL GU14,Bethesda SC ECNL GU14,1,4,Proving Grounds - 2,598,17,FC DELCO,Bethesda SC
U14,North Atlantic,173574,2020-10-24,44736,1967,Penn Fusion ECNL GU14,PDA Blue ECNL GU14,0,2,USTC - Zach Steffen Field,7,2357,No Club Selection,PDA Blue (North)
U14,North Atlantic,173575,2020-10-24 11:15,12575,34504,FC Delco ECNL GU14,Match Fit Academy ECNL GU14,1,3,Proving Grounds - 2,598,64,FC DELCO,Match Fit Surf
U14,North Atlantic,173576,2020-10-25,44736,34504,Penn Fusion ECNL GU14,Match Fit Academy ECNL GU14,0,2,USTC - Zach Steffen Field,7,64,No Club Selection,Match Fit Surf
U14,North Atlantic,173578,2020-10-25 10:30,45828,35273,Pipeline SC ECNL GU14,Bethesda SC ECNL GU14,0,5,Mercy High School - Field 1,3405,17,Pipeline SC,Bethesda SC
U14,North Atlantic,173577,2020-10-25 11:15,12575,1967,FC Delco ECNL GU14,PDA Blue ECNL GU14,0,1,Proving Grounds - 2,598,2357,FC DELCO,PDA Blue (North)
U14,North Atlantic,173579,2020-10-31 10:00,35283,33878,Maryland United ECNL GU14,FC Bucks ECNL GU14,0,3,Indian Creek - Field 1,7,46,No Club Selection,HEX FC
U14,North Atlantic,173582,2020-11-01 11:30,45828,33878,Pipeline SC ECNL GU14,FC Bucks ECNL GU14,1,5,Mercy High School - Field 1,3405,46,Pipeline SC,HEX FC
U14,North Atlantic,173562,2020-11-08 15:15,35273,35283,Bethesda SC ECNL GU14,Maryland United ECNL GU14,3,0,Walter Johnson High School - Stadium,17,7,Bethesda SC,No Club Selection
U14,North Atlantic,173610,2021-02-27 09:30,44736,12575,Penn Fusion ECNL GU14,FC Delco ECNL GU14,3,1,Penn Fusion Kildare's Turf - Stadium,7,598,No Club Selection,FC DELCO
U14,North Atlantic,173556,2021-02-28 11:45,12575,35283,FC Delco ECNL GU14,Maryland United ECNL GU14,2,1,Delaware Sports Turf Complex - Field 2,598,7,FC DELCO,No Club Selection
U14,North Atlantic,173598,2021-03-14 09:30,44736,33878,Penn Fusion ECNL GU14,FC Bucks ECNL GU14,4,0,Penn Fusion Kildare's Turf - Stadium,7,46,No Club Selection,HEX FC
U14,North Atlantic,173584,2021-03-14 15:00,1840,34504,PDA South ECNL GU14,Match Fit Academy ECNL GU14,1,2,Westampton Sports Complex - Field 2,2628,64,PDA South,Match Fit Surf
U14,North Atlantic,173586,2021-03-20 11:30,45828,44736,Pipeline SC ECNL GU14,Penn Fusion ECNL GU14,1,5,Mercy High School - Field 1,3405,7,Pipeline SC,No Club Selection
U14,North Atlantic,173585,2021-03-20 14:15,33878,1967,FC Bucks ECNL GU14,PDA Blue ECNL GU14,0,7,Bryn Athyn College - Turf,46,2357,HEX FC,PDA Blue (North)
U14,North Atlantic,173590,2021-03-21 11:30,45828,12575,Pipeline SC ECNL GU14,FC Delco ECNL GU14,0,1,Mercy High School - Field 1,3405,598,Pipeline SC,FC DELCO
U14,North Atlantic,173588,2021-03-21 13:30,1840,1967,PDA South ECNL GU14,PDA Blue ECNL GU14,2,7,Westampton Sports Complex - Field 2,2628,2357,PDA South,PDA Blue (North)
U14,North Atlantic,173547,2021-03-27 15:15,35273,1967,Bethesda SC ECNL GU14,PDA Blue ECNL GU14,0,5,Walter Johnson High School - Stadium,17,2357,Bethesda SC,PDA Blue (North)
U14,North Atlantic,173603,2021-04-10 15:15,34504,44736,Match Fit Academy ECNL GU14,Penn Fusion ECNL GU14,1,0,Morris Catholic High School - Field 2 Lower,64,7,Match Fit Surf,No Club Selection
U14,North Atlantic,173600,2021-04-11 12:00,34504,12575,Match Fit Academy ECNL GU14,FC Delco ECNL GU14,0,1,Morris Catholic High School - Field 2 Lower,64,598,Match Fit Surf,FC DELCO
U14,North Atlantic,173594,2021-04-17 12:30,44736,1840,Penn Fusion ECNL GU14,PDA South ECNL GU14,1,2,USTC - Field 3,7,2628,No Club Selection,PDA South
U14,North Atlantic,173592,2021-04-17 14:00,1967,35283,PDA Blue ECNL GU14,Maryland United ECNL GU14,,,PDA Main Complex - Field 3,2357,7,PDA Blue (North),No Club Selection
U14,North Atlantic,173593,2021-04-17 15:45,34504,45828,Match Fit Academy ECNL GU14,Pipeline SC ECNL GU14,8,0,Morris Catholic High School - Field 1 Upper,64,3405,Match Fit Surf,Pipeline SC
U14,North Atlantic,173597,2021-04-18 09:30,34504,35283,Match Fit Academy ECNL GU14,Maryland United ECNL GU14,,,Morris Catholic High School - Field 2 Lower,64,7,Match Fit Surf,No Club Selection
U14,North Atlantic,173599,2021-04-18 09:45,12575,1840,FC Delco ECNL GU14,PDA South ECNL GU14,0,1,Proving Grounds - 1,598,2628,FC DELCO,PDA South
U14,North Atlantic,173596,2021-04-18 12:00,1967,45828,PDA Blue ECNL GU14,Pipeline SC ECNL GU14,9,0,PDA Main Complex - Field 3,2357,3405,PDA Blue (North),Pipeline SC
U14,North Atlantic,173601,2021-04-24 12:00,1967,44736,PDA Blue ECNL GU14,Penn Fusion ECNL GU14,3,1,PDA Main Complex - Field 3,2357,7,PDA Blue (North),No Club Selection
U14,North Atlantic,173602,2021-04-24 14:00,35273,33878,Bethesda SC ECNL GU14,FC Bucks ECNL GU14,2,0,Ballenger Creek Park - Field 1,17,46,Bethesda SC,HEX FC
U14,North Atlantic,173604,2021-04-25 10:00,1967,12575,PDA Blue ECNL GU14,FC Delco ECNL GU14,4,0,Morningside Farm - Field 11,2357,598,PDA Blue (North),FC DELCO
U14,North Atlantic,173566,2021-04-25 16:30,35283,34504,Maryland United ECNL GU14,Match Fit Academy ECNL GU14,1,1,Indian Creek - Field 1,7,64,No Club Selection,Match Fit Surf
U14,North Atlantic,173606,2021-05-01 09:00,1840,35283,PDA South ECNL GU14,Maryland United ECNL GU14,0,0,Westampton Sports Complex - Field 2,2628,7,PDA South,No Club Selection
U14,North Atlantic,173605,2021-05-02 09:00,1840,35273,PDA South ECNL GU14,Bethesda SC ECNL GU14,0,3,Westampton Sports Complex - Field 2,2628,17,PDA South,Bethesda SC
U14,North Atlantic,173608,2021-05-02 16:00,33878,35283,FC Bucks ECNL GU14,Maryland United ECNL GU14,2,3,Academy of the New Church (ANC) - Turf,46,7,HEX FC,No Club Selection
U14,North Atlantic,173612,2021-05-15 10:30,35283,45828,Maryland United ECNL GU14,Pipeline SC ECNL GU14,1,0,Allen Pond Park - Murtaugh 1,7,3405,No Club Selection,Pipeline SC
U14,North Atlantic,173591,2021-05-15 14:30,35273,44736,Bethesda SC ECNL GU14,Penn Fusion ECNL GU14,,,Walter Johnson High School - Stadium,17,7,Bethesda SC,No Club Selection
U14,North Atlantic,173551,2021-05-16 12:30,35273,34504,Bethesda SC ECNL GU14,Match Fit Academy ECNL GU14,,,Walter Johnson High School - Stadium,17,64,Bethesda SC,Match Fit Surf
U14,North Atlantic,173580,2021-05-16 15:00,1840,45828,PDA South ECNL GU14,Pipeline SC ECNL GU14,5,0,Westampton Sports Complex - Field 2,2628,3405,PDA South,Pipeline SC
U14,North Atlantic,173614,2021-05-22 16:00,35283,44736,Maryland United ECNL GU14,Penn Fusion ECNL GU14,0,1,Indian Creek - Field 2,7,7,No Club Selection,No Club Selection
U14,North Atlantic,173615,2021-05-22 16:00,1840,45828,PDA South ECNL GU14,Pipeline SC ECNL GU14,4,1,Westampton Sports Complex - Field 2,2628,3405,PDA South,Pipeline SC
U14,North Atlantic,173616,2021-05-23 10:30,34504,35273,Match Fit Academy ECNL GU14,Bethesda SC ECNL GU14,1,0,Morris Catholic High School - Field 2 Lower,64,17,Match Fit Surf,Bethesda SC
U14,North Atlantic,173617,2021-05-23 12:30,33878,45828,FC Bucks ECNL GU14,Pipeline SC ECNL GU14,5,0,Council Rock North High School - Turf Field,46,3405,HEX FC,Pipeline SC
U14,North Atlantic,173583,2021-05-30 09:00,35283,35273,Maryland United ECNL GU14,Bethesda SC ECNL GU14,0,4,Allen Pond Park - Murtaugh 1,7,17,No Club Selection,Bethesda SC
U14,North Atlantic,173609,2021-05-30 10:30,34504,1967,Match Fit Academy ECNL GU14,PDA Blue ECNL GU14,0,1,Morris Catholic High School - Field 1 Upper,64,2357,Match Fit Surf,PDA Blue (North)
U14,North Atlantic,173595,2021-06-02 18:30,12575,33878,FC Delco ECNL GU14,FC Bucks ECNL GU14,4,2,Proving Grounds - 3,598,46,FC DELCO,HEX FC
U14,North Atlantic,173613,2021-06-05 10:00,1967,35273,PDA Blue ECNL GU14,Bethesda SC ECNL GU14,3,0,PDA Main Complex - Field 7,2357,17,PDA Blue (North),Bethesda SC
U14,North Atlantic,173618,2021-06-05 14:15,35283,12575,Maryland United ECNL GU14,FC Delco ECNL GU14,2,0,Indian Creek - Field 2,7,598,No Club Selection,FC DELCO
U14,North Atlantic,173611,2021-06-05 18:30,33878,1840,FC Bucks ECNL GU14,PDA South ECNL GU14,2,2,Bryn Athyn College - Turf,46,2628,HEX FC,PDA South
U14,North Atlantic,173589,2021-06-06 14:30,33878,34504,FC Bucks ECNL GU14,Match Fit Academy ECNL GU14,0,4,Council Rock North High School - Turf Field,46,64,HEX FC,Match Fit Surf
U14,North Atlantic,173581,2021-06-12 10:45,35283,1840,Maryland United ECNL GU14,PDA South ECNL GU14,2,1,Indian Creek - Field 1,7,2628,No Club Selection,PDA South
U14,North Atlantic,173607,2021-06-12 16:00,35273,45828,Bethesda SC ECNL GU14,Pipeline SC ECNL GU14,5,0,Walter Johnson High School - Stadium,17,3405,Bethesda SC,Pipeline SC
U14,North Atlantic,173587,2021-06-13 10:00,35273,12575,Bethesda SC ECNL GU14,FC Delco ECNL GU14,2,1,Walter Johnson High School - Stadium,17,598,Bethesda SC,FC DELCO
U14,Northern Cal,207491,2021-04-17 11:00,35169,45842,MVLA ECNL GU14,DeAnza Force ECNL GU14,3,0,Crittenden - Field 1,294,2510,MVLA,Force
U14,Northern Cal,207541,2021-04-17 13:00,18803,35170,Mustang SC ECNL GU14,Pleasanton Rage ECNL GU14,2,1,Provident Field @ MSC - Lower,69,80,Mustang Soccer,Pleasanton Rage
U14,Northern Cal,207494,2021-04-17 16:00,35162,35174,Marin FC ECNL GU14,Santa Rosa United ECNL GU14,1,2,Trione Fields - Trioine East,1585,91,Marin FC,Santa Rosa United Soccer
U14,Northern Cal,207492,2021-04-24 10:00,21335,35173,Davis Legacy ECNL GU14,San Juan SC ECNL GU14,0,3,Davis Legacy Soccer Complex - Field 10,1425,88,Davis Legacy Soccer Club,San Juan Soccer Club
U14,Northern Cal,207532,2021-04-24 15:00,35170,45842,Pleasanton Rage ECNL GU14,DeAnza Force ECNL GU14,3,2,Val Vista - Field 3,80,2510,Pleasanton Rage,Force
U14,Northern Cal,207509,2021-05-01 10:00,35174,35170,Santa Rosa United ECNL GU14,Pleasanton Rage ECNL GU14,2,2,Trione Fields - Trione West,91,80,Santa Rosa United Soccer,Pleasanton Rage
U14,Northern Cal,207544,2021-05-01 16:00,45842,21335,DeAnza Force ECNL GU14,Davis Legacy ECNL GU14,3,1,Morgan Hill Outdoor Sports Center - Field 2 (Soccer),2510,1425,Force,Davis Legacy Soccer Club
U14,Northern Cal,207507,2021-05-01 17:00,35173,35169,San Juan SC ECNL GU14,MVLA ECNL GU14,1,0,San Juan Soccer Complex - Tiemann Law Firm White Field,88,294,San Juan Soccer Club,MVLA
U14,Northern Cal,207513,2021-05-01 17:30,35162,18803,Marin FC ECNL GU14,Mustang SC ECNL GU14,1,0,Redwood High School - Ghilotti,1585,69,Marin FC,Mustang Soccer
U14,Northern Cal,207499,2021-05-08 10:00,35174,18803,Santa Rosa United ECNL GU14,Mustang SC ECNL GU14,2,3,Trione Fields - Trione West,91,69,Santa Rosa United Soccer,Mustang Soccer
U14,Northern Cal,207501,2021-05-08 11:00,35170,35162,Pleasanton Rage ECNL GU14,Marin FC ECNL GU14,0,0,Val Vista - Field 3,80,1585,Pleasanton Rage,Marin FC
U14,Northern Cal,207519,2021-05-08 11:00,35169,21335,MVLA ECNL GU14,Davis Legacy ECNL GU14,10,0,Crittenden - Field 1,294,1425,MVLA,Davis Legacy Soccer Club
U14,Northern Cal,207497,2021-05-08 13:00,45842,35173,DeAnza Force ECNL GU14,San Juan SC ECNL GU14,0,3,Morgan Hill Outdoor Sports Center - Field 1 (Football),2510,88,Force,San Juan Soccer Club
U14,Northern Cal,207496,2021-05-15 10:30,35162,21335,Marin FC ECNL GU14,Davis Legacy ECNL GU14,1,1,College of Marin - Stadium,1585,1425,Marin FC,Davis Legacy Soccer Club
U14,Northern Cal,207495,2021-05-15 11:00,18803,45842,Mustang SC ECNL GU14,DeAnza Force ECNL GU14,3,0,Provident Field @ MSC - Lower,69,2510,Mustang Soccer,Force
U14,Northern Cal,207545,2021-05-15 17:00,35173,35170,San Juan SC ECNL GU14,Pleasanton Rage ECNL GU14,7,0,San Juan Soccer Complex - Tiemann Law Firm White Field,88,80,San Juan Soccer Club,Pleasanton Rage
U14,Northern Cal,207514,2021-05-15 19:00,35169,35174,MVLA ECNL GU14,Santa Rosa United ECNL GU14,14,1,Crittenden - Field 1,294,91,MVLA,Santa Rosa United Soccer
U14,Northern Cal,207510,2021-05-22 10:00,45842,35162,DeAnza Force ECNL GU14,Marin FC ECNL GU14,3,0,Morgan Hill Outdoor Sports Center - Field 1 (Football),2510,1585,Force,Marin FC
U14,Northern Cal,207537,2021-05-22 10:00,21335,18803,Davis Legacy ECNL GU14,Mustang SC ECNL GU14,0,4,Davis Legacy Soccer Complex - Field 10,1425,69,Davis Legacy Soccer Club,Mustang Soccer
U14,Northern Cal,207523,2021-05-22 15:00,35170,35169,Pleasanton Rage ECNL GU14,MVLA ECNL GU14,0,1,Val Vista - Field 3,80,294,Pleasanton Rage,MVLA
U14,Northern Cal,207502,2021-05-22 17:00,35173,35174,San Juan SC ECNL GU14,Santa Rosa United ECNL GU14,9,0,San Juan Soccer Complex - Tiemann Law Firm White Field,88,91,San Juan Soccer Club,Santa Rosa United Soccer
U14,Northern Cal,207528,2021-05-23 11:00,18803,35173,Mustang SC ECNL GU14,San Juan SC ECNL GU14,0,5,Provident Field @ MSC - Lower,69,88,Mustang Soccer,San Juan Soccer Club
U14,Northern Cal,207530,2021-05-23 11:00,35169,35162,MVLA ECNL GU14,Marin FC ECNL GU14,6,0,Crittenden - Field 1,294,1585,MVLA,Marin FC
U14,Northern Cal,207515,2021-05-23 22:00,35174,21335,Santa Rosa United ECNL GU14,Davis Legacy ECNL GU14,1,3,Davis Legacy Soccer Complex - Field 9,91,1425,Santa Rosa United Soccer,Davis Legacy Soccer Club
U14,Northern Cal,207531,2021-06-03 19:30,18803,35169,Mustang SC ECNL GU14,MVLA ECNL GU14,0,4,Provident Field @ MSC - Lower,69,294,Mustang Soccer,MVLA
U14,Northern Cal,207504,2021-06-05 10:00,35174,45842,Santa Rosa United ECNL GU14,DeAnza Force ECNL GU14,3,2,Trione Fields - Trione West,91,2510,Santa Rosa United Soccer,Force
U14,Northern Cal,207518,2021-06-06 11:00,35173,35162,San Juan SC ECNL GU14,Marin FC ECNL GU14,4,0,San Juan Soccer Complex - Tiemann Law Firm White Field,88,1585,San Juan Soccer Club,Marin FC
U14,Northern Cal,207505,2021-06-12 13:00,21335,35170,Davis Legacy ECNL GU14,Pleasanton Rage ECNL GU14,0,4,Davis Legacy Soccer Complex - Field 10,1425,80,Davis Legacy Soccer Club,Pleasanton Rage
U14,Northwest,207984,2020-11-07 12:00,32700,45860,Crossfire United ECNL GU14,Portland Thorns Academy ECNL GU14,1,2,Mountain View Champions Park - Field 3,737,3406,Oregon Surf SC,Portland Thorns FC
U14,Northwest,208021,2020-11-14 12:00,45860,35159,Portland Thorns Academy ECNL GU14,FC Portland ECNL GU14,3,3,Mt View Champions Park - Field 2,3406,603,Portland Thorns FC,FC Portland Academy
U14,Northwest,207974,2020-11-21 12:00,35159,45860,FC Portland ECNL GU14,Portland Thorns Academy ECNL GU14,3,0,Mountain View Champions Park - Field 2,603,3406,FC Portland Academy,Portland Thorns FC
U14,Northwest,208017,2020-12-13 09:30,45860,32700,Portland Thorns Academy ECNL GU14,Crossfire United ECNL GU14,3,0,Mt View Champions Park - Field 2,3406,737,Portland Thorns FC,Oregon Surf SC
U14,Northwest,207995,2021-02-06 09:00,35179,35153,Washington Premier ECNL GU14,Eastside FC ECNL GU14,3,0,WPFC Field Complex - Field 4,112,398,Washington Premier FC,Eastside FC (WA)
U14,Northwest,208031,2021-02-06 09:00,35172,35177,Pacific Northwest SC ECNL GU14,Seattle United ECNL GU14,0,5,Starfire Sports - Field 4,2331,1643,PacNW,Seattle United
U14,Northwest,207991,2021-02-21 15:00,35172,35153,Pacific Northwest SC ECNL GU14,Eastside FC ECNL GU14,0,0,Starfire Sports - Field 3,2331,398,PacNW,Eastside FC (WA)
U14,Northwest,207990,2021-02-27 10:00,35159,32700,FC Portland ECNL GU14,Crossfire United ECNL GU14,3,0,Liberty High School - Clive Charles Field,603,737,FC Portland Academy,Oregon Surf SC
U14,Northwest,208015,2021-02-28 09:00,35153,35177,Eastside FC ECNL GU14,Seattle United ECNL GU14,2,6,PRESTON PARK ATHLETIC FIELDS - Field 2,398,1643,Eastside FC (WA),Seattle United
U14,Northwest,208010,2021-02-28 13:00,26840,35172,Crossfire Premier  ECNL GU14,Pacific Northwest SC ECNL GU14,7,0,Marymoor Park - #3 (Turf),7,2331,No Club Selection,PacNW
U14,Northwest,208022,2021-03-05 19:00,32700,35159,Crossfire United ECNL GU14,FC Portland ECNL GU14,0,4,THPRD Rec Center - # 1,737,603,Oregon Surf SC,FC Portland Academy
U14,Northwest,207989,2021-03-06 11:00,35153,35179,Eastside FC ECNL GU14,Washington Premier ECNL GU14,1,1,PRESTON PARK ATHLETIC FIELDS - Field 1,398,112,Eastside FC (WA),Washington Premier FC
U14,Northwest,208019,2021-03-07 09:00,35177,35172,Seattle United ECNL GU14,Pacific Northwest SC ECNL GU14,7,1,Shoreline A/B fields - Field A,1643,2331,Seattle United,PacNW
U14,Northwest,207971,2021-03-13 17:00,35179,35177,Washington Premier ECNL GU14,Seattle United ECNL GU14,2,1,WPFC Field Complex - Field 3,112,1643,Washington Premier FC,Seattle United
U14,Northwest,208014,2021-03-14 11:00,35172,26840,Pacific Northwest SC ECNL GU14,Crossfire Premier  ECNL GU14,0,10,Starfire Sports - Field 3,2331,7,PacNW,No Club Selection
U14,Northwest,207983,2021-03-21 09:00,35153,35172,Eastside FC ECNL GU14,Pacific Northwest SC ECNL GU14,1,1,PRESTON PARK ATHLETIC FIELDS - Field 2,398,2331,Eastside FC (WA),PacNW
U14,Northwest,208028,2021-03-21 17:00,26840,35177,Crossfire Premier  ECNL GU14,Seattle United ECNL GU14,1,0,Marymoor Park - #3 (Turf),7,1643,No Club Selection,Seattle United
U14,Northwest,208009,2021-03-27 12:30,35177,35179,Seattle United ECNL GU14,Washington Premier ECNL GU14,0,0,Ingraham High School - North,1643,112,Seattle United,Washington Premier FC
U14,Northwest,208012,2021-03-27 15:00,26840,35153,Crossfire Premier  ECNL GU14,Eastside FC ECNL GU14,4,1,Marymoor Park - #3 (Turf),7,398,No Club Selection,Eastside FC (WA)
U14,Northwest,208030,2021-04-18 09:00,35179,26840,Washington Premier ECNL GU14,Crossfire Premier  ECNL GU14,0,1,WPFC Field Complex - Field 3,112,7,Washington Premier FC,No Club Selection
U14,Northwest,208032,2021-04-18 09:00,35177,35153,Seattle United ECNL GU14,Eastside FC ECNL GU14,3,3,Jane Addams - East/West,1643,398,Seattle United,Eastside FC (WA)
U14,Northwest,207993,2021-04-24 11:00,26840,45860,Crossfire Premier  ECNL GU14,Portland Thorns Academy ECNL GU14,5,0,Marymoor Park - #3 (Turf),7,3406,No Club Selection,Portland Thorns FC
U14,Northwest,207994,2021-04-24 12:30,35177,35152,Seattle United ECNL GU14,Boise Thorns FC ECNL GU14,4,2,Ingraham High School - South,1643,51,Seattle United,Boise Timbers | Thorns
U14,Northwest,207997,2021-04-25 09:00,26840,35152,Crossfire Premier  ECNL GU14,Boise Thorns FC ECNL GU14,5,2,Marymoor Park - #1 (Turf),7,51,No Club Selection,Boise Timbers | Thorns
U14,Northwest,208002,2021-04-25 09:00,35179,35172,Washington Premier ECNL GU14,Pacific Northwest SC ECNL GU14,2,1,WPFC Field Complex - Field 4,112,2331,Washington Premier FC,PacNW
U14,Northwest,207996,2021-04-25 13:30,35177,45860,Seattle United ECNL GU14,Portland Thorns Academy ECNL GU14,2,4,Nathan Hale High School - Stadium,1643,3406,Seattle United,Portland Thorns FC
U14,Northwest,208042,2021-05-01 09:00,35159,35152,FC Portland ECNL GU14,Boise Thorns FC ECNL GU14,6,2,Liberty High School - Clive Charles Field,603,51,FC Portland Academy,Boise Timbers | Thorns
U14,Northwest,208018,2021-05-01 12:00,35153,26840,Eastside FC ECNL GU14,Crossfire Premier  ECNL GU14,0,2,PRESTON PARK ATHLETIC FIELDS - Field 2,398,7,Eastside FC (WA),No Club Selection
U14,Northwest,233512,2021-05-01 14:00,32700,45860,Crossfire United ECNL GU14,Portland Thorns Academy ECNL GU14,1,0,Mountain View Champions Park - Field 3,737,3406,Oregon Surf SC,Portland Thorns FC
U14,Northwest,208040,2021-05-02 11:30,32700,35152,Crossfire United ECNL GU14,Boise Thorns FC ECNL GU14,0,7,Tigard High School - 1,737,51,Oregon Surf SC,Boise Timbers | Thorns
U14,Northwest,233519,2021-05-02 12:00,45860,35159,Portland Thorns Academy ECNL GU14,FC Portland ECNL GU14,1,5,Mt View Champions Park - Field 2,3406,603,Portland Thorns FC,FC Portland Academy
U14,Northwest,208004,2021-05-08 11:00,26840,32700,Crossfire Premier  ECNL GU14,Crossfire United ECNL GU14,1,0,Marymoor Park - #4 (Turf),7,737,No Club Selection,Oregon Surf SC
U14,Northwest,208005,2021-05-08 13:00,35177,35159,Seattle United ECNL GU14,FC Portland ECNL GU14,0,4,Shoreline A/B fields - Field A,1643,603,Seattle United,FC Portland Academy
U14,Northwest,208029,2021-05-08 13:00,35172,35179,Pacific Northwest SC ECNL GU14,Washington Premier ECNL GU14,1,4,Starfire Sports - Field 4,2331,112,PacNW,Washington Premier FC
U14,Northwest,207979,2021-05-08 14:00,35153,45860,Eastside FC ECNL GU14,Portland Thorns Academy ECNL GU14,4,1,PRESTON PARK ATHLETIC FIELDS - Field 1,398,3406,Eastside FC (WA),Portland Thorns FC
U14,Northwest,208007,2021-05-09 09:00,26840,35159,Crossfire Premier  ECNL GU14,FC Portland ECNL GU14,2,0,Marymoor Park - #2 (Turf),7,603,No Club Selection,FC Portland Academy
U14,Northwest,208006,2021-05-09 09:30,35177,32700,Seattle United ECNL GU14,Crossfire United ECNL GU14,3,2,Jane Addams - East/West,1643,737,Seattle United,Oregon Surf SC
U14,Northwest,208035,2021-05-15 11:00,35152,45860,Boise Thorns FC ECNL GU14,Portland Thorns Academy ECNL GU14,4,2,Boise Timbers|Thorns - Soccer Complex - Field 2,51,3406,Boise Timbers | Thorns,Portland Thorns FC
U14,Northwest,208034,2021-05-15 11:30,32700,35172,Crossfire United ECNL GU14,Pacific Northwest SC ECNL GU14,2,0,PCC Rock Creek - Field 2,737,2331,Oregon Surf SC,PacNW
U14,Northwest,208033,2021-05-15 14:00,35159,35179,FC Portland ECNL GU14,Washington Premier ECNL GU14,2,2,Hillsboro High School (Hillhi) Stadium Turf Field - Field 1,603,112,FC Portland Academy,Washington Premier FC
U14,Northwest,208036,2021-05-16 09:00,32700,35179,Crossfire United ECNL GU14,Washington Premier ECNL GU14,0,1,PCC Rock Creek - Field 2,737,112,Oregon Surf SC,Washington Premier FC
U14,Northwest,208037,2021-05-16 14:00,35159,35172,FC Portland ECNL GU14,Pacific Northwest SC ECNL GU14,6,1,Liberty High School - Stadium Field,603,2331,FC Portland Academy,PacNW
U14,Northwest,208008,2021-05-22 14:00,26840,35179,Crossfire Premier  ECNL GU14,Washington Premier ECNL GU14,2,0,Grass Lawn Park - Field 2,7,112,No Club Selection,Washington Premier FC
U14,Northwest,208041,2021-05-22 14:30,32700,35153,Crossfire United ECNL GU14,Eastside FC ECNL GU14,1,1,PCC Rock Creek - Field 1,737,398,Oregon Surf SC,Eastside FC (WA)
U14,Northwest,208039,2021-05-23 09:00,35159,35153,FC Portland ECNL GU14,Eastside FC ECNL GU14,3,2,Liberty High School - Clive Charles Field,603,398,FC Portland Academy,Eastside FC (WA)
U14,Northwest,207982,2021-05-25 17:15,35177,26840,Seattle United ECNL GU14,Crossfire Premier  ECNL GU14,0,3,Georgetown Playfield - Field 1,1643,7,Seattle United,No Club Selection
U14,Northwest,233525,2021-05-25 18:00,35159,32700,FC Portland ECNL GU14,Crossfire United ECNL GU14,2,2,Liberty High School - Clive Charles Field,603,737,FC Portland Academy,Oregon Surf SC
U14,Northwest,208023,2021-06-05 09:00,35152,35179,Boise Thorns FC ECNL GU14,Washington Premier ECNL GU14,0,2,Buckman Sports Complex (Football) - Field 1,51,112,Boise Timbers | Thorns,Washington Premier FC
U14,Northwest,208024,2021-06-05 13:15,45860,35172,Portland Thorns Academy ECNL GU14,Pacific Northwest SC ECNL GU14,1,1,Tualatin Hills Recreation Center (THPRD) - Field 1,3406,2331,Portland Thorns FC,PacNW
U14,Northwest,208025,2021-06-06 09:00,45860,35179,Portland Thorns Academy ECNL GU14,Washington Premier ECNL GU14,1,2,Tualatin Hills Recreation Center (THPRD) - Field 2,3406,112,Portland Thorns FC,Washington Premier FC
U14,Northwest,208026,2021-06-06 11:00,35152,35172,Boise Thorns FC ECNL GU14,Pacific Northwest SC ECNL GU14,3,1,Buckman Sports Complex (Football) - Field 1,51,2331,Boise Timbers | Thorns,PacNW
U14,Northwest,207972,2021-06-13 14:00,35152,35153,Boise Thorns FC ECNL GU14,Eastside FC ECNL GU14,4,2,Boise Timbers|Thorns - Soccer Complex - Field 3,51,398,Boise Timbers | Thorns,Eastside FC (WA)
U14,Ohio Valley,172521,2020-09-12 14:15,35239,23407,FC Pride Elite ECNL GU14,Indiana Fire ECNL GU14,0,1,Pride Performance Center (Turf) - Field 1,7,436,No Club Selection,Indy Eleven Academy
U14,Ohio Valley,172520,2020-09-12 14:30,45894,35241,Racing Louisville Academy ECNL GU14,Ohio Elite Soccer Academy ECNL GU14,0,2,Elizabethtown Sports Park - Field 5,3408,75,Racing Louisville Academy,Ohio Elite Soccer Academy
U14,Ohio Valley,172519,2020-09-12 15:00,35238,35277,FC Alliance ECNL GU14,Tennessee Soccer Club ECNL GU14,0,3,Mayor Bob Leonard Park - Field 1,1693,1354,FC Alliance TN,Tennessee SC
U14,Ohio Valley,172588,2020-10-03 11:30,35279,33377,WNY Flash Academy ECNL GU14,Ohio Premier ECNL GU14,1,2,Montour Junction Sports Complex - Field 1,343,437,WNY Flash Academy,Ohio Premier
U14,Ohio Valley,172529,2020-10-03 11:45,35240,35276,Internationals SC ECNL GU14,Pittsburgh Riverhounds ECNL GU14,5,3,Pinnacle Sports - Field 1,58,7,Internationals SC,No Club Selection
U14,Ohio Valley,172526,2020-10-03 13:00,45894,35239,Racing Louisville Academy ECNL GU14,FC Pride Elite ECNL GU14,0,1,Richard Wigh Soccer Complex - Field 3,3408,7,Racing Louisville Academy,No Club Selection
U14,Ohio Valley,172527,2020-10-03 14:30,35241,23407,Ohio Elite Soccer Academy ECNL GU14,Indiana Fire ECNL GU14,0,4,Ohio Elite Training Center - Field 9,75,436,Ohio Elite Soccer Academy,Indy Eleven Academy
U14,Ohio Valley,172530,2020-10-04 13:00,45894,23407,Racing Louisville Academy ECNL GU14,Indiana Fire ECNL GU14,0,4,Richard Wigh Soccer Complex - Field 3,3408,436,Racing Louisville Academy,Indy Eleven Academy
U14,Ohio Valley,172531,2020-10-04 14:30,35241,35239,Ohio Elite Soccer Academy ECNL GU14,FC Pride Elite ECNL GU14,2,0,Ohio Elite Training Center - Field 9,75,7,Ohio Elite Soccer Academy,No Club Selection
U14,Ohio Valley,172533,2020-10-04 15:00,35240,35279,Internationals SC ECNL GU14,WNY Flash Academy ECNL GU14,3,1,Pinnacle Sports - Field 1,58,343,Internationals SC,WNY Flash Academy
U14,Ohio Valley,172594,2020-10-04 16:15,35276,33377,Pittsburgh Riverhounds ECNL GU14,Ohio Premier ECNL GU14,2,0,Highmark Stadium - Field 1,7,437,No Club Selection,Ohio Premier
U14,Ohio Valley,172534,2020-10-11 11:45,35240,33377,Internationals SC ECNL GU14,Ohio Premier ECNL GU14,6,1,Pinnacle Sports - Field 1,58,437,Internationals SC,Ohio Premier
U14,Ohio Valley,172535,2020-10-17 10:30,35277,35241,Tennessee Soccer Club ECNL GU14,Ohio Elite Soccer Academy ECNL GU14,6,0,Trinity Park - Field 1,1354,75,Tennessee SC,Ohio Elite Soccer Academy
U14,Ohio Valley,172536,2020-10-17 11:00,35238,45894,FC Alliance ECNL GU14,Racing Louisville Academy ECNL GU14,2,1,Hardin Valley Academy Stadium - Field 1,1693,3408,FC Alliance TN,Racing Louisville Academy
U14,Ohio Valley,172541,2020-10-18 10:30,35238,35241,FC Alliance ECNL GU14,Ohio Elite Soccer Academy ECNL GU14,0,2,Hardin Valley Academy Stadium - Field 1,1693,75,FC Alliance TN,Ohio Elite Soccer Academy
U14,Ohio Valley,172540,2020-10-18 10:45,35277,45894,Tennessee Soccer Club ECNL GU14,Racing Louisville Academy ECNL GU14,6,0,Williamson County Sports Complex - Field 22,1354,3408,Tennessee SC,Racing Louisville Academy
U14,Ohio Valley,172539,2020-10-18 14:00,35276,35279,Pittsburgh Riverhounds ECNL GU14,WNY Flash Academy ECNL GU14,3,0,Highmark Stadium - Field 1,7,343,No Club Selection,WNY Flash Academy
U14,Ohio Valley,172546,2020-10-25 12:00,35276,35239,Pittsburgh Riverhounds ECNL GU14,FC Pride Elite ECNL GU14,2,0,Highmark Stadium - Field 1,7,7,No Club Selection,No Club Selection
U14,Ohio Valley,172549,2020-10-31 10:45,35240,35277,Internationals SC ECNL GU14,Tennessee Soccer Club ECNL GU14,3,2,Pinnacle Sports - Field 1,58,1354,Internationals SC,Tennessee SC
U14,Ohio Valley,172548,2020-10-31 11:00,33377,35238,Ohio Premier ECNL GU14,FC Alliance ECNL GU14,3,0,OP Training Facility - Field 1,437,1693,Ohio Premier,FC Alliance TN
U14,Ohio Valley,172551,2020-11-01 10:45,35240,35238,Internationals SC ECNL GU14,FC Alliance ECNL GU14,3,0,Pinnacle Sports - Field 1,58,1693,Internationals SC,FC Alliance TN
U14,Ohio Valley,172550,2020-11-01 11:00,33377,35277,Ohio Premier ECNL GU14,Tennessee Soccer Club ECNL GU14,2,2,OP Training Facility - Field 1,437,1354,Ohio Premier,Tennessee SC
U14,Ohio Valley,172553,2020-11-07 10:30,35241,35276,Ohio Elite Soccer Academy ECNL GU14,Pittsburgh Riverhounds ECNL GU14,0,1,Seven Hills School - Lower Field,75,7,Ohio Elite Soccer Academy,No Club Selection
U14,Ohio Valley,172571,2020-11-07 14:45,45894,23407,Racing Louisville Academy ECNL GU14,Indiana Fire ECNL GU14,0,7,Lynn Family Sports Vision & Training Facility - Field 1,3408,436,Racing Louisville Academy,Indy Eleven Academy
U14,Ohio Valley,172554,2020-11-08 09:30,45894,35276,Racing Louisville Academy ECNL GU14,Pittsburgh Riverhounds ECNL GU14,1,0,Seven Hills - Upper,3408,7,Racing Louisville Academy,No Club Selection
U14,Ohio Valley,172567,2020-11-08 15:30,35241,23407,Ohio Elite Soccer Academy ECNL GU14,Indiana Fire ECNL GU14,1,2,Seven Hills School - Lower Field,75,436,Ohio Elite Soccer Academy,Indy Eleven Academy
U14,Ohio Valley,172559,2020-11-14 10:45,35240,45894,Internationals SC ECNL GU14,Racing Louisville Academy ECNL GU14,4,0,Pinnacle Sports - Field 1,58,3408,Internationals SC,Racing Louisville Academy
U14,Ohio Valley,172558,2020-11-14 13:00,33377,35241,Ohio Premier ECNL GU14,Ohio Elite Soccer Academy ECNL GU14,5,0,OP Training Facility - Field 1,437,75,Ohio Premier,Ohio Elite Soccer Academy
U14,Ohio Valley,172563,2020-11-15 13:30,35240,35241,Internationals SC ECNL GU14,Ohio Elite Soccer Academy ECNL GU14,8,0,Pinnacle Sports - Field 1,58,75,Internationals SC,Ohio Elite Soccer Academy
U14,Ohio Valley,172562,2020-11-15 23:00,33377,45894,Ohio Premier ECNL GU14,Racing Louisville Academy ECNL GU14,3,0,OP Training Facility - Field 1,437,3408,Ohio Premier,Racing Louisville Academy
U14,Ohio Valley,172561,2021-02-27 09:00,35238,35239,FC Alliance ECNL GU14,FC Pride Elite ECNL GU14,0,0,Powell High School Stadium - Field 1,1693,7,FC Alliance TN,No Club Selection
U14,Ohio Valley,172560,2021-02-27 10:45,35277,23407,Tennessee Soccer Club ECNL GU14,Indiana Fire ECNL GU14,2,3,Richard Siegel Soccer Complex - Field 1,1354,436,Tennessee SC,Indy Eleven Academy
U14,Ohio Valley,172556,2021-02-28 08:45,35277,35239,Tennessee Soccer Club ECNL GU14,FC Pride Elite ECNL GU14,4,1,Oakland High School - Field 1,1354,7,Tennessee SC,No Club Selection
U14,Ohio Valley,172557,2021-02-28 11:00,35238,23407,FC Alliance ECNL GU14,Indiana Fire ECNL GU14,0,4,Powell High School Stadium - Field 1,1693,436,FC Alliance TN,Indy Eleven Academy
U14,Ohio Valley,172566,2021-03-06 10:30,35239,45894,FC Pride Elite ECNL GU14,Racing Louisville Academy ECNL GU14,0,0,Pride Performance Center (Turf) - Field 1,7,3408,No Club Selection,Racing Louisville Academy
U14,Ohio Valley,172565,2021-03-06 11:00,35238,35276,FC Alliance ECNL GU14,Pittsburgh Riverhounds ECNL GU14,1,0,Mayor Bob Leonard Park - Field 2,1693,7,FC Alliance TN,No Club Selection
U14,Ohio Valley,172568,2021-03-06 13:45,33377,35240,Ohio Premier ECNL GU14,Internationals SC ECNL GU14,0,3,OP Training Facility - Field 1,437,58,Ohio Premier,Internationals SC
U14,Ohio Valley,172564,2021-03-06 14:30,35277,35279,Tennessee Soccer Club ECNL GU14,WNY Flash Academy ECNL GU14,4,0,Richard Siegel Soccer Complex - Field 2,1354,343,Tennessee SC,WNY Flash Academy
U14,Ohio Valley,172569,2021-03-07 09:00,35277,35276,Tennessee Soccer Club ECNL GU14,Pittsburgh Riverhounds ECNL GU14,2,0,Williamson County Sports Complex - Field 22,1354,7,Tennessee SC,No Club Selection
U14,Ohio Valley,172572,2021-03-07 10:30,35239,35241,FC Pride Elite ECNL GU14,Ohio Elite Soccer Academy ECNL GU14,2,1,Pride Performance Center (Turf) - Field 1,7,75,No Club Selection,Ohio Elite Soccer Academy
U14,Ohio Valley,172570,2021-03-07 11:00,35238,35279,FC Alliance ECNL GU14,WNY Flash Academy ECNL GU14,2,2,Mayor Bob Leonard Park - Field 2,1693,343,FC Alliance TN,WNY Flash Academy
U14,Ohio Valley,172598,2021-03-13 09:30,23407,35276,Indiana Fire ECNL GU14,Pittsburgh Riverhounds ECNL GU14,3,0,Grand Park - Field 8,436,7,Indy Eleven Academy,No Club Selection
U14,Ohio Valley,172599,2021-03-13 13:30,35239,35279,FC Pride Elite ECNL GU14,WNY Flash Academy ECNL GU14,0,0,Cardinal Ritter High School - Field 1,7,343,No Club Selection,WNY Flash Academy
U14,Ohio Valley,172577,2021-03-13 16:00,35241,45894,Ohio Elite Soccer Academy ECNL GU14,Racing Louisville Academy ECNL GU14,2,0,Seven Hills School - Upper Field,75,3408,Ohio Elite Soccer Academy,Racing Louisville Academy
U14,Ohio Valley,172603,2021-03-14 10:30,35239,35276,FC Pride Elite ECNL GU14,Pittsburgh Riverhounds ECNL GU14,0,2,Cardinal Ritter High School - Field 1,7,7,No Club Selection,No Club Selection
U14,Ohio Valley,172602,2021-03-14 11:30,23407,35279,Indiana Fire ECNL GU14,WNY Flash Academy ECNL GU14,2,1,Grand Park - Field 8,436,343,Indy Eleven Academy,WNY Flash Academy
U14,Ohio Valley,172575,2021-03-27 09:00,35277,35240,Tennessee Soccer Club ECNL GU14,Internationals SC ECNL GU14,1,1,Richard Siegel Soccer Complex - Field 2,1354,58,Tennessee SC,Internationals SC
U14,Ohio Valley,172544,2021-03-27 10:00,35276,23407,Pittsburgh Riverhounds ECNL GU14,Indiana Fire ECNL GU14,1,4,Montour Junction Sports Complex - Field 1,7,436,No Club Selection,Indy Eleven Academy
U14,Ohio Valley,172545,2021-03-27 11:00,35279,35239,WNY Flash Academy ECNL GU14,FC Pride Elite ECNL GU14,1,4,Flash Fields - Field B,343,7,WNY Flash Academy,No Club Selection
U14,Ohio Valley,172576,2021-03-27 11:00,35238,33377,FC Alliance ECNL GU14,Ohio Premier ECNL GU14,1,6,Central High School - Field 1,1693,437,FC Alliance TN,Ohio Premier
U14,Ohio Valley,172573,2021-03-28 10:15,35277,33377,Tennessee Soccer Club ECNL GU14,Ohio Premier ECNL GU14,2,0,JP II High School - Field 1,1354,437,Tennessee SC,Ohio Premier
U14,Ohio Valley,172574,2021-03-28 11:00,35238,35240,FC Alliance ECNL GU14,Internationals SC ECNL GU14,0,8,Powell High School Stadium - Field 1,1693,58,FC Alliance TN,Internationals SC
U14,Ohio Valley,172547,2021-03-28 13:00,35279,23407,WNY Flash Academy ECNL GU14,Indiana Fire ECNL GU14,0,3,Flash Fields - Field B,343,436,WNY Flash Academy,Indy Eleven Academy
U14,Ohio Valley,172606,2021-04-02 09:00,35279,35276,WNY Flash Academy ECNL GU14,Pittsburgh Riverhounds ECNL GU14,0,1,Flash Fields - Field B,343,7,WNY Flash Academy,No Club Selection
U14,Ohio Valley,172579,2021-04-17 10:00,23407,35238,Indiana Fire ECNL GU14,FC Alliance ECNL GU14,6,0,Grand Park - Field 10,436,1693,Indy Eleven Academy,FC Alliance TN
U14,Ohio Valley,172578,2021-04-17 10:30,35239,35277,FC Pride Elite ECNL GU14,Tennessee Soccer Club ECNL GU14,0,1,Pride Performance Center (Turf) - Field 1,7,1354,No Club Selection,Tennessee SC
U14,Ohio Valley,172585,2021-04-17 11:00,35276,35241,Pittsburgh Riverhounds ECNL GU14,Ohio Elite Soccer Academy ECNL GU14,2,1,Montour Junction Sports Complex - Field 1,7,75,No Club Selection,Ohio Elite Soccer Academy
U14,Ohio Valley,172584,2021-04-17 12:30,35279,45894,WNY Flash Academy ECNL GU14,Racing Louisville Academy ECNL GU14,3,0,Flash Fields - Field B,343,3408,WNY Flash Academy,Racing Louisville Academy
U14,Ohio Valley,172583,2021-04-18 10:00,23407,35277,Indiana Fire ECNL GU14,Tennessee Soccer Club ECNL GU14,2,0,Marian University - Field 1,436,1354,Indy Eleven Academy,Tennessee SC
U14,Ohio Valley,172582,2021-04-18 10:30,35239,35238,FC Pride Elite ECNL GU14,FC Alliance ECNL GU14,0,1,Pride Performance Center (Turf) - Field 1,7,1693,No Club Selection,FC Alliance TN
U14,Ohio Valley,172581,2021-04-18 10:45,35276,45894,Pittsburgh Riverhounds ECNL GU14,Racing Louisville Academy ECNL GU14,0,0,Highmark Stadium - Field 1,7,3408,No Club Selection,Racing Louisville Academy
U14,Ohio Valley,172580,2021-04-18 12:30,35279,35241,WNY Flash Academy ECNL GU14,Ohio Elite Soccer Academy ECNL GU14,1,2,Flash Fields - Field B,343,75,WNY Flash Academy,Ohio Elite Soccer Academy
U14,Ohio Valley,172528,2021-04-24 11:00,33377,35279,Ohio Premier ECNL GU14,WNY Flash Academy ECNL GU14,,,OP Training Facility - Field 1,437,343,Ohio Premier,WNY Flash Academy
U14,Ohio Valley,172589,2021-04-24 12:45,35276,35240,Pittsburgh Riverhounds ECNL GU14,Internationals SC ECNL GU14,1,3,Montour Junction Sports Complex - Field 2,7,58,No Club Selection,Internationals SC
U14,Ohio Valley,172587,2021-04-24 14:45,45894,35277,Racing Louisville Academy ECNL GU14,Tennessee Soccer Club ECNL GU14,0,2,Lynn Family Sports Vision & Training Facility - Field 1,3408,1354,Racing Louisville Academy,Tennessee SC
U14,Ohio Valley,172586,2021-04-24 16:00,35241,35238,Ohio Elite Soccer Academy ECNL GU14,FC Alliance ECNL GU14,1,1,Ohio Elite Training Center - Field 9,75,1693,Ohio Elite Soccer Academy,FC Alliance TN
U14,Ohio Valley,172591,2021-04-25 10:30,35241,35277,Ohio Elite Soccer Academy ECNL GU14,Tennessee Soccer Club ECNL GU14,2,5,Ohio Elite Training Center - Field 9,75,1354,Ohio Elite Soccer Academy,Tennessee SC
U14,Ohio Valley,172592,2021-04-25 10:45,45894,35238,Racing Louisville Academy ECNL GU14,FC Alliance ECNL GU14,2,1,Lynn Family Sports Vision & Training Facility - Field 1,3408,1693,Racing Louisville Academy,FC Alliance TN
U14,Ohio Valley,172532,2021-04-25 11:00,33377,35276,Ohio Premier ECNL GU14,Pittsburgh Riverhounds ECNL GU14,2,1,OP Training Facility - Field 1,437,7,Ohio Premier,No Club Selection
U14,Ohio Valley,172538,2021-05-01 12:00,35239,33377,FC Pride Elite ECNL GU14,Ohio Premier ECNL GU14,0,0,Lawrence Soccer Complex - Field #1,7,437,No Club Selection,Ohio Premier
U14,Ohio Valley,172537,2021-05-01 13:00,23407,35240,Indiana Fire ECNL GU14,Internationals SC ECNL GU14,3,1,Grand Park - Field 10,436,58,Indy Eleven Academy,Internationals SC
U14,Ohio Valley,172555,2021-05-02 11:00,35241,35279,Ohio Elite Soccer Academy ECNL GU14,WNY Flash Academy ECNL GU14,0,1,Warren County Sports Park - Field 17,75,343,Ohio Elite Soccer Academy,WNY Flash Academy
U14,Ohio Valley,172542,2021-05-02 12:00,23407,33377,Indiana Fire ECNL GU14,Ohio Premier ECNL GU14,3,1,Grand Park - Field 10,436,437,Indy Eleven Academy,Ohio Premier
U14,Ohio Valley,172543,2021-05-02 12:00,35239,35240,FC Pride Elite ECNL GU14,Internationals SC ECNL GU14,0,6,Lawrence Soccer Complex - Field #1,7,58,No Club Selection,Internationals SC
U14,Ohio Valley,172590,2021-05-13 19:30,23407,35239,Indiana Fire ECNL GU14,FC Pride Elite ECNL GU14,5,0,Grand Park - Field 1,436,7,Indy Eleven Academy,No Club Selection
U14,Ohio Valley,172522,2021-05-15 09:45,35276,35277,Pittsburgh Riverhounds ECNL GU14,Tennessee Soccer Club ECNL GU14,1,2,Montour Junction Sports Complex - Field 2,7,1354,No Club Selection,Tennessee SC
U14,Ohio Valley,172523,2021-05-15 09:45,35279,35238,WNY Flash Academy ECNL GU14,FC Alliance ECNL GU14,4,0,Flash Fields - Field B,343,1693,WNY Flash Academy,FC Alliance TN
U14,Ohio Valley,172596,2021-05-15 13:30,35241,35240,Ohio Elite Soccer Academy ECNL GU14,Internationals SC ECNL GU14,0,7,Ohio Elite Training Center - Field 9,75,58,Ohio Elite Soccer Academy,Internationals SC
U14,Ohio Valley,172597,2021-05-15 14:45,45894,33377,Racing Louisville Academy ECNL GU14,Ohio Premier ECNL GU14,1,3,Lynn Family Sports Vision & Training Facility - Field 3,3408,437,Racing Louisville Academy,Ohio Premier
U14,Ohio Valley,172524,2021-05-16 09:45,35276,35238,Pittsburgh Riverhounds ECNL GU14,FC Alliance ECNL GU14,4,0,Montour Junction Sports Complex - Field 2,7,1693,No Club Selection,FC Alliance TN
U14,Ohio Valley,172525,2021-05-16 09:45,35279,35277,WNY Flash Academy ECNL GU14,Tennessee Soccer Club ECNL GU14,1,0,Flash Fields - Field B,343,1354,WNY Flash Academy,Tennessee SC
U14,Ohio Valley,172601,2021-05-16 10:45,45894,35240,Racing Louisville Academy ECNL GU14,Internationals SC ECNL GU14,0,11,Lynn Family Sports Vision & Training Facility - Field 1,3408,58,Racing Louisville Academy,Internationals SC
U14,Ohio Valley,172600,2021-05-16 13:30,35241,33377,Ohio Elite Soccer Academy ECNL GU14,Ohio Premier ECNL GU14,1,2,Ohio Elite Training Center - Field 9,75,437,Ohio Elite Soccer Academy,Ohio Premier
U14,Ohio Valley,172604,2021-05-22 11:00,33377,35239,Ohio Premier ECNL GU14,FC Pride Elite ECNL GU14,3,1,OP Training Facility - Field 5,437,7,Ohio Premier,No Club Selection
U14,Ohio Valley,172605,2021-05-22 13:00,35240,23407,Internationals SC ECNL GU14,Indiana Fire ECNL GU14,2,0,Pinnacle Sports - Field 1,58,436,Internationals SC,Indy Eleven Academy
U14,Ohio Valley,172552,2021-05-22 17:00,45894,35279,Racing Louisville Academy ECNL GU14,WNY Flash Academy ECNL GU14,0,0,Lynn Family Sports Vision & Training Facility - Field 3,3408,343,Racing Louisville Academy,WNY Flash Academy
U14,Ohio Valley,172607,2021-05-23 11:00,33377,23407,Ohio Premier ECNL GU14,Indiana Fire ECNL GU14,1,1,OP Training Facility - Field 5,437,436,Ohio Premier,Indy Eleven Academy
U14,Ohio Valley,172608,2021-05-23 12:00,35240,35239,Internationals SC ECNL GU14,FC Pride Elite ECNL GU14,4,0,Copley Road Soccer Complex - 5,58,7,Internationals SC,No Club Selection
U14,Ohio Valley,172595,2021-06-05 11:00,35277,35238,Tennessee Soccer Club ECNL GU14,FC Alliance ECNL GU14,7,0,Williamson County Sports Complex - Field 23,1354,1693,Tennessee SC,FC Alliance TN
U14,Ohio Valley,172593,2021-06-13 16:30,35240,35279,Internationals SC ECNL GU14,WNY Flash Academy ECNL GU14,2,0,Pinnacle Sports - Field 1,58,343,Internationals SC,WNY Flash Academy
U14,Southeast,168683,2020-09-13 11:00,35262,35256,Concorde Fire Premier ECNL GU14,Concorde Fire Platinum ECNL GU14,0,8,Georgia Soccer Park - Field 4,30,30,Concorde Fire,Concorde Fire
U14,Southeast,168658,2020-09-19 09:00,33371,22549,GSA ECNL GU14,Sunrise Prime FC ECNL GU14,2,2,Silverbacks Park - Renegade Field,56,2329,Gwinnett Soccer Academy,Athletic Club Florida
U14,Southeast,168654,2020-09-19 10:00,35114,45835,Florida Elite SA ECNL GU14,United Futbol Academy ECNL GU14,0,1,Veterans Park - Field 2,1353,3407,Sporting SA,United Futbol Academy
U14,Southeast,168655,2020-09-19 10:30,35265,34662,Jacksonville FC ECNL GU14,Atlanta Fire United ECNL GU14,3,0,Patton Park - Field 2,7,14,No Club Selection,Atlanta Fire United
U14,Southeast,168660,2020-09-20 10:00,35114,34662,Florida Elite SA ECNL GU14,Atlanta Fire United ECNL GU14,0,2,Veterans Park - Field 2,1353,14,Sporting SA,Atlanta Fire United
U14,Southeast,168659,2020-09-20 11:00,35265,45835,Jacksonville FC ECNL GU14,United Futbol Academy ECNL GU14,10,1,Patton Park - Field 2,7,3407,No Club Selection,United Futbol Academy
U14,Southeast,168662,2020-09-20 11:00,35256,22549,Concorde Fire Platinum ECNL GU14,Sunrise Prime FC ECNL GU14,5,1,Georgia Soccer Park - Field 4,30,2329,Concorde Fire,Athletic Club Florida
U14,Southeast,168666,2020-09-26 09:00,45835,35258,United Futbol Academy ECNL GU14,Orlando City ECNL GU14,1,2,Fowler Park - Field 7,3407,77,United Futbol Academy,Seminole United
U14,Southeast,168664,2020-09-26 10:00,35262,35265,Concorde Fire Premier ECNL GU14,Jacksonville FC ECNL GU14,1,6,Georgia Soccer Park - Field 4,30,7,Concorde Fire,No Club Selection
U14,Southeast,168663,2020-09-26 11:00,35266,35114,Alabama FC ECNL GU14,Florida Elite SA ECNL GU14,1,0,Dunnavant Valley Fields (DVF) - Field #1,18,1353,Alabama FC,Sporting SA
U14,Southeast,168665,2020-09-26 11:00,34662,35020,Atlanta Fire United ECNL GU14,Florida Krush ECNL GU14,3,1,Pinecrest Academy - Turf,14,379,Atlanta Fire United,Florida Kraze Krush
U14,Southeast,168667,2020-09-27 09:00,35266,35265,Alabama FC ECNL GU14,Jacksonville FC ECNL GU14,1,3,Dunnavant Valley Fields (DVF) - Field # 2,18,7,Alabama FC,No Club Selection
U14,Southeast,168669,2020-09-27 09:00,45835,35020,United Futbol Academy ECNL GU14,Florida Krush ECNL GU14,2,2,Fowler Park - Field 7,3407,379,United Futbol Academy,Florida Kraze Krush
U14,Southeast,168668,2020-09-27 11:00,35262,35114,Concorde Fire Premier ECNL GU14,Florida Elite SA ECNL GU14,0,1,Georgia Soccer Park - Field 4,30,1353,Concorde Fire,Sporting SA
U14,Southeast,168670,2020-09-27 11:00,34662,35258,Atlanta Fire United ECNL GU14,Orlando City ECNL GU14,0,5,Pinecrest Academy - Turf,14,77,Atlanta Fire United,Seminole United
U14,Southeast,168577,2020-10-03 09:00,22549,35266,Sunrise Prime FC ECNL GU14,Alabama FC ECNL GU14,4,2,Max K. Rodes Park - Field 4,2329,18,Athletic Club Florida,Alabama FC
U14,Southeast,168576,2020-10-03 11:00,21279,35262,Tampa Bay United Rowdies ECNL GU14,Concorde Fire Premier ECNL GU14,2,0,Waters Sportsplex - Field 1,874,30,Tampa Bay United,Concorde Fire
U14,Southeast,168574,2020-10-03 12:00,35020,35256,Florida Krush ECNL GU14,Concorde Fire Platinum ECNL GU14,2,3,Central Winds - Field C,379,30,Florida Kraze Krush,Concorde Fire
U14,Southeast,168587,2020-10-04 09:00,22549,35262,Sunrise Prime FC ECNL GU14,Concorde Fire Premier ECNL GU14,2,2,Max K. Rodes Park - Field 4,2329,30,Athletic Club Florida,Concorde Fire
U14,Southeast,168586,2020-10-04 11:00,21279,35266,Tampa Bay United Rowdies ECNL GU14,Alabama FC ECNL GU14,1,0,Waters Sportsplex - Field 1,874,18,Tampa Bay United,Alabama FC
U14,Southeast,168657,2020-10-10 13:00,35256,21279,Concorde Fire Platinum ECNL GU14,Tampa Bay United Rowdies ECNL GU14,2,1,Georgia Soccer Park - Field 1,30,874,Concorde Fire,Tampa Bay United
U14,Southeast,168661,2020-10-11 09:00,33371,21279,GSA ECNL GU14,Tampa Bay United Rowdies ECNL GU14,0,2,Rabbit Hill Park - Field 3,56,874,Gwinnett Soccer Academy,Tampa Bay United
U14,Southeast,168564,2020-10-17 09:00,35266,35020,Alabama FC ECNL GU14,Florida Krush ECNL GU14,0,0,Dunnavant Valley Fields (DVF) - Field # 2,18,379,Alabama FC,Florida Kraze Krush
U14,Southeast,168676,2020-10-17 09:00,22549,34662,Sunrise Prime FC ECNL GU14,Atlanta Fire United ECNL GU14,3,0,Chapel Trail Park - CTSP 4,2329,14,Athletic Club Florida,Atlanta Fire United
U14,Southeast,168675,2020-10-17 11:00,21279,45835,Tampa Bay United Rowdies ECNL GU14,United Futbol Academy ECNL GU14,7,1,Waters Sportsplex - Field 1,874,3407,Tampa Bay United,United Futbol Academy
U14,Southeast,168570,2020-10-18 09:00,35262,35020,Concorde Fire Premier ECNL GU14,Florida Krush ECNL GU14,2,2,Georgia Soccer Park - Field 6,30,379,Concorde Fire,Florida Kraze Krush
U14,Southeast,168682,2020-10-18 09:00,22549,45835,Sunrise Prime FC ECNL GU14,United Futbol Academy ECNL GU14,3,1,Chapel Trail Park - CTSP 4,2329,3407,Athletic Club Florida,United Futbol Academy
U14,Southeast,168681,2020-10-18 11:00,21279,34662,Tampa Bay United Rowdies ECNL GU14,Atlanta Fire United ECNL GU14,1,0,Waters Sportsplex - Field 1,874,14,Tampa Bay United,Atlanta Fire United
U14,Southeast,168649,2020-10-25 10:00,35114,35265,Florida Elite SA ECNL GU14,Jacksonville FC ECNL GU14,0,2,Veterans Park - Field 2,1353,7,Sporting SA,No Club Selection
U14,Southeast,168603,2020-10-31 13:00,35114,35020,Florida Elite SA ECNL GU14,Florida Krush ECNL GU14,2,0,Veterans Park - Field 2,1353,379,Sporting SA,Florida Kraze Krush
U14,Southeast,168604,2020-10-31 14:30,35265,35258,Jacksonville FC ECNL GU14,Orlando City ECNL GU14,4,0,Patton Park - Field 2,7,77,No Club Selection,Seminole United
U14,Southeast,168608,2020-11-01 11:00,35114,35258,Florida Elite SA ECNL GU14,Orlando City ECNL GU14,1,4,Veterans Park - Field 2,1353,77,Sporting SA,Seminole United
U14,Southeast,168609,2020-11-01 11:00,35265,35020,Jacksonville FC ECNL GU14,Florida Krush ECNL GU14,2,0,Patton Park - Field 3,7,379,No Club Selection,Florida Kraze Krush
U14,Southeast,168575,2020-11-14 11:00,35258,33371,Orlando City ECNL GU14,GSA ECNL GU14,1,2,Seminole - Field 1,77,56,Seminole United,Gwinnett Soccer Academy
U14,Southeast,168585,2020-11-15 09:00,35258,35256,Orlando City ECNL GU14,Concorde Fire Platinum ECNL GU14,1,4,Seminole - Field 2,77,30,Seminole United,Concorde Fire
U14,Southeast,168584,2020-11-15 10:00,35020,33371,Florida Krush ECNL GU14,GSA ECNL GU14,1,4,Shane Kelly Park - Field 3,379,56,Florida Kraze Krush,Gwinnett Soccer Academy
U14,Southeast,168594,2020-11-21 11:00,35256,45835,Concorde Fire Platinum ECNL GU14,United Futbol Academy ECNL GU14,2,1,Georgia Soccer Park - Field 3,30,3407,Concorde Fire,United Futbol Academy
U14,Southeast,168595,2020-11-21 11:00,33371,34662,GSA ECNL GU14,Atlanta Fire United ECNL GU14,1,0,GSA South - Spencer,56,14,Gwinnett Soccer Academy,Atlanta Fire United
U14,Southeast,168596,2020-11-21 11:00,35266,35262,Alabama FC ECNL GU14,Concorde Fire Premier ECNL GU14,5,1,Dunnavant Valley Fields (DVF) - Field # 5,18,30,Alabama FC,Concorde Fire
U14,Southeast,168597,2020-11-22 11:00,35256,34662,Concorde Fire Platinum ECNL GU14,Atlanta Fire United ECNL GU14,0,2,Georgia Soccer Park - Field 4,30,14,Concorde Fire,Atlanta Fire United
U14,Southeast,168598,2020-11-22 13:00,33371,45835,GSA ECNL GU14,United Futbol Academy ECNL GU14,4,0,GSA South - Schrader,56,3407,Gwinnett Soccer Academy,United Futbol Academy
U14,Southeast,168565,2021-03-06 11:00,35262,35258,Concorde Fire Premier ECNL GU14,Orlando City ECNL GU14,1,5,Georgia Soccer Park - Field 2,30,77,Concorde Fire,Seminole United
U14,Southeast,168566,2021-03-06 12:00,35114,33371,Florida Elite SA ECNL GU14,GSA ECNL GU14,1,4,Veterans Park - Field 2,1353,56,Sporting SA,Gwinnett Soccer Academy
U14,Southeast,168571,2021-03-07 11:00,35266,35258,Alabama FC ECNL GU14,Orlando City ECNL GU14,1,2,,18,77,Alabama FC,Seminole United
U14,Southeast,168573,2021-03-07 11:00,35265,33371,Jacksonville FC ECNL GU14,GSA ECNL GU14,2,0,Davis Park - Field 8,7,56,No Club Selection,Gwinnett Soccer Academy
U14,Southeast,168600,2021-03-13 09:00,22549,35265,Sunrise Prime FC ECNL GU14,Jacksonville FC ECNL GU14,1,0,Chapel Trail Park - CTSP 4,2329,7,Athletic Club Florida,No Club Selection
U14,Southeast,168599,2021-03-13 11:00,21279,35114,Tampa Bay United Rowdies ECNL GU14,Florida Elite SA ECNL GU14,2,0,Waters Sportsplex - Field 1,874,1353,Tampa Bay United,Sporting SA
U14,Southeast,168656,2021-03-13 11:00,35020,35258,Florida Krush ECNL GU14,Orlando City ECNL GU14,1,2,East Orange District Park - Field 1,379,77,Florida Kraze Krush,Seminole United
U14,Southeast,168602,2021-03-14 11:00,21279,35265,Tampa Bay United Rowdies ECNL GU14,Jacksonville FC ECNL GU14,1,1,Waters Sportsplex - Field 1,874,7,Tampa Bay United,No Club Selection
U14,Southeast,168601,2021-03-14 13:00,22549,35114,Sunrise Prime FC ECNL GU14,Florida Elite SA ECNL GU14,3,0,Chapel Trail Park - CTSP 4,2329,1353,Athletic Club Florida,Sporting SA
U14,Southeast,168607,2021-03-20 11:00,45835,34662,United Futbol Academy ECNL GU14,Atlanta Fire United ECNL GU14,0,0,Fowler Park - Field 7,3407,14,United Futbol Academy,Atlanta Fire United
U14,Southeast,168605,2021-03-20 14:00,35262,35256,Concorde Fire Premier ECNL GU14,Concorde Fire Platinum ECNL GU14,0,4,Georgia Soccer Park - Field 4,30,30,Concorde Fire,Concorde Fire
U14,Southeast,168610,2021-03-21 14:00,35266,35256,Alabama FC ECNL GU14,Concorde Fire Platinum ECNL GU14,5,4,Dunnavant Valley Fields (DVF) - Field #1,18,30,Alabama FC,Concorde Fire
U14,Southeast,168612,2021-03-27 09:00,35258,35114,Orlando City ECNL GU14,Florida Elite SA ECNL GU14,3,0,Seminole - Field 8,77,1353,Seminole United,Sporting SA
U14,Southeast,168615,2021-03-27 11:00,34662,35262,Atlanta Fire United ECNL GU14,Concorde Fire Premier ECNL GU14,3,0,Pinecrest Academy - Turf,14,30,Atlanta Fire United,Concorde Fire
U14,Southeast,168614,2021-03-27 13:00,45835,35266,United Futbol Academy ECNL GU14,Alabama FC ECNL GU14,3,3,Fowler Park - Field 7,3407,18,United Futbol Academy,Alabama FC
U14,Southeast,168613,2021-03-27 17:00,35020,35265,Florida Krush ECNL GU14,Jacksonville FC ECNL GU14,1,1,Central Winds - Field C,379,7,Florida Kraze Krush,No Club Selection
U14,Southeast,168617,2021-03-28 01:30,35258,35265,Orlando City ECNL GU14,Jacksonville FC ECNL GU14,2,1,Seminole - Field 6,77,7,Seminole United,No Club Selection
U14,Southeast,168620,2021-03-28 03:00,45835,35262,United Futbol Academy ECNL GU14,Concorde Fire Premier ECNL GU14,1,1,Fowler Park - Field 7,3407,30,United Futbol Academy,Concorde Fire
U14,Southeast,168619,2021-03-28 11:00,35256,33371,Concorde Fire Platinum ECNL GU14,GSA ECNL GU14,1,1,Georgia Soccer Park - Field 4,30,56,Concorde Fire,Gwinnett Soccer Academy
U14,Southeast,168621,2021-03-28 11:00,34662,35266,Atlanta Fire United ECNL GU14,Alabama FC ECNL GU14,0,2,Pinecrest Academy - Turf,14,18,Atlanta Fire United,Alabama FC
U14,Southeast,168618,2021-03-28 13:00,22549,21279,Sunrise Prime FC ECNL GU14,Tampa Bay United Rowdies ECNL GU14,0,2,Chapel Trail Park - CTSP 4,2329,874,Athletic Club Florida,Tampa Bay United
U14,Southeast,168616,2021-03-28 15:00,35020,35114,Florida Krush ECNL GU14,Florida Elite SA ECNL GU14,1,2,Central Winds - Field C,379,1353,Florida Kraze Krush,Sporting SA
U14,Southeast,168623,2021-04-17 11:00,35114,22549,Florida Elite SA ECNL GU14,Sunrise Prime FC ECNL GU14,0,2,Veterans Park - Field 2,1353,2329,Sporting SA,Athletic Club Florida
U14,Southeast,168626,2021-04-17 11:00,33371,35266,GSA ECNL GU14,Alabama FC ECNL GU14,2,2,GSA South - Spencer,56,18,Gwinnett Soccer Academy,Alabama FC
U14,Southeast,168625,2021-04-17 13:00,35258,35020,Orlando City ECNL GU14,Florida Krush ECNL GU14,2,2,Seminole - Field 1,77,379,Seminole United,Florida Kraze Krush
U14,Southeast,168627,2021-04-18 10:00,35114,21279,Florida Elite SA ECNL GU14,Tampa Bay United Rowdies ECNL GU14,1,2,Veterans Park - Field 2,1353,874,Sporting SA,Tampa Bay United
U14,Southeast,168629,2021-04-18 11:00,35256,35266,Concorde Fire Platinum ECNL GU14,Alabama FC ECNL GU14,3,1,Georgia Soccer Park - Field 4,30,18,Concorde Fire,Alabama FC
U14,Southeast,168631,2021-04-18 11:00,34662,45835,Atlanta Fire United ECNL GU14,United Futbol Academy ECNL GU14,1,1,Pinecrest Academy - Turf,14,3407,Atlanta Fire United,United Futbol Academy
U14,Southeast,168630,2021-04-18 13:00,33371,35262,GSA ECNL GU14,Concorde Fire Premier ECNL GU14,4,1,GSA South - Schrader,56,30,Gwinnett Soccer Academy,Concorde Fire
U14,Southeast,168633,2021-04-24 09:30,35258,22549,Orlando City ECNL GU14,Sunrise Prime FC ECNL GU14,3,3,Seminole - Field 2,77,2329,Seminole United,Athletic Club Florida
U14,Southeast,168632,2021-04-24 15:00,35020,21279,Florida Krush ECNL GU14,Tampa Bay United Rowdies ECNL GU14,0,1,Central Winds - Field B,379,874,Florida Kraze Krush,Tampa Bay United
U14,Southeast,168606,2021-04-25 11:00,35266,33371,Alabama FC ECNL GU14,GSA ECNL GU14,1,1,Dunnavant Valley Fields (DVF) - Field #1,18,56,Alabama FC,Gwinnett Soccer Academy
U14,Southeast,168635,2021-04-25 11:00,35258,21279,Orlando City ECNL GU14,Tampa Bay United Rowdies ECNL GU14,0,1,Seminole - Field 2,77,874,Seminole United,Tampa Bay United
U14,Southeast,168634,2021-04-25 13:00,35020,22549,Florida Krush ECNL GU14,Sunrise Prime FC ECNL GU14,0,1,Central Winds - Field A,379,2329,Florida Kraze Krush,Athletic Club Florida
U14,Southeast,168636,2021-05-01 11:00,34662,35256,Atlanta Fire United ECNL GU14,Concorde Fire Platinum ECNL GU14,1,1,Pinecrest Academy - Turf,14,30,Atlanta Fire United,Concorde Fire
U14,Southeast,168637,2021-05-01 11:00,45835,33371,United Futbol Academy ECNL GU14,GSA ECNL GU14,2,2,Fowler Park - Field 7,3407,56,United Futbol Academy,Gwinnett Soccer Academy
U14,Southeast,214985,2021-05-01 15:30,35262,35266,Concorde Fire Premier ECNL GU14,Alabama FC ECNL GU14,2,0,Georgia Soccer Park - Field 4,30,18,Concorde Fire,Alabama FC
U14,Southeast,168647,2021-05-02 11:00,34662,33371,Atlanta Fire United ECNL GU14,GSA ECNL GU14,1,2,Pinecrest Academy - Turf,14,56,Atlanta Fire United,Gwinnett Soccer Academy
U14,Southeast,168648,2021-05-02 11:00,45835,35256,United Futbol Academy ECNL GU14,Concorde Fire Platinum ECNL GU14,3,1,Fowler Park - Field 7,3407,30,United Futbol Academy,Concorde Fire
U14,Southeast,173986,2021-05-02 11:00,21279,22549,Tampa Bay United Rowdies ECNL GU14,Sunrise Prime FC ECNL GU14,3,1,Waters Sportsplex - Field 2,874,2329,Tampa Bay United,Athletic Club Florida
U14,Southeast,168638,2021-05-15 10:00,22549,35020,Sunrise Prime FC ECNL GU14,Florida Krush ECNL GU14,2,2,Chapel Trail Park - CTSP 4,2329,379,Athletic Club Florida,Florida Kraze Krush
U14,Southeast,168639,2021-05-15 13:00,21279,35258,Tampa Bay United Rowdies ECNL GU14,Orlando City ECNL GU14,0,3,Waters Sportsplex - Field 1,874,77,Tampa Bay United,Seminole United
U14,Southeast,168640,2021-05-15 14:00,35266,34662,Alabama FC ECNL GU14,Atlanta Fire United ECNL GU14,1,0,Dunnavant Valley Fields (DVF) - Field #1,18,14,Alabama FC,Atlanta Fire United
U14,Southeast,168641,2021-05-15 16:00,35262,45835,Concorde Fire Premier ECNL GU14,United Futbol Academy ECNL GU14,0,3,Georgia Soccer Park - Field 4,30,3407,Concorde Fire,United Futbol Academy
U14,Southeast,168642,2021-05-16 09:00,22549,35258,Sunrise Prime FC ECNL GU14,Orlando City ECNL GU14,1,4,Chapel Trail Park - CTSP 4,2329,77,Athletic Club Florida,Seminole United
U14,Southeast,168643,2021-05-16 11:00,21279,35020,Tampa Bay United Rowdies ECNL GU14,Florida Krush ECNL GU14,3,1,Waters Sportsplex - Field 3,874,379,Tampa Bay United,Florida Kraze Krush
U14,Southeast,168646,2021-05-16 13:00,33371,35256,GSA ECNL GU14,Concorde Fire Platinum ECNL GU14,4,2,GSA South - Schrader,56,30,Gwinnett Soccer Academy,Concorde Fire
U14,Southeast,168644,2021-05-16 14:00,35266,45835,Alabama FC ECNL GU14,United Futbol Academy ECNL GU14,1,3,Dunnavant Valley Fields (DVF) - Field #1,18,3407,Alabama FC,United Futbol Academy
U14,Southeast,168645,2021-05-16 14:00,35262,34662,Concorde Fire Premier ECNL GU14,Atlanta Fire United ECNL GU14,1,3,Georgia Soccer Park - Field 4,30,14,Concorde Fire,Atlanta Fire United
U14,Southeast,168611,2021-05-18 18:45,35262,33371,Concorde Fire Premier ECNL GU14,GSA ECNL GU14,0,2,ATLANTA INTERNATIONAL SCHOOL - Field 1,30,56,Concorde Fire,Gwinnett Soccer Academy
U14,Southeast,168628,2021-05-22 09:00,35265,22549,Jacksonville FC ECNL GU14,Sunrise Prime FC ECNL GU14,2,1,Chapel Trail Park - CTSP 4,7,2329,No Club Selection,Athletic Club Florida
U14,Southeast,168624,2021-05-23 11:00,35265,21279,Jacksonville FC ECNL GU14,Tampa Bay United Rowdies ECNL GU14,2,0,Waters Sportsplex - Field 2,7,874,No Club Selection,Tampa Bay United
U14,Southeast,168622,2021-05-26 17:30,35265,35114,Jacksonville FC ECNL GU14,Florida Elite SA ECNL GU14,4,0,Patton Park - Field 12,7,1353,No Club Selection,Sporting SA
U14,Southeast,200503,2021-05-29 12:30,35265,35256,Jacksonville FC ECNL GU14,Concorde Fire Platinum ECNL GU14,5,4,Patton Park - Field 1,7,30,No Club Selection,Concorde Fire
U14,Southeast,168572,2021-05-30 08:00,35114,35256,Florida Elite SA ECNL GU14,Concorde Fire Platinum ECNL GU14,1,7,Veterans Park - Field 2,1353,30,Sporting SA,Concorde Fire
U14,Southwest,209348,2020-10-04,35183,33451,Phoenix Rising ECNL GU14,AZ Arsenal ECNL GU14,2,1,,1141,592,Phoenix Rising FC,Arizona Arsenal Soccer Club
U14,Southwest,209353,2020-10-17,35183,18022,Phoenix Rising ECNL GU14,SLAMMERS FC ECNL GU14,2,1,,1141,96,Phoenix Rising FC,Slammers FC
U14,Southwest,209352,2020-10-17 12:00,33451,8995,AZ Arsenal ECNL GU14,LAFC Slammers ECNL GU14,0,6,Eagle Sports Complex - Field 4,592,1656,Arizona Arsenal Soccer Club,Slammers FC HB Koge
U14,Southwest,209358,2020-10-18,35183,8995,Phoenix Rising ECNL GU14,LAFC Slammers ECNL GU14,2,4,,1141,1656,Phoenix Rising FC,Slammers FC HB Koge
U14,Southwest,209359,2020-10-18 12:00,33451,18022,AZ Arsenal ECNL GU14,SLAMMERS FC ECNL GU14,0,2,Desert Sky Park - Field 4,592,96,Arizona Arsenal Soccer Club,Slammers FC
U14,Southwest,209364,2020-10-24,35183,45888,Phoenix Rising ECNL GU14,Real So Cal ECNL GU14,1,0,,1141,82,Phoenix Rising FC,LAFC So Cal
U14,Southwest,209365,2020-10-24,35182,8995,Heat FC ECNL GU14,LAFC Slammers ECNL GU14,0,8,,57,1656,LV Heat Surf SC,Slammers FC HB Koge
U14,Southwest,209446,2020-10-24 17:00,33451,35189,AZ Arsenal ECNL GU14,So Cal Blues ECNL GU14,0,1,Santos Soccer Complex - Field 3,592,98,Arizona Arsenal Soccer Club,So Cal Blues
U14,Southwest,209369,2020-10-25,33451,45888,AZ Arsenal ECNL GU14,Real So Cal ECNL GU14,0,3,,592,82,Arizona Arsenal Soccer Club,LAFC So Cal
U14,Southwest,209370,2020-10-25,35182,18022,Heat FC ECNL GU14,SLAMMERS FC ECNL GU14,1,6,,57,96,LV Heat Surf SC,Slammers FC
U14,Southwest,209452,2020-10-25,35183,35189,Phoenix Rising ECNL GU14,So Cal Blues ECNL GU14,2,5,,1141,98,Phoenix Rising FC,So Cal Blues
U14,Southwest,209483,2020-10-31,35183,34925,Phoenix Rising ECNL GU14,LA Breakers FC ECNL GU14,5,2,,1141,7,Phoenix Rising FC,No Club Selection
U14,Southwest,209484,2020-10-31,33451,21540,AZ Arsenal ECNL GU14,Arsenal FC ECNL GU14,3,0,,592,13,Arizona Arsenal Soccer Club,Sporting California USA
U14,Southwest,209489,2020-11-01,33451,34925,AZ Arsenal ECNL GU14,LA Breakers FC ECNL GU14,0,4,,592,7,Arizona Arsenal Soccer Club,No Club Selection
U14,Southwest,209490,2020-11-01,35183,21540,Phoenix Rising ECNL GU14,Arsenal FC ECNL GU14,12,0,,1141,13,Phoenix Rising FC,Sporting California USA
U14,Southwest,209376,2020-11-07,9867,35183,Rebels SC ECNL GU14,Phoenix Rising ECNL GU14,,,,300,1141,Rebels Soccer Club,Phoenix Rising FC
U14,Southwest,209381,2020-11-07 08:00,35182,35188,Heat FC ECNL GU14,Strikers FC ECNL GU14,3,0,Heritage Park Sports Complex - Field 5,57,2,LV Heat Surf SC,Strikers FC ECNL
U14,Southwest,209382,2020-11-08,9867,33451,Rebels SC ECNL GU14,AZ Arsenal ECNL GU14,4,0,,300,592,Rebels Soccer Club,Arizona Arsenal Soccer Club
U14,Southwest,209383,2020-11-08,45876,35183,San Diego Surf ECNL GU14,Phoenix Rising ECNL GU14,1,0,,87,1141,San Diego Surf Soccer Club,Phoenix Rising FC
U14,Southwest,209386,2021-03-06 11:00,1153,34925,Eagles SC ECNL GU14,LA Breakers FC ECNL GU14,1,1,Pleasant Valley Fields - Field 11,7,7,No Club Selection,No Club Selection
U14,Southwest,209393,2021-03-06 13:00,45876,8995,San Diego Surf ECNL GU14,LAFC Slammers ECNL GU14,0,3,Surf Sports Park - Field 6,87,1656,San Diego Surf Soccer Club,Slammers FC HB Koge
U14,Southwest,209485,2021-03-06 13:00,35180,35188,Del Mar Sharks ECNL GU14,Strikers FC ECNL GU14,1,1,Surf Sports Park - Field 9,39,2,Legends FC - Del Mar,Strikers FC ECNL
U14,Southwest,209408,2021-03-06 15:00,9867,18022,Rebels SC ECNL GU14,SLAMMERS FC ECNL GU14,1,2,Surf Sports Park - Field 2,300,96,Rebels Soccer Club,Slammers FC
U14,Southwest,209528,2021-03-06 15:00,35189,21540,So Cal Blues ECNL GU14,Arsenal FC ECNL GU14,11,0,OC Great Park - Field 4,98,13,So Cal Blues,Sporting California USA
U14,Southwest,209505,2021-03-07,35189,45888,So Cal Blues ECNL GU14,Real So Cal ECNL GU14,3,1,,98,82,So Cal Blues,LAFC So Cal
U14,Southwest,209405,2021-03-07 11:00,9867,8995,Rebels SC ECNL GU14,LAFC Slammers ECNL GU14,0,6,Surf Sports Park - Field 2,300,1656,Rebels Soccer Club,Slammers FC HB Koge
U14,Southwest,209428,2021-03-07 11:00,1153,34925,Eagles SC ECNL GU14,LA Breakers FC ECNL GU14,2,4,Pleasant Valley Fields - Field 11,7,7,No Club Selection,No Club Selection
U14,Southwest,209390,2021-03-07 13:00,45876,18022,San Diego Surf ECNL GU14,SLAMMERS FC ECNL GU14,1,0,Surf Sports Park - Field 6,87,96,San Diego Surf Soccer Club,Slammers FC
U14,Southwest,209461,2021-03-07 13:00,35180,21540,Del Mar Sharks ECNL GU14,Arsenal FC ECNL GU14,4,1,Surf Sports Park - Field 9,39,13,Legends FC - Del Mar,Sporting California USA
U14,Southwest,209379,2021-03-13 09:00,45888,34925,Real So Cal ECNL GU14,LA Breakers FC ECNL GU14,3,0,Oak View School - Field 1,82,7,LAFC So Cal,No Club Selection
U14,Southwest,209459,2021-03-13 09:00,35189,18022,So Cal Blues ECNL GU14,SLAMMERS FC ECNL GU14,3,1,OC Great Park - Field 4,98,96,So Cal Blues,Slammers FC
U14,Southwest,209367,2021-03-13 11:00,21540,9867,Arsenal FC ECNL GU14,Rebels SC ECNL GU14,1,2,Ralph M. Lewis Sports Complex - Field 5,13,300,Sporting California USA,Rebels Soccer Club
U14,Southwest,209526,2021-03-13 11:00,35188,45876,Strikers FC ECNL GU14,San Diego Surf ECNL GU14,0,5,SoCal Sports Complex - Field 20,2,87,Strikers FC ECNL,San Diego Surf Soccer Club
U14,Southwest,209458,2021-03-13 13:00,35180,8995,Del Mar Sharks ECNL GU14,LAFC Slammers ECNL GU14,0,5,SoCal Sports Complex - Field 19,39,1656,Legends FC - Del Mar,Slammers FC HB Koge
U14,Southwest,209363,2021-03-14 11:00,21540,45876,Arsenal FC ECNL GU14,San Diego Surf ECNL GU14,0,11,Galway Downs - Field 19,13,87,Sporting California USA,San Diego Surf Soccer Club
U14,Southwest,209430,2021-03-14 11:00,35180,18022,Del Mar Sharks ECNL GU14,SLAMMERS FC ECNL GU14,0,4,Surf Sports Park - Field 9,39,96,Legends FC - Del Mar,Slammers FC
U14,Southwest,209429,2021-03-14 13:00,35189,8995,So Cal Blues ECNL GU14,LAFC Slammers ECNL GU14,2,0,OC Great Park - Field 4,98,1656,So Cal Blues,Slammers FC HB Koge
U14,Southwest,209456,2021-03-14 14:15,35188,9867,Strikers FC ECNL GU14,Rebels SC ECNL GU14,1,0,Orange County Great Park - Field 18,2,300,Strikers FC ECNL,Rebels Soccer Club
U14,Southwest,209419,2021-03-20 10:15,8995,18022,LAFC Slammers ECNL GU14,SLAMMERS FC ECNL GU14,4,1,Orange County Great Park - Field 18,1656,96,Slammers FC HB Koge,Slammers FC
U14,Southwest,209465,2021-03-20 13:00,1153,45888,Eagles SC ECNL GU14,Real So Cal ECNL GU14,0,0,Pleasant Valley Fields - Field 11,7,82,No Club Selection,LAFC So Cal
U14,Southwest,209491,2021-03-20 13:00,35189,35188,So Cal Blues ECNL GU14,Strikers FC ECNL GU14,3,0,OC Great Park - Field 4,98,2,So Cal Blues,Strikers FC ECNL
U14,Southwest,209455,2021-03-21,34925,35188,LA Breakers FC ECNL GU14,Strikers FC ECNL GU14,2,1,,7,2,No Club Selection,Strikers FC ECNL
U14,Southwest,209426,2021-03-21 09:00,45876,9867,San Diego Surf ECNL GU14,Rebels SC ECNL GU14,5,1,So Cal Sports Complex - Field 15,87,300,San Diego Surf Soccer Club,Rebels Soccer Club
U14,Southwest,209431,2021-03-21 15:00,35189,35180,So Cal Blues ECNL GU14,Del Mar Sharks ECNL GU14,7,0,OC Great Park - Field 4,98,39,So Cal Blues,Legends FC - Del Mar
U14,Southwest,209436,2021-03-27 10:00,33451,35182,AZ Arsenal ECNL GU14,Heat FC ECNL GU14,1,2,Santos Soccer Complex - Field 3,592,57,Arizona Arsenal Soccer Club,LV Heat Surf SC
U14,Southwest,209499,2021-03-27 11:00,9867,35180,Rebels SC ECNL GU14,Del Mar Sharks ECNL GU14,2,1,Surf Sports Park - Field 2,300,39,Rebels Soccer Club,Legends FC - Del Mar
U14,Southwest,209415,2021-03-27 12:15,18022,34925,SLAMMERS FC ECNL GU14,LA Breakers FC ECNL GU14,1,2,Orange County Great Park - Field 18,96,7,Slammers FC,No Club Selection
U14,Southwest,209500,2021-03-27 12:45,45876,35189,San Diego Surf ECNL GU14,So Cal Blues ECNL GU14,0,0,So Cal Sports Complex - Field 13,87,98,San Diego Surf Soccer Club,So Cal Blues
U14,Southwest,209479,2021-03-28 09:00,21540,18022,Arsenal FC ECNL GU14,SLAMMERS FC ECNL GU14,0,9,Galway Downs - Field 19,13,96,Sporting California USA,Slammers FC
U14,Southwest,209482,2021-03-28 09:45,45888,1153,Real So Cal ECNL GU14,Eagles SC ECNL GU14,1,0,Pleasant Valley Fields - Field 1,82,7,LAFC So Cal,No Club Selection
U14,Southwest,209438,2021-03-28 12:00,35183,35182,Phoenix Rising ECNL GU14,Heat FC ECNL GU14,2,1,Talking Stick Resort Soccer Facility - North,1141,57,Phoenix Rising FC,LV Heat Surf SC
U14,Southwest,209407,2021-03-28 13:00,35188,34925,Strikers FC ECNL GU14,LA Breakers FC ECNL GU14,0,3,Orange County Great Park - Field 17,2,7,Strikers FC ECNL,No Club Selection
U14,Southwest,209495,2021-04-03 09:00,9867,35189,Rebels SC ECNL GU14,So Cal Blues ECNL GU14,0,8,Ryan Park - Field 6,300,98,Rebels Soccer Club,So Cal Blues
U14,Southwest,209351,2021-04-03 11:00,34925,21540,LA Breakers FC ECNL GU14,Arsenal FC ECNL GU14,6,0,Silverlakes Soccer Complex - Field 2,7,13,No Club Selection,Sporting California USA
U14,Southwest,209522,2021-04-09 17:00,35182,1153,Heat FC ECNL GU14,Eagles SC ECNL GU14,1,5,Bettye Wilson Soccer Complex - Field 8,57,7,LV Heat Surf SC,No Club Selection
U14,Southwest,209463,2021-04-09 19:00,33451,35183,AZ Arsenal ECNL GU14,Phoenix Rising ECNL GU14,0,0,Santos Soccer Complex - Field 1,592,1141,Arizona Arsenal Soccer Club,Phoenix Rising FC
U14,Southwest,209375,2021-04-10 09:00,45876,33451,San Diego Surf ECNL GU14,AZ Arsenal ECNL GU14,0,1,Santos Soccer Complex - Field 4,87,592,San Diego Surf Soccer Club,Arizona Arsenal Soccer Club
U14,Southwest,209432,2021-04-10 11:30,35188,1153,Strikers FC ECNL GU14,Eagles SC ECNL GU14,0,6,Bettye Wilson Soccer Complex - Field 3,2,7,Strikers FC ECNL,No Club Selection
U14,Southwest,209462,2021-04-11 10:00,35182,35188,Heat FC ECNL GU14,Strikers FC ECNL GU14,4,5,Bettye Wilson Soccer Complex - Field 8,57,2,LV Heat Surf SC,Strikers FC ECNL
U14,Southwest,209416,2021-04-11 10:45,21540,8995,Arsenal FC ECNL GU14,LAFC Slammers ECNL GU14,1,11,Galway Downs - Field 11,13,1656,Sporting California USA,Slammers FC HB Koge
U14,Southwest,209502,2021-04-17 09:45,1153,18022,Eagles SC ECNL GU14,SLAMMERS FC ECNL GU14,3,1,Pleasant Valley Fields - Field 11,7,96,No Club Selection,Slammers FC
U14,Southwest,209501,2021-04-17 11:15,45888,8995,Real So Cal ECNL GU14,LAFC Slammers ECNL GU14,1,2,Conejo Creek South - Field 11,82,1656,LAFC So Cal,Slammers FC HB Koge
U14,Southwest,209439,2021-04-17 12:30,35182,35183,Heat FC ECNL GU14,Phoenix Rising ECNL GU14,3,3,Heritage Park Sports Complex - Field 6,57,1141,LV Heat Surf SC,Phoenix Rising FC
U14,Southwest,209466,2021-04-17 12:30,35180,34925,Del Mar Sharks ECNL GU14,LA Breakers FC ECNL GU14,1,4,Surf Sports Park - Field 4,39,7,Legends FC - Del Mar,No Club Selection
U14,Southwest,209400,2021-04-18 12:15,45888,18022,Real So Cal ECNL GU14,SLAMMERS FC ECNL GU14,1,2,Agoura High School - Field 1,82,96,LAFC So Cal,Slammers FC
U14,Southwest,209440,2021-04-18 12:30,35182,33451,Heat FC ECNL GU14,AZ Arsenal ECNL GU14,4,0,Heritage Park Sports Complex - Field 6,57,592,LV Heat Surf SC,Arizona Arsenal Soccer Club
U14,Southwest,209518,2021-04-18 12:45,45876,34925,San Diego Surf ECNL GU14,LA Breakers FC ECNL GU14,3,0,So Cal Sports Complex - Field 12,87,7,San Diego Surf Soccer Club,No Club Selection
U14,Southwest,209496,2021-04-18 21:45,1153,8995,Eagles SC ECNL GU14,LAFC Slammers ECNL GU14,3,1,Pleasant Valley Fields - Field 11,7,1656,No Club Selection,Slammers FC HB Koge
U14,Southwest,209349,2021-05-01 09:45,45888,35180,Real So Cal ECNL GU14,Del Mar Sharks ECNL GU14,7,1,Conejo Creek South - Field 10,82,39,LAFC So Cal,Legends FC - Del Mar
U14,Southwest,209477,2021-05-01 12:30,35182,9867,Heat FC ECNL GU14,Rebels SC ECNL GU14,4,2,Heritage Park Sports Complex - Field 8,57,300,LV Heat Surf SC,Rebels Soccer Club
U14,Southwest,209507,2021-05-01 13:00,8995,35188,LAFC Slammers ECNL GU14,Strikers FC ECNL GU14,4,1,Surf Sports Park - Field 10,1656,2,Slammers FC HB Koge,Strikers FC ECNL
U14,Southwest,209525,2021-05-01 13:15,34925,35189,LA Breakers FC ECNL GU14,So Cal Blues ECNL GU14,0,1,St. Bernards High School - Field 1,7,98,No Club Selection,So Cal Blues
U14,Southwest,209435,2021-05-01 14:00,35183,1153,Phoenix Rising ECNL GU14,Eagles SC ECNL GU14,0,2,Talking Stick Resort Soccer Facility - South,1141,7,Phoenix Rising FC,No Club Selection
U14,Southwest,209437,2021-05-02 10:00,33451,1153,AZ Arsenal ECNL GU14,Eagles SC ECNL GU14,1,5,Desert Sky Park - Field 2,592,7,Arizona Arsenal Soccer Club,No Club Selection
U14,Southwest,209513,2021-05-02 12:45,18022,35188,SLAMMERS FC ECNL GU14,Strikers FC ECNL GU14,2,2,Surf Sports Park - Field 11,96,2,Slammers FC,Strikers FC ECNL
U14,Southwest,209414,2021-05-08 11:45,45888,45876,Real So Cal ECNL GU14,San Diego Surf ECNL GU14,1,4,Conejo Creek South - Field 11,82,87,LAFC So Cal,San Diego Surf Soccer Club
U14,Southwest,209404,2021-05-08 12:30,35188,21540,Strikers FC ECNL GU14,Arsenal FC ECNL GU14,5,0,Orange County Great Park - Field 17,2,13,Strikers FC ECNL,Sporting California USA
U14,Southwest,209486,2021-05-08 12:45,35189,35182,So Cal Blues ECNL GU14,Heat FC ECNL GU14,7,1,OC Great Park - Field 4,98,57,So Cal Blues,LV Heat Surf SC
U14,Southwest,209492,2021-05-09 10:45,35180,35182,Del Mar Sharks ECNL GU14,Heat FC ECNL GU14,3,3,SoCal Sports Complex - Field 17,39,57,Legends FC - Del Mar,LV Heat Surf SC
U14,Southwest,209494,2021-05-12 16:30,45876,35180,San Diego Surf ECNL GU14,Del Mar Sharks ECNL GU14,6,0,Surf Sports Park - Field 5,87,39,San Diego Surf Soccer Club,Legends FC - Del Mar
U14,Southwest,209445,2021-05-15 09:00,35180,35183,Del Mar Sharks ECNL GU14,Phoenix Rising ECNL GU14,1,4,Francis Ryan Park - Field 5,39,1141,Legends FC - Del Mar,Phoenix Rising FC
U14,Southwest,209498,2021-05-15 13:00,35188,33451,Strikers FC ECNL GU14,AZ Arsenal ECNL GU14,1,0,Orange County Great Park - Field 24,2,592,Strikers FC ECNL,Arizona Arsenal Soccer Club
U14,Southwest,209457,2021-05-15 15:00,21540,1153,Arsenal FC ECNL GU14,Eagles SC ECNL GU14,0,10,Ralph M. Lewis Sports Complex - Field 2,13,7,Sporting California USA,No Club Selection
U14,Southwest,209493,2021-05-16 11:30,35188,35183,Strikers FC ECNL GU14,Phoenix Rising ECNL GU14,0,3,Orange County Great Park - Field 21,2,1141,Strikers FC ECNL,Phoenix Rising FC
U14,Southwest,209410,2021-05-16 13:00,1153,45876,Eagles SC ECNL GU14,San Diego Surf ECNL GU14,2,4,Pleasant Valley Fields - Field 16ss,7,87,No Club Selection,San Diego Surf Soccer Club
U14,Southwest,209451,2021-05-16 14:00,35180,33451,Del Mar Sharks ECNL GU14,AZ Arsenal ECNL GU14,0,1,Torrey Pines High School - Field 1,39,592,Legends FC - Del Mar,Arizona Arsenal Soccer Club
U14,Southwest,209397,2021-05-22 08:30,35182,21540,Heat FC ECNL GU14,Arsenal FC ECNL GU14,10,0,Heritage Park Sports Complex - Field 6,57,13,LV Heat Surf SC,Sporting California USA
U14,Southwest,209478,2021-05-22 11:30,34925,8995,LA Breakers FC ECNL GU14,LAFC Slammers ECNL GU14,0,3,St. Bernards High School - Field 1,7,1656,No Club Selection,Slammers FC HB Koge
U14,Southwest,209409,2021-05-22 17:15,45888,9867,Real So Cal ECNL GU14,Rebels SC ECNL GU14,1,1,Conejo Creek South - Field 10,82,300,LAFC So Cal,Rebels Soccer Club
U14,Southwest,209471,2021-05-23 08:30,35182,45876,Heat FC ECNL GU14,San Diego Surf ECNL GU14,3,9,Heritage Park Sports Complex - Field 6,57,87,LV Heat Surf SC,San Diego Surf Soccer Club
U14,Southwest,209413,2021-05-23 09:00,1153,9867,Eagles SC ECNL GU14,Rebels SC ECNL GU14,7,0,Pleasant Valley Fields - Field 11,7,300,No Club Selection,Rebels Soccer Club
U14,Southwest,209427,2021-05-23 10:45,35188,45888,Strikers FC ECNL GU14,Real So Cal ECNL GU14,2,3,El Dorado High School - EDHS Grass Field,2,82,Strikers FC ECNL,LAFC So Cal
U14,Southwest,209512,2021-06-06 08:00,35189,1153,So Cal Blues ECNL GU14,Eagles SC ECNL GU14,5,1,Silverlakes - Field 1,98,7,So Cal Blues,No Club Selection
U14,Southwest,209450,2021-06-12 08:00,34925,35182,LA Breakers FC ECNL GU14,Heat FC ECNL GU14,2,1,St. Bernards High School - Field 1,7,57,No Club Selection,LV Heat Surf SC
U14,Southwest,209506,2021-06-12 12:00,35180,1153,Del Mar Sharks ECNL GU14,Eagles SC ECNL GU14,0,13,San Dieguito Academy - Field 1,39,7,Legends FC - Del Mar,No Club Selection
U14,Southwest,209387,2021-06-12 14:30,45888,21540,Real So Cal ECNL GU14,Arsenal FC ECNL GU14,4,0,Ralph M Lewis Sport Complex - Field 6,82,13,LAFC So Cal,Sporting California USA
U14,Southwest,209362,2021-06-13 08:00,34925,9867,LA Breakers FC ECNL GU14,Rebels SC ECNL GU14,6,2,St. Bernards High School - Field 1,7,300,No Club Selection,Rebels Soccer Club
U14,Southwest,209425,2021-06-13 09:00,45888,35182,Real So Cal ECNL GU14,Heat FC ECNL GU14,3,1,Silverlakes Sports Complex - Field 20,82,57,LAFC So Cal,LV Heat Surf SC
U14,Texas,171256,2020-08-29 11:55,34860,35219,Oklahoma Celtic ECNL GU14,DKSC ECNL GU14,1,8,Oklahoma Celtic - Field 11,2134,7,Oklahoma Celtic,No Club Selection
U14,Texas,171262,2020-09-05 09:00,12441,45801,Sting Dallas Black ECNL GU14,Sting Dallas Royal ECNL GU14,2,2,Sting Complex - Field 2,36,36,Sting Soccer Club,Sting Soccer Club
U14,Texas,171260,2020-09-05 11:00,34860,45790,Oklahoma Celtic ECNL GU14,Dallas Texans ECNL GU14,0,8,Oklahoma Celtic - Field 11,2134,37,Oklahoma Celtic,Dallas Texans
U14,Texas,171263,2020-09-05 11:00,35219,46783,DKSC ECNL GU14,FC Dallas ECNL GU14,2,1,Cox Soccer Complex - Field 2,7,47,No Club Selection,FC Dallas Youth
U14,Texas,171261,2020-09-05 13:00,35234,20122,Tulsa SC ECNL GU14,Solar ECNL GU14,1,1,ISSC - Field 37,7,101,No Club Selection,Solar SC
U14,Texas,171258,2020-09-05 14:00,35214,35215,Challenge SC ECNL GU14,Classics Elite ECNL GU14,3,0,Burroughs Park - Field 2,25,1375,Challenge SC,Classics Elite Soccer Academy
U14,Texas,171268,2020-09-13 09:00,46783,12441,FC Dallas ECNL GU14,Sting Dallas Black ECNL GU14,5,0,Toyota Soccer Center - Field 6,47,36,FC Dallas Youth,Sting Soccer Club
U14,Texas,171265,2020-09-13 11:00,35213,35215,AHFC ECNL GU14,Classics Elite ECNL GU14,1,0,Campbell Road Sports Park - Field 5,10,1375,Albion Hurricanes FC,Classics Elite Soccer Academy
U14,Texas,171266,2020-09-13 11:00,45790,35234,Dallas Texans ECNL GU14,Tulsa SC ECNL GU14,1,1,Ross Stewart Soccer Complex - Field 1,37,7,Dallas Texans,No Club Selection
U14,Texas,171267,2020-09-13 11:00,20122,34860,Solar ECNL GU14,Oklahoma Celtic ECNL GU14,13,0,Fairview Soccer Park - Field 1,101,2134,Solar SC,Oklahoma Celtic
U14,Texas,171264,2020-09-13 14:00,35214,35232,Challenge SC ECNL GU14,Sting Austin ECNL GU14,1,2,Burroughs Park - Field 1,25,1690,Challenge SC,Sting Austin
U14,Texas,171271,2020-09-19 09:00,35215,35234,Classics Elite ECNL GU14,Tulsa SC ECNL GU14,1,4,CE Soccer Complex - Field 5,1375,7,Classics Elite Soccer Academy,No Club Selection
U14,Texas,171270,2020-09-19 11:00,35232,34860,Sting Austin ECNL GU14,Oklahoma Celtic ECNL GU14,1,0,1849 Park - Field 3A,1690,2134,Sting Austin,Oklahoma Celtic
U14,Texas,171272,2020-09-20 11:00,35215,34860,Classics Elite ECNL GU14,Oklahoma Celtic ECNL GU14,0,1,CE Soccer Complex - Field 5,1375,2134,Classics Elite Soccer Academy,Oklahoma Celtic
U14,Texas,171273,2020-09-20 11:00,35232,35234,Sting Austin ECNL GU14,Tulsa SC ECNL GU14,0,1,1849 Park - Field 3A,1690,7,Sting Austin,No Club Selection
U14,Texas,171277,2020-09-26 09:00,45801,12441,Sting Dallas Royal ECNL GU14,Sting Dallas Black ECNL GU14,2,2,Sting Complex - Field 2,36,36,Sting Soccer Club,Sting Soccer Club
U14,Texas,171278,2020-09-26 09:00,46783,35219,FC Dallas ECNL GU14,DKSC ECNL GU14,4,3,Toyota Soccer Center - Field 6,47,7,FC Dallas Youth,No Club Selection
U14,Texas,171274,2020-09-26 11:00,35213,35232,AHFC ECNL GU14,Sting Austin ECNL GU14,1,0,Campbell Road Sports Park - Field 5,10,1690,Albion Hurricanes FC,Sting Austin
U14,Texas,171275,2020-09-26 11:00,45790,34860,Dallas Texans ECNL GU14,Oklahoma Celtic ECNL GU14,4,1,Ross Stewart Soccer Complex - Field 1,37,2134,Dallas Texans,Oklahoma Celtic
U14,Texas,171276,2020-09-26 12:30,20122,35234,Solar ECNL GU14,Tulsa SC ECNL GU14,3,1,Fairview Soccer Park - Field 1,101,7,Solar SC,No Club Selection
U14,Texas,171279,2020-09-27 11:00,35215,35214,Classics Elite ECNL GU14,Challenge SC ECNL GU14,0,2,CE Soccer Complex - Field 5,1375,25,Classics Elite Soccer Academy,Challenge SC
U14,Texas,171281,2020-10-03 14:00,35232,35214,Sting Austin ECNL GU14,Challenge SC ECNL GU14,1,4,1849 Park - Field 3A,1690,25,Sting Austin,Challenge SC
U14,Texas,171280,2020-10-04 11:00,35215,35213,Classics Elite ECNL GU14,AHFC ECNL GU14,1,3,CE Soccer Complex - Field 5 d don't use,1375,10,Classics Elite Soccer Academy,Albion Hurricanes FC
U14,Texas,171282,2020-10-04 11:00,34860,20122,Oklahoma Celtic ECNL GU14,Solar ECNL GU14,0,5,Oklahoma Celtic - Field 11,2134,101,Oklahoma Celtic,Solar SC
U14,Texas,171283,2020-10-04 12:00,35234,45790,Tulsa SC ECNL GU14,Dallas Texans ECNL GU14,1,2,Titan Main - Field 2,7,37,No Club Selection,Dallas Texans
U14,Texas,171284,2020-10-04 13:00,12441,46783,Sting Dallas Black ECNL GU14,FC Dallas ECNL GU14,2,1,Sting Complex - Field 2,36,47,Sting Soccer Club,FC Dallas Youth
U14,Texas,171288,2020-10-17 09:00,46783,20122,FC Dallas ECNL GU14,Solar ECNL GU14,0,6,Toyota Soccer Center - Field 5,47,101,FC Dallas Youth,Solar SC
U14,Texas,171287,2020-10-17 13:00,35214,34860,Challenge SC ECNL GU14,Oklahoma Celtic ECNL GU14,1,0,Burroughs Park - Field 2,25,2134,Challenge SC,Oklahoma Celtic
U14,Texas,171289,2020-10-17 13:00,45801,45790,Sting Dallas Royal ECNL GU14,Dallas Texans ECNL GU14,1,0,Sting Complex - Field 1,36,37,Sting Soccer Club,Dallas Texans
U14,Texas,171292,2020-10-18 09:00,46783,45790,FC Dallas ECNL GU14,Dallas Texans ECNL GU14,3,2,Toyota Soccer Center - Field 7,47,37,FC Dallas Youth,Dallas Texans
U14,Texas,171293,2020-10-18 11:00,45801,20122,Sting Dallas Royal ECNL GU14,Solar ECNL GU14,2,3,Sting Complex - Field 1,36,101,Sting Soccer Club,Solar SC
U14,Texas,171290,2020-10-18 12:00,35213,34860,AHFC ECNL GU14,Oklahoma Celtic ECNL GU14,1,0,Campbell Road Sports Park - Field 5,10,2134,Albion Hurricanes FC,Oklahoma Celtic
U14,Texas,171294,2020-10-24 13:00,35215,12441,Classics Elite ECNL GU14,Sting Dallas Black ECNL GU14,0,2,CE Soccer Complex - Field 5 d don't use,1375,36,Classics Elite Soccer Academy,Sting Soccer Club
U14,Texas,171295,2020-10-24 13:00,35232,35219,Sting Austin ECNL GU14,DKSC ECNL GU14,0,1,1849 Park - Field 3A,1690,7,Sting Austin,No Club Selection
U14,Texas,171297,2020-10-25 11:00,35232,12441,Sting Austin ECNL GU14,Sting Dallas Black ECNL GU14,2,1,1849 Park - Field 3A,1690,36,Sting Austin,Sting Soccer Club
U14,Texas,171296,2020-10-25 13:00,35215,35219,Classics Elite ECNL GU14,DKSC ECNL GU14,0,6,CE Soccer Complex - Field 5 d don't use,1375,7,Classics Elite Soccer Academy,No Club Selection
U14,Texas,171299,2020-10-31 09:00,45801,35214,Sting Dallas Royal ECNL GU14,Challenge SC ECNL GU14,1,2,Carpenter Pak - Field A,36,25,Sting Soccer Club,Challenge SC
U14,Texas,171298,2020-10-31 11:00,46783,35213,FC Dallas ECNL GU14,AHFC ECNL GU14,2,1,Toyota Soccer Center - Field 5,47,10,FC Dallas Youth,Albion Hurricanes FC
U14,Texas,171305,2020-11-01 11:00,45801,35213,Sting Dallas Royal ECNL GU14,AHFC ECNL GU14,0,0,Carpenter Pak - Field C,36,10,Sting Soccer Club,Albion Hurricanes FC
U14,Texas,171304,2020-11-01 13:15,46783,35214,FC Dallas ECNL GU14,Challenge SC ECNL GU14,1,1,Toyota Soccer Center - Field 6,47,25,FC Dallas Youth,Challenge SC
U14,Texas,171311,2020-11-07 09:00,12441,34860,Sting Dallas Black ECNL GU14,Oklahoma Celtic ECNL GU14,4,0,Toyota of Lewisville Railroad Park - Field 1,36,2134,Sting Soccer Club,Oklahoma Celtic
U14,Texas,171312,2020-11-08 09:00,35219,34860,DKSC ECNL GU14,Oklahoma Celtic ECNL GU14,4,1,Cox Soccer Complex - Field 1,7,2134,No Club Selection,Oklahoma Celtic
U14,Texas,215325,2020-11-08 11:00,35215,35232,Classics Elite ECNL GU14,Sting Austin ECNL GU14,0,1,CE Soccer Complex - Field 6,1375,1690,Classics Elite Soccer Academy,Sting Austin
U14,Texas,171316,2020-11-20 19:00,35234,34860,Tulsa SC ECNL GU14,Oklahoma Celtic ECNL GU14,3,0,Mohawk - Field 8,7,2134,No Club Selection,Oklahoma Celtic
U14,Texas,171314,2020-11-21 09:00,45790,35214,Dallas Texans ECNL GU14,Challenge SC ECNL GU14,1,1,Ross Stewart Soccer Complex - Field 4,37,25,Dallas Texans,Challenge SC
U14,Texas,171315,2020-11-21 11:00,20122,35213,Solar ECNL GU14,AHFC ECNL GU14,4,0,Fairview Soccer Park - Field 1,101,10,Solar SC,Albion Hurricanes FC
U14,Texas,171317,2020-11-22 09:00,45790,35213,Dallas Texans ECNL GU14,AHFC ECNL GU14,4,3,Ross Stewart Soccer Complex - Field 2,37,10,Dallas Texans,Albion Hurricanes FC
U14,Texas,171318,2020-11-22 11:00,20122,35214,Solar ECNL GU14,Challenge SC ECNL GU14,3,0,Fairview Soccer Park - Field 1,101,25,Solar SC,Challenge SC
U14,Texas,171321,2020-12-12 09:00,34860,46783,Oklahoma Celtic ECNL GU14,FC Dallas ECNL GU14,0,9,Oklahoma Celtic - Field 11,2134,47,Oklahoma Celtic,FC Dallas Youth
U14,Texas,171322,2020-12-12 09:00,35234,45801,Tulsa SC ECNL GU14,Sting Dallas Royal ECNL GU14,1,1,ISSC - Field 37,7,36,No Club Selection,Sting Soccer Club
U14,Texas,171324,2020-12-12 09:00,35215,20122,Classics Elite ECNL GU14,Solar ECNL GU14,0,6,CE Soccer Complex - Field 5 d don't use,1375,101,Classics Elite Soccer Academy,Solar SC
U14,Texas,171323,2020-12-12 11:00,35232,45790,Sting Austin ECNL GU14,Dallas Texans ECNL GU14,0,5,Lake Travis High School Track - Field 1,1690,37,Sting Austin,Dallas Texans
U14,Texas,171329,2020-12-13 11:00,35232,20122,Sting Austin ECNL GU14,Solar ECNL GU14,1,7,George Wagner Middle School Stadium - Stadium Field,1690,101,Sting Austin,Solar SC
U14,Texas,171330,2020-12-13 13:00,35215,45790,Classics Elite ECNL GU14,Dallas Texans ECNL GU14,0,2,CE Soccer Complex - Field 5,1375,37,Classics Elite Soccer Academy,Dallas Texans
U14,Texas,171286,2021-01-23 09:45,35213,35234,AHFC ECNL GU14,Tulsa SC ECNL GU14,1,3,Campbell Road Sports Park - Field 1,10,7,Albion Hurricanes FC,No Club Selection
U14,Texas,171291,2021-01-24 11:30,35214,35234,Challenge SC ECNL GU14,Tulsa SC ECNL GU14,0,0,Campbell Rd Sports Park,25,7,Challenge SC,No Club Selection
U14,Texas,171259,2021-02-06 12:00,35232,35213,Sting Austin ECNL GU14,AHFC ECNL GU14,0,3,Parkway Church - Field 1,1690,10,Sting Austin,Albion Hurricanes FC
U14,Texas,171269,2021-02-07 13:00,45801,35219,Sting Dallas Royal ECNL GU14,DKSC ECNL GU14,0,0,Sting Complex - Field 2,36,7,Sting Soccer Club,No Club Selection
U14,Texas,171335,2021-02-27 11:00,45801,46783,Sting Dallas Royal ECNL GU14,FC Dallas ECNL GU14,1,1,Carpenter Pak - Field C,36,47,Sting Soccer Club,FC Dallas Youth
U14,Texas,171332,2021-02-27 14:15,35214,35213,Challenge SC ECNL GU14,AHFC ECNL GU14,1,1,Burroughs Park - Field 1,25,10,Challenge SC,Albion Hurricanes FC
U14,Texas,171333,2021-02-28 12:00,35232,35215,Sting Austin ECNL GU14,Classics Elite ECNL GU14,3,2,Legacy USA Sports Complex - Field 9,1690,1375,Sting Austin,Classics Elite Soccer Academy
U14,Texas,171337,2021-03-06 11:00,12441,35214,Sting Dallas Black ECNL GU14,Challenge SC ECNL GU14,1,3,Sting Complex - Field 2,36,25,Sting Soccer Club,Challenge SC
U14,Texas,171338,2021-03-06 11:00,35219,35213,DKSC ECNL GU14,AHFC ECNL GU14,6,0,Cox Soccer Complex - Field 1,7,10,No Club Selection,Albion Hurricanes FC
U14,Texas,171339,2021-03-06 11:00,45801,34860,Sting Dallas Royal ECNL GU14,Oklahoma Celtic ECNL GU14,7,0,Sting Complex - Field 1,36,2134,Sting Soccer Club,Oklahoma Celtic
U14,Texas,171341,2021-03-06 11:00,45790,35215,Dallas Texans ECNL GU14,Classics Elite ECNL GU14,2,0,Arlington Heights High School - Field 1,37,1375,Dallas Texans,Classics Elite Soccer Academy
U14,Texas,171342,2021-03-06 15:00,20122,35232,Solar ECNL GU14,Sting Austin ECNL GU14,5,1,Fairview Soccer Park - Field 1,101,1690,Solar SC,Sting Austin
U14,Texas,171340,2021-03-06 16:30,46783,35234,FC Dallas ECNL GU14,Tulsa SC ECNL GU14,4,1,MoneyGram Soccer Park - Field 8,47,7,FC Dallas Youth,No Club Selection
U14,Texas,171346,2021-03-07 08:00,46783,34860,FC Dallas ECNL GU14,Oklahoma Celtic ECNL GU14,5,0,MoneyGram Soccer Park - Field 8,47,2134,FC Dallas Youth,Oklahoma Celtic
U14,Texas,171343,2021-03-07 11:00,12441,35213,Sting Dallas Black ECNL GU14,AHFC ECNL GU14,5,1,Sting Complex - Field 2,36,10,Sting Soccer Club,Albion Hurricanes FC
U14,Texas,171345,2021-03-07 11:00,45801,35234,Sting Dallas Royal ECNL GU14,Tulsa SC ECNL GU14,3,1,Sting Complex - Field 1,36,7,Sting Soccer Club,No Club Selection
U14,Texas,171348,2021-03-07 11:00,20122,35215,Solar ECNL GU14,Classics Elite ECNL GU14,6,0,Fairview Soccer Park - Field 1,101,1375,Solar SC,Classics Elite Soccer Academy
U14,Texas,171344,2021-03-07 15:00,35219,35214,DKSC ECNL GU14,Challenge SC ECNL GU14,3,0,Gateway - Field 3,7,25,No Club Selection,Challenge SC
U14,Texas,171347,2021-03-07 15:00,45790,35232,Dallas Texans ECNL GU14,Sting Austin ECNL GU14,2,0,Arlington Heights High School - Field 1,37,1690,Dallas Texans,Sting Austin
U14,Texas,171285,2021-03-13 11:00,35219,45801,DKSC ECNL GU14,Sting Dallas Royal ECNL GU14,1,3,Cox Soccer Complex - Field 1,7,36,No Club Selection,Sting Soccer Club
U14,Texas,171328,2021-03-21 13:00,35234,46783,Tulsa SC ECNL GU14,FC Dallas ECNL GU14,0,0,Titan Main - Field 2,7,47,No Club Selection,FC Dallas Youth
U14,Texas,171350,2021-03-27,12441,35219,Sting Dallas Black ECNL GU14,DKSC ECNL GU14,1,2,Sting Complex - Field 2,36,7,Sting Soccer Club,No Club Selection
U14,Texas,171351,2021-03-27 09:00,46783,45801,FC Dallas ECNL GU14,Sting Dallas Royal ECNL GU14,1,1,Toyota Soccer Center - Field 6,47,36,FC Dallas Youth,Sting Soccer Club
U14,Texas,171352,2021-03-28 13:00,45790,20122,Dallas Texans ECNL GU14,Solar ECNL GU14,0,4,Arlington Heights High School - Field 1,37,101,Dallas Texans,Solar SC
U14,Texas,171331,2021-03-28 16:00,34860,35234,Oklahoma Celtic ECNL GU14,Tulsa SC ECNL GU14,0,7,Oklahoma Celtic - Field 8,2134,7,Oklahoma Celtic,No Club Selection
U14,Texas,171310,2021-04-10 11:00,35219,35234,DKSC ECNL GU14,Tulsa SC ECNL GU14,1,2,Cox Soccer Complex - Field 1,7,7,No Club Selection,No Club Selection
U14,Texas,171313,2021-04-11 10:00,12441,35234,Sting Dallas Black ECNL GU14,Tulsa SC ECNL GU14,0,0,Sting Complex - Field 2,36,7,Sting Soccer Club,No Club Selection
U14,Texas,171353,2021-04-17 09:00,35232,46783,Sting Austin ECNL GU14,FC Dallas ECNL GU14,0,5,Benold Middle School - Track Field,1690,47,Sting Austin,FC Dallas Youth
U14,Texas,171354,2021-04-17 09:00,35215,45801,Classics Elite ECNL GU14,Sting Dallas Royal ECNL GU14,0,6,CE Soccer Complex - Field 6,1375,36,Classics Elite Soccer Academy,Sting Soccer Club
U14,Texas,171257,2021-04-17 09:45,35234,12441,Tulsa SC ECNL GU14,Sting Dallas Black ECNL GU14,2,3,ISSC - Field 38,7,36,No Club Selection,Sting Soccer Club
U14,Texas,171358,2021-04-18 09:00,35215,46783,Classics Elite ECNL GU14,FC Dallas ECNL GU14,1,6,CE Soccer Complex - Field 5 d don't use,1375,47,Classics Elite Soccer Academy,FC Dallas Youth
U14,Texas,171308,2021-04-18 10:00,45790,35219,Dallas Texans ECNL GU14,DKSC ECNL GU14,2,2,Ross Stewart Soccer Complex - Field 1,37,7,Dallas Texans,No Club Selection
U14,Texas,171357,2021-04-18 11:00,35232,45801,Sting Austin ECNL GU14,Sting Dallas Royal ECNL GU14,0,3,East View High School - Stadium Field,1690,36,Sting Austin,Sting Soccer Club
U14,Texas,171363,2021-04-24 08:00,20122,45801,Solar ECNL GU14,Sting Dallas Royal ECNL GU14,3,1,Gateway Park - Field 4,101,36,Solar SC,Sting Soccer Club
U14,Texas,171362,2021-04-24 09:00,35219,35215,DKSC ECNL GU14,Classics Elite ECNL GU14,6,1,Cox Soccer Complex - Field 2,7,1375,No Club Selection,Classics Elite Soccer Academy
U14,Texas,171364,2021-04-24 10:00,45790,46783,Dallas Texans ECNL GU14,FC Dallas ECNL GU14,0,2,Rolling Hills Soccer Complex - Field 19,37,47,Dallas Texans,FC Dallas Youth
U14,Texas,171361,2021-04-24 11:00,12441,35232,Sting Dallas Black ECNL GU14,Sting Austin ECNL GU14,0,1,Carpenter Park - Field B,36,1690,Sting Soccer Club,Sting Austin
U14,Texas,171359,2021-04-24 13:00,35234,35214,Tulsa SC ECNL GU14,Challenge SC ECNL GU14,1,0,Titan Main - Field 1,7,25,No Club Selection,Challenge SC
U14,Texas,171360,2021-04-24 13:00,34860,35213,Oklahoma Celtic ECNL GU14,AHFC ECNL GU14,,,Oklahoma Celtic - Field 11,2134,10,Oklahoma Celtic,Albion Hurricanes FC
U14,Texas,171366,2021-04-25 12:30,34860,35214,Oklahoma Celtic ECNL GU14,Challenge SC ECNL GU14,0,3,Oklahoma Celtic - Field 11,2134,25,Oklahoma Celtic,Challenge SC
U14,Texas,171367,2021-04-25 13:00,12441,35215,Sting Dallas Black ECNL GU14,Classics Elite ECNL GU14,3,1,Sting Complex - Field 2,36,1375,Sting Soccer Club,Classics Elite Soccer Academy
U14,Texas,171368,2021-04-25 13:00,35219,35232,DKSC ECNL GU14,Sting Austin ECNL GU14,1,3,Cox Soccer Complex - Field 2,7,1690,No Club Selection,Sting Austin
U14,Texas,171365,2021-04-25 14:00,35234,35213,Tulsa SC ECNL GU14,AHFC ECNL GU14,2,0,Titan Main - Field 1,7,10,No Club Selection,Albion Hurricanes FC
U14,Texas,171372,2021-05-01 11:00,35214,46783,Challenge SC ECNL GU14,FC Dallas ECNL GU14,0,1,Burroughs Park - Field 4,25,47,Challenge SC,FC Dallas Youth
U14,Texas,171373,2021-05-01 11:00,12441,20122,Sting Dallas Black ECNL GU14,Solar ECNL GU14,1,6,Lowery Freshman Center Stadium - Field 1,36,101,Sting Soccer Club,Solar SC
U14,Texas,171374,2021-05-01 11:00,35219,45790,DKSC ECNL GU14,Dallas Texans ECNL GU14,1,0,Cox Soccer Complex - Field 1,7,37,No Club Selection,Dallas Texans
U14,Texas,171378,2021-05-02 09:00,35219,20122,DKSC ECNL GU14,Solar ECNL GU14,0,5,Cox Soccer Complex - Field 1,7,101,No Club Selection,Solar SC
U14,Texas,171376,2021-05-02 09:45,35214,45801,Challenge SC ECNL GU14,Sting Dallas Royal ECNL GU14,1,0,Burroughs Park - Field 4,25,36,Challenge SC,Sting Soccer Club
U14,Texas,171377,2021-05-02 11:00,12441,45790,Sting Dallas Black ECNL GU14,Dallas Texans ECNL GU14,2,1,Lowery Freshman Center Stadium - Field 1,36,37,Sting Soccer Club,Dallas Texans
U14,Texas,171327,2021-05-08 09:00,34860,45801,Oklahoma Celtic ECNL GU14,Sting Dallas Royal ECNL GU14,1,5,Oklahoma Celtic - Field 8,2134,36,Oklahoma Celtic,Sting Soccer Club
U14,Texas,171302,2021-05-08 10:00,45790,12441,Dallas Texans ECNL GU14,Sting Dallas Black ECNL GU14,0,3,Ross Stewart Soccer Complex - Field 1,37,36,Dallas Texans,Sting Soccer Club
U14,Texas,171309,2021-05-11 18:30,20122,12441,Solar ECNL GU14,Sting Dallas Black ECNL GU14,5,1,Frisco Independence High School - Field 1,101,36,Solar SC,Sting Soccer Club
U14,Texas,171370,2021-05-13 18:30,45790,45801,Dallas Texans ECNL GU14,Sting Dallas Royal ECNL GU14,0,1,Arlington Heights High School - Field 1,37,36,Dallas Texans,Sting Soccer Club
U14,Texas,171380,2021-05-15 11:00,35213,45790,AHFC ECNL GU14,Dallas Texans ECNL GU14,1,0,Campbell Road Sports Park - Field 5,10,37,Albion Hurricanes FC,Dallas Texans
U14,Texas,171381,2021-05-15 12:30,35214,20122,Challenge SC ECNL GU14,Solar ECNL GU14,0,3,Burroughs Park - Field 2,25,101,Challenge SC,Solar SC
U14,Texas,171382,2021-05-15 15:00,46783,35215,FC Dallas ECNL GU14,Classics Elite ECNL GU14,6,0,Toyota Soccer Center - Field 6,47,1375,FC Dallas Youth,Classics Elite Soccer Academy
U14,Texas,171383,2021-05-15 15:00,45801,35232,Sting Dallas Royal ECNL GU14,Sting Austin ECNL GU14,4,0,Sting Complex - Field 1,36,1690,Sting Soccer Club,Sting Austin
U14,Texas,171386,2021-05-16 08:00,46783,35232,FC Dallas ECNL GU14,Sting Austin ECNL GU14,3,1,Frisco High School - Field 1,47,1690,FC Dallas Youth,Sting Austin
U14,Texas,171356,2021-05-16 10:00,35234,35219,Tulsa SC ECNL GU14,DKSC ECNL GU14,0,2,ISSC - Field 37,7,7,No Club Selection,No Club Selection
U14,Texas,171384,2021-05-16 11:00,35213,20122,AHFC ECNL GU14,Solar ECNL GU14,0,5,Campbell Road Sports Park - Field 5,10,101,Albion Hurricanes FC,Solar SC
U14,Texas,171387,2021-05-16 11:00,45801,35215,Sting Dallas Royal ECNL GU14,Classics Elite ECNL GU14,4,0,Curtis Middle School - Field 1,36,1375,Sting Soccer Club,Classics Elite Soccer Academy
U14,Texas,171355,2021-05-16 12:00,34860,12441,Oklahoma Celtic ECNL GU14,Sting Dallas Black ECNL GU14,,,Oklahoma Celtic - Field 11,2134,36,Oklahoma Celtic,Sting Soccer Club
U14,Texas,171385,2021-05-16 15:00,35214,45790,Challenge SC ECNL GU14,Dallas Texans ECNL GU14,0,0,Burroughs Park - Field 2,25,37,Challenge SC,Dallas Texans
U14,Texas,171300,2021-05-22 11:00,34860,35215,Oklahoma Celtic ECNL GU14,Classics Elite ECNL GU14,0,3,Oklahoma Celtic - Field 11,2134,1375,Oklahoma Celtic,Classics Elite Soccer Academy
U14,Texas,171301,2021-05-22 11:00,35234,35232,Tulsa SC ECNL GU14,Sting Austin ECNL GU14,1,0,ISSC - Field 37,7,1690,No Club Selection,Sting Austin
U14,Texas,171319,2021-05-22 12:45,35214,35219,Challenge SC ECNL GU14,DKSC ECNL GU14,0,1,Matias Almeyda - Field 1,25,7,Challenge SC,No Club Selection
U14,Texas,171320,2021-05-22 13:00,35213,12441,AHFC ECNL GU14,Sting Dallas Black ECNL GU14,0,1,Campbell Road Sports Park - Field 5,10,36,Albion Hurricanes FC,Sting Soccer Club
U14,Texas,171307,2021-05-23 10:00,35234,35215,Tulsa SC ECNL GU14,Classics Elite ECNL GU14,5,0,ISSC - Field 37,7,1375,No Club Selection,Classics Elite Soccer Academy
U14,Texas,171336,2021-05-23 10:30,20122,45790,Solar ECNL GU14,Dallas Texans ECNL GU14,9,0,Memorial High School - Field 1,101,37,Solar SC,Dallas Texans
U14,Texas,171306,2021-05-23 11:00,34860,35232,Oklahoma Celtic ECNL GU14,Sting Austin ECNL GU14,0,2,Oklahoma Celtic - Field 11,2134,1690,Oklahoma Celtic,Sting Austin
U14,Texas,171325,2021-05-23 11:15,35214,12441,Challenge SC ECNL GU14,Sting Dallas Black ECNL GU14,2,0,Matias Almeyda - Field 1,25,36,Challenge SC,Sting Soccer Club
U14,Texas,171326,2021-05-23 11:30,35213,35219,AHFC ECNL GU14,DKSC ECNL GU14,3,2,Campbell Road Sports Park - Field 5,10,7,Albion Hurricanes FC,No Club Selection
U14,Texas,171369,2021-05-25 18:15,20122,46783,Solar ECNL GU14,FC Dallas ECNL GU14,5,2,Memorial High School - Field 1,101,47,Solar SC,FC Dallas Youth
U14,Texas,171334,2021-05-25 19:30,35219,12441,DKSC ECNL GU14,Sting Dallas Black ECNL GU14,,,Cox Soccer Complex - Field 1,7,36,No Club Selection,Sting Soccer Club
U14,Texas,171303,2021-06-02 18:30,20122,35219,Solar ECNL GU14,DKSC ECNL GU14,1,0,Lebanon Trail High School - Field 1,101,7,Solar SC,No Club Selection
U14,Texas,171349,2021-06-02 19:45,35213,35214,AHFC ECNL GU14,Challenge SC ECNL GU14,0,0,Campbell Road Sports Park - Field 1,10,25,Albion Hurricanes FC,Challenge SC
U14,Texas,171371,2021-06-04 18:00,35213,45801,AHFC ECNL GU14,Sting Dallas Royal ECNL GU14,0,8,Meyer Park - Field 27,10,36,Albion Hurricanes FC,Sting Soccer Club
U14,Texas,171375,2021-06-05 11:30,35213,46783,AHFC ECNL GU14,FC Dallas ECNL GU14,1,5,Meyer Park - Field 28,10,47,Albion Hurricanes FC,FC Dallas Youth
U15,Mid-Atlantic,194104,2020-09-12 10:00,20315,20316,NCFC Youth ECNL GU15,NC Fusion ECNL GU15,1,2,WRAL Soccer Center - Soccer.com #12,22,71,NCFC Youth,NC Fusion
U15,Mid-Atlantic,194106,2020-09-12 11:00,20311,44723,CESA ECNL GU15,Charlotte SA ECNL GU15,3,2,Mesa Soccer Complex - Field 1,380,26,Carolina Elite Soccer Academy,Charlotte Soccer Academy
U15,Mid-Atlantic,194103,2020-09-12 12:00,44730,19665,NC Courage ECNL GU15,Wilmington Hammerheads ECNL GU15,1,0,WRAL Soccer Complex - WRAL 05 First Watch,3404,7,NC Courage Academy,No Club Selection
U15,Mid-Atlantic,194105,2020-09-12 12:00,20312,20318,Charlotte Independence ECNL GU15,South Carolina United ECNL GU15,0,3,Bailey Road Park - Field 2 (lower),1010,1689,Charlotte Independence SC,South Carolina United FC
U15,Mid-Atlantic,194102,2020-09-12 13:00,20317,19775,Richmond United ECNL GU15,Loudoun Soccer ECNL GU15,4,0,West Creek - Field 7,417,4369,Richmond United,Northern Virginia Alliance
U15,Mid-Atlantic,194108,2020-09-13 12:00,20316,44730,NC Fusion ECNL GU15,NC Courage ECNL GU15,3,3,Truist Sports Park - Field 2,71,3404,NC Fusion,NC Courage Academy
U15,Mid-Atlantic,194110,2020-09-13 13:00,20312,20311,Charlotte Independence ECNL GU15,CESA ECNL GU15,0,3,Bailey Road Park - Field 2 (lower),1010,380,Charlotte Independence SC,Carolina Elite Soccer Academy
U15,Mid-Atlantic,194107,2020-09-13 14:00,13009,20314,BRYC Elite Academy ECNL GU15,McLean YSA ECNL GU15,2,3,Robinson High School - Stadium Turf,4603,4603,Fairfax Virginia Union,Fairfax Virginia Union
U15,Mid-Atlantic,194109,2020-09-13 15:00,19665,20315,Wilmington Hammerheads ECNL GU15,NCFC Youth ECNL GU15,3,1,Cape Fear Regional Soccer Park - Field 2,7,22,No Club Selection,NCFC Youth
U15,Mid-Atlantic,194111,2020-09-19 09:00,19656,19775,VDA ECNL GU15,Loudoun Soccer ECNL GU15,4,1,Ali Krieger Sports Complex (AKSC) - Field 7,1785,4369,Virginia Development Academy,Northern Virginia Alliance
U15,Mid-Atlantic,194112,2020-09-19 11:00,20317,13009,Richmond United ECNL GU15,BRYC Elite Academy ECNL GU15,3,1,West Creek - Field 7,417,4603,Richmond United,Fairfax Virginia Union
U15,Mid-Atlantic,194114,2020-09-19 12:00,20315,20311,NCFC Youth ECNL GU15,CESA ECNL GU15,1,4,WRAL Soccer Center - Ricky Horwitz #3,22,380,NCFC Youth,Carolina Elite Soccer Academy
U15,Mid-Atlantic,194115,2020-09-19 12:00,20316,19665,NC Fusion ECNL GU15,Wilmington Hammerheads ECNL GU15,4,2,Truist Soccer Complex at Bryan Park - BP 07,71,7,NC Fusion,No Club Selection
U15,Mid-Atlantic,194113,2020-09-19 14:00,44730,20318,NC Courage ECNL GU15,South Carolina United ECNL GU15,2,2,WRAL Soccer Complex - WRAL 04 Accentuate Staffing,3404,1689,NC Courage Academy,South Carolina United FC
U15,Mid-Atlantic,194116,2020-09-19 14:00,44723,20312,Charlotte SA ECNL GU15,Charlotte Independence ECNL GU15,1,1,OrthoCarolina Sportsplex - Field 5,26,1010,Charlotte Soccer Academy,Charlotte Independence SC
U15,Mid-Atlantic,194117,2020-09-20 11:00,44730,20311,NC Courage ECNL GU15,CESA ECNL GU15,0,2,WRAL Soccer Complex - WRAL 05 First Watch,3404,380,NC Courage Academy,Carolina Elite Soccer Academy
U15,Mid-Atlantic,194118,2020-09-20 13:00,20315,20318,NCFC Youth ECNL GU15,South Carolina United ECNL GU15,3,1,Wake Competition Center - Field 1,22,1689,NCFC Youth,South Carolina United FC
U15,Mid-Atlantic,194119,2020-09-20 13:00,44723,20316,Charlotte SA ECNL GU15,NC Fusion ECNL GU15,2,0,OrthoCarolina Sportsplex - Field 4,26,71,Charlotte Soccer Academy,NC Fusion
U15,Mid-Atlantic,194121,2020-09-26 13:00,19656,13009,VDA ECNL GU15,BRYC Elite Academy ECNL GU15,2,1,Ali Krieger Sports Complex (AKSC) - Field 7,1785,4603,Virginia Development Academy,Fairfax Virginia Union
U15,Mid-Atlantic,194124,2020-09-26 13:00,20316,20318,NC Fusion ECNL GU15,South Carolina United ECNL GU15,3,1,Truist Soccer Complex at Bryan Park - BP 07,71,1689,NC Fusion,South Carolina United FC
U15,Mid-Atlantic,194122,2020-09-26 14:00,44730,44723,NC Courage ECNL GU15,Charlotte SA ECNL GU15,3,2,WRAL Soccer Complex - WRAL 05 First Watch,3404,26,NC Courage Academy,Charlotte Soccer Academy
U15,Mid-Atlantic,194123,2020-09-26 14:00,20315,20312,NCFC Youth ECNL GU15,Charlotte Independence ECNL GU15,1,0,WRAL Soccer Center - Office Mart #13,22,1010,NCFC Youth,Charlotte Independence SC
U15,Mid-Atlantic,194120,2020-09-26 15:00,20314,20317,McLean YSA ECNL GU15,Richmond United ECNL GU15,1,1,Lewinsville Park - Field 3,4603,417,Fairfax Virginia Union,Richmond United
U15,Mid-Atlantic,194125,2020-09-27 15:00,20318,44723,South Carolina United ECNL GU15,Charlotte SA ECNL GU15,0,4,Southeastern Freight Lines Complex - Field 1,1689,26,South Carolina United FC,Charlotte Soccer Academy
U15,Mid-Atlantic,194127,2020-10-03 11:00,19665,20311,Wilmington Hammerheads ECNL GU15,CESA ECNL GU15,1,3,Cape Fear Regional Soccer Park - Field 2,7,380,No Club Selection,Carolina Elite Soccer Academy
U15,Mid-Atlantic,194126,2020-10-03 13:00,20317,19656,Richmond United ECNL GU15,VDA ECNL GU15,1,1,West Creek - Field 7,417,1785,Richmond United,Virginia Development Academy
U15,Mid-Atlantic,194128,2020-10-03 14:00,44723,20318,Charlotte SA ECNL GU15,South Carolina United ECNL GU15,4,0,OrthoCarolina Sportsplex - Field 6,26,1689,Charlotte Soccer Academy,South Carolina United FC
U15,Mid-Atlantic,194129,2020-10-04 12:00,19775,20314,Loudoun Soccer ECNL GU15,McLean YSA ECNL GU15,2,2,Loudoun Soccer Park - Field 1,4369,4603,Northern Virginia Alliance,Fairfax Virginia Union
U15,Mid-Atlantic,194130,2020-10-04 13:00,44730,20312,NC Courage ECNL GU15,Charlotte Independence ECNL GU15,0,1,WRAL Soccer Complex - WRAL 04 Accentuate Staffing,3404,1010,NC Courage Academy,Charlotte Independence SC
U15,Mid-Atlantic,194131,2020-10-04 13:00,20316,20315,NC Fusion ECNL GU15,NCFC Youth ECNL GU15,4,3,Truist Soccer Complex at Bryan Park - BP 02 Triton Management,71,22,NC Fusion,NCFC Youth
U15,Mid-Atlantic,194132,2020-10-10 10:00,13009,20317,BRYC Elite Academy ECNL GU15,Richmond United ECNL GU15,1,1,Robinson High School - Upper Turf,4603,417,Fairfax Virginia Union,Richmond United
U15,Mid-Atlantic,194133,2020-10-10 10:00,19775,19656,Loudoun Soccer ECNL GU15,VDA ECNL GU15,2,3,Riverside High School - Stadium,4369,1785,Northern Virginia Alliance,Virginia Development Academy
U15,Mid-Atlantic,194134,2020-10-10 12:00,20312,19665,Charlotte Independence ECNL GU15,Wilmington Hammerheads ECNL GU15,3,1,Bradford Park - Field 2,1010,7,Charlotte Independence SC,No Club Selection
U15,Mid-Atlantic,194135,2020-10-11 13:00,44730,20316,NC Courage ECNL GU15,NC Fusion ECNL GU15,0,1,WRAL Soccer Complex - WRAL 05 First Watch,3404,71,NC Courage Academy,NC Fusion
U15,Mid-Atlantic,194139,2020-10-17 09:00,20312,20316,Charlotte Independence ECNL GU15,NC Fusion ECNL GU15,1,1,Bradford Park - Field 3,1010,71,Charlotte Independence SC,NC Fusion
U15,Mid-Atlantic,194136,2020-10-17 10:00,13009,19775,BRYC Elite Academy ECNL GU15,Loudoun Soccer ECNL GU15,0,3,Robinson High School - Stadium Turf,4603,4369,Fairfax Virginia Union,Northern Virginia Alliance
U15,Mid-Atlantic,194138,2020-10-17 12:00,20315,19665,NCFC Youth ECNL GU15,Wilmington Hammerheads ECNL GU15,3,1,WRAL Soccer Center - First Watch #5,22,7,NCFC Youth,No Club Selection
U15,Mid-Atlantic,194137,2020-10-17 13:00,19656,20314,VDA ECNL GU15,McLean YSA ECNL GU15,2,1,Ali Krieger Sports Complex (AKSC) - Field 7,1785,4603,Virginia Development Academy,Fairfax Virginia Union
U15,Mid-Atlantic,194140,2020-10-17 14:00,44723,20311,Charlotte SA ECNL GU15,CESA ECNL GU15,1,1,OrthoCarolina Sportsplex - Field 6,26,380,Charlotte Soccer Academy,Carolina Elite Soccer Academy
U15,Mid-Atlantic,194142,2020-10-18 11:00,19665,20316,Wilmington Hammerheads ECNL GU15,NC Fusion ECNL GU15,1,4,Cape Fear Regional Soccer Park - Field 2,7,71,No Club Selection,NC Fusion
U15,Mid-Atlantic,194141,2020-10-18 13:00,20315,44723,NCFC Youth ECNL GU15,Charlotte SA ECNL GU15,0,2,WRAL Soccer Center - First Watch #5,22,26,NCFC Youth,Charlotte Soccer Academy
U15,Mid-Atlantic,194143,2020-10-18 13:00,20311,20312,CESA ECNL GU15,Charlotte Independence ECNL GU15,3,0,Mesa Soccer Complex - Field 1,380,1010,Carolina Elite Soccer Academy,Charlotte Independence SC
U15,Mid-Atlantic,194145,2020-10-24 10:00,19775,20317,Loudoun Soccer ECNL GU15,Richmond United ECNL GU15,1,4,Loudoun Soccer Park - Field 1,4369,417,Northern Virginia Alliance,Richmond United
U15,Mid-Atlantic,194146,2020-10-24 12:00,44730,20315,NC Courage ECNL GU15,NCFC Youth ECNL GU15,7,0,WRAL Soccer Complex - WRAL 05 First Watch,3404,22,NC Courage Academy,NCFC Youth
U15,Mid-Atlantic,194147,2020-10-24 13:00,19665,20318,Wilmington Hammerheads ECNL GU15,South Carolina United ECNL GU15,0,4,Cape Fear Regional Soccer Park - Field 2,7,1689,No Club Selection,South Carolina United FC
U15,Mid-Atlantic,194144,2020-10-24 16:30,20314,13009,McLean YSA ECNL GU15,BRYC Elite Academy ECNL GU15,1,1,Lewinsville Park - Field 3,4603,4603,Fairfax Virginia Union,Fairfax Virginia Union
U15,Mid-Atlantic,194153,2020-10-31 11:00,20318,20312,South Carolina United ECNL GU15,Charlotte Independence ECNL GU15,5,0,Southeastern Freight Lines Complex - Stadium B,1689,1010,South Carolina United FC,Charlotte Independence SC
U15,Mid-Atlantic,194150,2020-10-31 12:00,20315,44730,NCFC Youth ECNL GU15,NC Courage ECNL GU15,0,1,WRAL Soccer Center - First Watch #5,22,3404,NCFC Youth,NC Courage Academy
U15,Mid-Atlantic,194152,2020-10-31 13:00,20316,20311,NC Fusion ECNL GU15,CESA ECNL GU15,1,1,Truist Soccer Complex at Bryan Park - BP 01,71,380,NC Fusion,Carolina Elite Soccer Academy
U15,Mid-Atlantic,194151,2020-10-31 14:00,44723,19665,Charlotte SA ECNL GU15,Wilmington Hammerheads ECNL GU15,5,0,OrthoCarolina Sportsplex - Field 6,26,7,Charlotte Soccer Academy,No Club Selection
U15,Mid-Atlantic,194155,2020-11-01 11:00,20312,44723,Charlotte Independence ECNL GU15,Charlotte SA ECNL GU15,1,1,Bailey Road Park - Field 2 (lower),1010,26,Charlotte Independence SC,Charlotte Soccer Academy
U15,Mid-Atlantic,194154,2020-11-01 12:00,20317,20314,Richmond United ECNL GU15,McLean YSA ECNL GU15,1,2,West Creek - Field 7,417,4603,Richmond United,Fairfax Virginia Union
U15,Mid-Atlantic,194157,2020-11-07 11:00,20311,20318,CESA ECNL GU15,South Carolina United ECNL GU15,4,1,Mesa Soccer Complex - Field 19,380,1689,Carolina Elite Soccer Academy,South Carolina United FC
U15,Mid-Atlantic,194156,2020-11-07 14:00,19656,20317,VDA ECNL GU15,Richmond United ECNL GU15,1,0,Ali Krieger Sports Complex (AKSC) - Field 7,1785,417,Virginia Development Academy,Richmond United
U15,Mid-Atlantic,194158,2020-11-08 11:00,20318,20311,South Carolina United ECNL GU15,CESA ECNL GU15,0,1,Southeastern Freight Lines Complex - Stadium A,1689,380,South Carolina United FC,Carolina Elite Soccer Academy
U15,Mid-Atlantic,194164,2020-11-14 13:00,20311,20316,CESA ECNL GU15,NC Fusion ECNL GU15,3,2,Mesa Soccer Complex - Field 1,380,71,Carolina Elite Soccer Academy,NC Fusion
U15,Mid-Atlantic,194161,2020-11-14 14:00,44723,44730,Charlotte SA ECNL GU15,NC Courage ECNL GU15,1,0,OrthoCarolina Sportsplex - Field 3,26,3404,Charlotte Soccer Academy,NC Courage Academy
U15,Mid-Atlantic,194162,2020-11-14 15:00,20312,20315,Charlotte Independence ECNL GU15,NCFC Youth ECNL GU15,2,0,Manchester Meadows - Field 1,1010,22,Charlotte Independence SC,NCFC Youth
U15,Mid-Atlantic,194163,2020-11-14 17:00,20318,19665,South Carolina United ECNL GU15,Wilmington Hammerheads ECNL GU15,3,0,Southeastern Freight Lines Complex - Stadium A,1689,7,South Carolina United FC,No Club Selection
U15,Mid-Atlantic,194165,2020-11-15 09:00,44723,20315,Charlotte SA ECNL GU15,NCFC Youth ECNL GU15,1,0,OrthoCarolina Sportsplex - Field 5,26,22,Charlotte Soccer Academy,NCFC Youth
U15,Mid-Atlantic,194166,2020-11-15 11:00,20312,44730,Charlotte Independence ECNL GU15,NC Courage ECNL GU15,2,4,Manchester Meadows - Field 2,1010,3404,Charlotte Independence SC,NC Courage Academy
U15,Mid-Atlantic,194167,2020-11-15 11:00,20311,19665,CESA ECNL GU15,Wilmington Hammerheads ECNL GU15,1,0,Mesa Soccer Complex - Field 1,380,7,Carolina Elite Soccer Academy,No Club Selection
U15,Mid-Atlantic,194168,2020-11-15 13:00,20318,20316,South Carolina United ECNL GU15,NC Fusion ECNL GU15,3,1,Southeastern Freight Lines Complex - Stadium A,1689,71,South Carolina United FC,NC Fusion
U15,Mid-Atlantic,194172,2020-11-21 09:00,19665,44723,Wilmington Hammerheads ECNL GU15,Charlotte SA ECNL GU15,0,2,Cape Fear Regional Soccer Park - Field 3,7,26,No Club Selection,Charlotte Soccer Academy
U15,Mid-Atlantic,194160,2020-11-21 10:00,19775,13009,Loudoun Soccer ECNL GU15,BRYC Elite Academy ECNL GU15,1,3,Riverside High School - Practice,4369,4603,Northern Virginia Alliance,Fairfax Virginia Union
U15,Mid-Atlantic,194169,2020-11-21 10:00,20314,19656,McLean YSA ECNL GU15,VDA ECNL GU15,0,3,Lewinsville Park - Field 2,4603,1785,Fairfax Virginia Union,Virginia Development Academy
U15,Mid-Atlantic,194170,2020-11-21 11:45,20311,20315,CESA ECNL GU15,NCFC Youth ECNL GU15,5,1,CFC - Field 2,380,22,Carolina Elite Soccer Academy,NCFC Youth
U15,Mid-Atlantic,194173,2020-11-21 13:00,20316,20312,NC Fusion ECNL GU15,Charlotte Independence ECNL GU15,1,1,Truist Soccer Complex at Bryan Park - BP 07,71,1010,NC Fusion,Charlotte Independence SC
U15,Mid-Atlantic,194171,2020-11-21 15:00,20318,44730,South Carolina United ECNL GU15,NC Courage ECNL GU15,1,1,Southeastern Freight Lines Complex - Field 1,1689,3404,South Carolina United FC,NC Courage Academy
U15,Mid-Atlantic,194176,2020-11-22 10:00,19665,20312,Wilmington Hammerheads ECNL GU15,Charlotte Independence ECNL GU15,3,2,Cape Fear Regional Soccer Park - Field 3,7,1010,No Club Selection,Charlotte Independence SC
U15,Mid-Atlantic,194174,2020-11-22 11:00,20311,44730,CESA ECNL GU15,NC Courage ECNL GU15,3,1,CFC - Field 3,380,3404,Carolina Elite Soccer Academy,NC Courage Academy
U15,Mid-Atlantic,194175,2020-11-22 11:00,20318,20315,South Carolina United ECNL GU15,NCFC Youth ECNL GU15,1,2,Southeastern Freight Lines Complex - Stadium B,1689,22,South Carolina United FC,NCFC Youth
U15,Mid-Atlantic,194177,2020-11-22 11:00,20316,44723,NC Fusion ECNL GU15,Charlotte SA ECNL GU15,1,6,Truist Soccer Complex at Bryan Park - BP 07,71,26,NC Fusion,Charlotte Soccer Academy
U15,Mid-Atlantic,194148,2021-02-06 12:00,19665,44730,Wilmington Hammerheads ECNL GU15,NC Courage ECNL GU15,1,1,Cape Fear Regional Soccer Park - Field 3,7,3404,No Club Selection,NC Courage Academy
U15,Mid-Atlantic,194149,2021-03-03 18:30,13009,19656,BRYC Elite Academy ECNL GU15,VDA ECNL GU15,1,2,Robinson High School - Upper Turf,4603,1785,Fairfax Virginia Union,Virginia Development Academy
U15,Mid-Atlantic,194159,2021-04-10 09:30,20314,19775,McLean YSA ECNL GU15,Loudoun Soccer ECNL GU15,3,0,Lewinsville Park - Field 3,4603,4369,Fairfax Virginia Union,Northern Virginia Alliance
U15,Midwest,172049,2020-09-12 08:00,19672,20075,Kansas City Athletics ECNL GU15,SLSG Navy ECNL GU15,1,1,Olathe District Activity Complex - Football Field,2330,97,KC Athletics,St. Louis Scott Gallagher
U15,Midwest,172050,2020-09-12 09:00,11467,20379,Gretna Elite Academy ECNL GU15,SLSG White ECNL GU15,2,4,College Boulevard Athletic Complex - Field 1,373,97,Gretna Elite Academy,St. Louis Scott Gallagher
U15,Midwest,172051,2020-09-12 12:45,20376,20377,FC Wisconsin ECNL GU15,Michigan Hawks Magic ECNL GU15,2,1,FC Wisconsin Soccer Park - Field 1 - Val Olla Field,54,2359,FC Wisconsin Girls,Michigan Hawks
U15,Midwest,172052,2020-09-12 17:45,20099,12525,Eclipse Select SC North ECNL GU15,Vardar ECNL GU15,3,0,FC Wisconsin Soccer Park - Field 1 - Val Olla Field,43,109,Eclipse Select Soccer Club,Vardar
U15,Midwest,172053,2020-09-13 09:00,19672,20379,Kansas City Athletics ECNL GU15,SLSG White ECNL GU15,2,0,College Boulevard Activity Complex - Football Field,2330,97,KC Athletics,St. Louis Scott Gallagher
U15,Midwest,172054,2020-09-13 09:00,11467,20075,Gretna Elite Academy ECNL GU15,SLSG Navy ECNL GU15,0,8,College Boulevard Athletic Complex - Field 1,373,97,Gretna Elite Academy,St. Louis Scott Gallagher
U15,Midwest,172055,2020-09-13 12:45,20376,12525,FC Wisconsin ECNL GU15,Vardar ECNL GU15,2,2,FC Wisconsin Soccer Park - Field 1 - Val Olla Field,54,109,FC Wisconsin Girls,Vardar
U15,Midwest,172056,2020-09-13 14:45,20099,20377,Eclipse Select SC North ECNL GU15,Michigan Hawks Magic ECNL GU15,2,0,FC Wisconsin Soccer Park - Field 2 - Hegarty Field,43,2359,Eclipse Select Soccer Club,Michigan Hawks
U15,Midwest,172058,2020-09-19 12:00,12525,19884,Vardar ECNL GU15,Michigan Hawks ECNL GU15,0,7,UWM Sports Complex - Field 4 (outdoor),109,2359,Vardar,Michigan Hawks
U15,Midwest,172059,2020-09-20 13:00,12525,20375,Vardar ECNL GU15,Eclipse Select SC ECNL GU15,0,3,The Plex - Field 8,109,43,Vardar,Eclipse Select Soccer Club
U15,Midwest,172048,2020-10-03 12:00,19884,20377,Michigan Hawks ECNL GU15,Michigan Hawks Magic ECNL GU15,3,1,Schoolcraft Turf - SC Turf,2359,2359,Michigan Hawks,Michigan Hawks
U15,Midwest,172061,2020-10-10 09:00,20075,19884,SLSG Navy ECNL GU15,Michigan Hawks ECNL GU15,1,1,Grand Park Sports Campus - Field 2,97,2359,St. Louis Scott Gallagher,Michigan Hawks
U15,Midwest,172067,2020-10-10 09:00,20379,20377,SLSG White ECNL GU15,Michigan Hawks Magic ECNL GU15,3,0,Grand Park Sports Campus - Field 3,97,2359,St. Louis Scott Gallagher,Michigan Hawks
U15,Midwest,172078,2020-10-10 09:00,11467,12525,Gretna Elite Academy ECNL GU15,Vardar ECNL GU15,4,1,Indiana Elite FC Soccer Complex - Field 1,373,109,Gretna Elite Academy,Vardar
U15,Midwest,172065,2020-10-11 08:30,12525,19672,Vardar ECNL GU15,Kansas City Athletics ECNL GU15,0,8,Indiana Elite Soccer Complex - Field 1,109,2330,Vardar,KC Athletics
U15,Midwest,172070,2020-10-11 08:30,19884,20379,Michigan Hawks ECNL GU15,SLSG White ECNL GU15,0,0,Grand Park Sports Campus - Field 2,2359,97,Michigan Hawks,St. Louis Scott Gallagher
U15,Midwest,172076,2020-10-11 08:30,20377,20075,Michigan Hawks Magic ECNL GU15,SLSG Navy ECNL GU15,0,4,Grand Park Sports Campus - Field 3,2359,97,Michigan Hawks,St. Louis Scott Gallagher
U15,Midwest,172093,2020-10-11 08:30,20376,19672,FC Wisconsin ECNL GU15,Kansas City Athletics ECNL GU15,,,,54,2330,FC Wisconsin Girls,KC Athletics
U15,Midwest,172080,2020-10-24 12:00,20075,20375,SLSG Navy ECNL GU15,Eclipse Select SC ECNL GU15,6,0,Heartland Sports Memorial Stadium - Field 1,97,43,St. Louis Scott Gallagher,Eclipse Select Soccer Club
U15,Midwest,172081,2020-10-24 14:30,20379,20099,SLSG White ECNL GU15,Eclipse Select SC North ECNL GU15,1,0,Trinity Sports Park - Field 2,97,43,St. Louis Scott Gallagher,Eclipse Select Soccer Club
U15,Midwest,172094,2020-10-25 00:45,20099,20075,Eclipse Select SC North ECNL GU15,SLSG Navy ECNL GU15,,,Trinity Sports Park - Field 2,43,97,Eclipse Select Soccer Club,St. Louis Scott Gallagher
U15,Midwest,172079,2020-10-25 10:00,11467,19672,Gretna Elite Academy ECNL GU15,Kansas City Athletics ECNL GU15,1,2,Papillion Landing - #1 Turf,373,2330,Gretna Elite Academy,KC Athletics
U15,Midwest,172082,2020-10-25 10:45,20376,19884,FC Wisconsin ECNL GU15,Michigan Hawks ECNL GU15,1,1,FC Wisconsin Soccer Park - Field 1 - Val Olla Field,54,2359,FC Wisconsin Girls,Michigan Hawks
U15,Midwest,172083,2020-10-25 13:00,20377,12525,Michigan Hawks Magic ECNL GU15,Vardar ECNL GU15,0,0,St. Joe's Sports Complex - Outdoor Turf,2359,109,Michigan Hawks,Vardar
U15,Midwest,172057,2020-10-25 14:30,20377,20375,Michigan Hawks Magic ECNL GU15,Eclipse Select SC ECNL GU15,1,1,St. Joe's Sports Complex - Outdoor Turf,2359,43,Michigan Hawks,Eclipse Select Soccer Club
U15,Midwest,172064,2020-10-31,20099,20376,Eclipse Select SC North ECNL GU15,FC Wisconsin ECNL GU15,,,,43,54,Eclipse Select Soccer Club,FC Wisconsin Girls
U15,Midwest,172063,2020-10-31 09:00,11467,20377,Gretna Elite Academy ECNL GU15,Michigan Hawks Magic ECNL GU15,2,1,The TBK Bank Sports Complex LLC - Field 8,373,2359,Gretna Elite Academy,Michigan Hawks
U15,Midwest,172072,2020-10-31 09:00,20075,12525,SLSG Navy ECNL GU15,Vardar ECNL GU15,7,0,"The TBK Bank Sports Complex, LLC - Field 3",97,109,St. Louis Scott Gallagher,Vardar
U15,Midwest,172075,2020-10-31 09:00,19672,19884,Kansas City Athletics ECNL GU15,Michigan Hawks ECNL GU15,2,3,"The TBK Bank Sports Complex, LLC - Field 7",2330,2359,KC Athletics,Michigan Hawks
U15,Midwest,172077,2020-10-31 09:00,20379,20376,SLSG White ECNL GU15,FC Wisconsin ECNL GU15,4,0,"The TBK Bank Sports Complex, LLC - Field 4",97,54,St. Louis Scott Gallagher,FC Wisconsin Girls
U15,Midwest,172062,2020-11-01 08:30,12525,20379,Vardar ECNL GU15,SLSG White ECNL GU15,0,9,"The TBK Bank Sports Complex, LLC - Field 2",109,97,Vardar,St. Louis Scott Gallagher
U15,Midwest,172066,2020-11-01 08:30,19884,11467,Michigan Hawks ECNL GU15,Gretna Elite Academy ECNL GU15,1,0,"The TBK Bank Sports Complex, LLC - Field 4",2359,373,Michigan Hawks,Gretna Elite Academy
U15,Midwest,172069,2020-11-01 08:30,20376,20075,FC Wisconsin ECNL GU15,SLSG Navy ECNL GU15,0,5,"The TBK Bank Sports Complex, LLC - Field 3",54,97,FC Wisconsin Girls,St. Louis Scott Gallagher
U15,Midwest,172071,2020-11-01 08:30,20377,19672,Michigan Hawks Magic ECNL GU15,Kansas City Athletics ECNL GU15,0,3,"The TBK Bank Sports Complex, LLC - Field 8",2359,2330,Michigan Hawks,KC Athletics
U15,Midwest,172084,2020-11-07 16:00,20375,19884,Eclipse Select SC ECNL GU15,Michigan Hawks ECNL GU15,0,4,Jr Irish Fields - Field 2,43,2359,Eclipse Select Soccer Club,Michigan Hawks
U15,Midwest,172086,2020-11-08 13:00,11467,20378,Gretna Elite Academy ECNL GU15,Minnesota Thunder ECNL GU15,2,3,Papillion Landing - #1 Turf,373,7,Gretna Elite Academy,No Club Selection
U15,Midwest,172074,2020-11-18 18:00,20376,20375,FC Wisconsin ECNL GU15,Eclipse Select SC ECNL GU15,0,0,FC Wisconsin Soccer Park - Field 2 - Hegarty Field,54,43,FC Wisconsin Girls,Eclipse Select Soccer Club
U15,Midwest,172088,2020-11-22 09:00,20075,20379,SLSG Navy ECNL GU15,SLSG White ECNL GU15,1,1,WWT Soccer Park - Field 1,97,97,St. Louis Scott Gallagher,St. Louis Scott Gallagher
U15,Midwest,172097,2021-01-16 08:00,20378,20099,Minnesota Thunder ECNL GU15,Eclipse Select SC North ECNL GU15,,,Academy of Holy Angels - South Turf 1 (11v11),7,43,No Club Selection,Eclipse Select Soccer Club
U15,Midwest,172098,2021-01-23 08:00,20378,20375,Minnesota Thunder ECNL GU15,Eclipse Select SC ECNL GU15,,,Academy of Holy Angels - South Turf 1 (11v11),7,43,No Club Selection,Eclipse Select Soccer Club
U15,Midwest,172099,2021-01-30 08:00,20378,19672,Minnesota Thunder ECNL GU15,Kansas City Athletics ECNL GU15,4,1,Academy of Holy Angels - South Turf 1 (11v11),7,2330,No Club Selection,KC Athletics
U15,Midwest,172090,2021-02-20 10:00,20075,20378,SLSG Navy ECNL GU15,Minnesota Thunder ECNL GU15,,,MO RUSH Sports Park - Field 3,97,7,St. Louis Scott Gallagher,No Club Selection
U15,Midwest,172095,2021-02-21 09:00,20378,20379,Minnesota Thunder ECNL GU15,SLSG White ECNL GU15,,,Missouri Rush Sports Park - Field 3,7,97,No Club Selection,St. Louis Scott Gallagher
U15,Midwest,172073,2021-02-27 09:00,11467,20099,Gretna Elite Academy ECNL GU15,Eclipse Select SC North ECNL GU15,1,3,,373,43,Gretna Elite Academy,Eclipse Select Soccer Club
U15,Midwest,172100,2021-02-27 12:30,12525,20378,Vardar ECNL GU15,Minnesota Thunder ECNL GU15,0,4,Evolution Sportsplex Dome - Field 1,109,7,Vardar,No Club Selection
U15,Midwest,172060,2021-02-27 16:00,20375,19672,Eclipse Select SC ECNL GU15,Kansas City Athletics ECNL GU15,0,3,Swope Soccer Village - Field 5,43,2330,Eclipse Select Soccer Club,KC Athletics
U15,Midwest,172089,2021-02-28 08:00,19672,20099,Kansas City Athletics ECNL GU15,Eclipse Select SC North ECNL GU15,1,0,Swope Soccer Village - Field 3,2330,43,KC Athletics,Eclipse Select Soccer Club
U15,Midwest,172096,2021-02-28 08:00,11467,20375,Gretna Elite Academy ECNL GU15,Eclipse Select SC ECNL GU15,0,2,,373,43,Gretna Elite Academy,Eclipse Select Soccer Club
U15,Midwest,172101,2021-02-28 13:45,20377,20378,Michigan Hawks Magic ECNL GU15,Minnesota Thunder ECNL GU15,0,2,St. Joe's Sports Complex - Dome,2359,7,Michigan Hawks,No Club Selection
U15,Midwest,172085,2021-03-06 08:00,20378,20376,Minnesota Thunder ECNL GU15,FC Wisconsin ECNL GU15,8,0,Academy of Holy Angels - South Turf 1 (11v11),7,54,No Club Selection,FC Wisconsin Girls
U15,Midwest,172087,2021-03-14 09:30,19884,20099,Michigan Hawks ECNL GU15,Eclipse Select SC North ECNL GU15,1,1,Dowling Park - Field 1,2359,43,Michigan Hawks,Eclipse Select Soccer Club
U15,Midwest,172068,2021-03-18 18:30,20099,20375,Eclipse Select SC North ECNL GU15,Eclipse Select SC ECNL GU15,1,2,Oak Brook PD Turf - Field 1,43,43,Eclipse Select Soccer Club,Eclipse Select Soccer Club
U15,Midwest,172091,2021-03-20 13:00,20375,20379,Eclipse Select SC ECNL GU15,SLSG White ECNL GU15,3,2,O'Fallon Sports Park - Field 3,43,97,Eclipse Select Soccer Club,St. Louis Scott Gallagher
U15,Midwest,172102,2021-05-01 08:00,19884,20378,Michigan Hawks ECNL GU15,Minnesota Thunder ECNL GU15,2,2,Stuarts Sports Complex - Field 22,2359,7,Michigan Hawks,No Club Selection
U15,Mountain,209149,2020-09-13 09:00,45855,35221,Real Colorado National ECNL GU15,Pride SC ECNL GU15,4,0,Real Colorado Soccer Complex - RCSC 1,81,7,Real Colorado,No Club Selection
U15,Mountain,209155,2020-09-13 11:15,21349,46445,Colorado Rapids ECNL GU15,Real Colorado Athletico ECNL GU15,8,1,Gates South Soccer Complex - 5,29,81,Colorado Storm,Real Colorado
U15,Mountain,209161,2020-09-19 10:00,35221,21349,Pride SC ECNL GU15,Colorado Rapids ECNL GU15,0,6,Pride Soccer Complex - Field 1,7,29,No Club Selection,Colorado Storm
U15,Mountain,210446,2020-09-19 13:30,45855,46445,Real Colorado National ECNL GU15,Real Colorado Athletico ECNL GU15,1,0,Real Colorado Soccer Complex - RCSC 1,81,81,Real Colorado,Real Colorado
U15,Mountain,207178,2020-09-26 11:15,46445,35221,Real Colorado Athletico ECNL GU15,Pride SC ECNL GU15,2,1,Real Colorado Soccer Complex - RCSC 1,81,7,Real Colorado,No Club Selection
U15,Mountain,207179,2020-09-26 11:15,21349,45855,Colorado Rapids ECNL GU15,Real Colorado National ECNL GU15,3,0,Gates South Soccer Complex - 6,29,81,Colorado Storm,Real Colorado
U15,Mountain,207181,2020-10-03 10:00,35221,45855,Pride SC ECNL GU15,Real Colorado National ECNL GU15,1,4,Pride Soccer Complex - Field 1,7,81,No Club Selection,Real Colorado
U15,Mountain,207180,2020-10-03 11:15,46445,21349,Real Colorado Athletico ECNL GU15,Colorado Rapids ECNL GU15,0,3,Real Colorado Soccer Complex - RCSC 1,81,29,Real Colorado,Colorado Storm
U15,Mountain,207182,2020-10-24 09:00,21349,35221,Colorado Rapids ECNL GU15,Pride SC ECNL GU15,6,0,Gates South Soccer Complex - 5,29,7,Colorado Storm,No Club Selection
U15,Mountain,207183,2020-10-24 13:30,46445,45855,Real Colorado Athletico ECNL GU15,Real Colorado National ECNL GU15,2,1,Real Colorado Soccer Complex - RCSC 1,81,81,Real Colorado,Real Colorado
U15,Mountain,207195,2021-02-27 09:00,35221,45849,Pride SC ECNL GU15,La Roca FC ECNL GU15,0,6,Pride Soccer Complex - Field 1,7,1760,No Club Selection,La Roca FC
U15,Mountain,207194,2021-02-27 11:15,21349,20424,Colorado Rapids ECNL GU15,Utah Avalanche ECNL GU15,1,1,Douglas County Fairgrounds - Field #6,29,107,Colorado Storm,Utah Avalanche
U15,Mountain,207196,2021-02-28 09:00,35221,20424,Pride SC ECNL GU15,Utah Avalanche ECNL GU15,0,5,Pride Soccer Complex - Field 2,7,107,No Club Selection,Utah Avalanche
U15,Mountain,207197,2021-02-28 11:15,21349,45849,Colorado Rapids ECNL GU15,La Roca FC ECNL GU15,2,1,Dick's Sporting Goods Park - DSGP - 10,29,1760,Colorado Storm,La Roca FC
U15,Mountain,207203,2021-03-27 12:00,45849,45855,La Roca FC ECNL GU15,Real Colorado National ECNL GU15,2,1,Spence Eccles Ogden Community Sports Complex - Field 2,1760,81,La Roca FC,Real Colorado
U15,Mountain,207202,2021-03-27 13:00,20424,46445,Utah Avalanche ECNL GU15,Real Colorado Athletico ECNL GU15,1,0,Legacy Events Center - Field 1,107,81,Utah Avalanche,Real Colorado
U15,Mountain,207204,2021-03-28 12:00,45849,46445,La Roca FC ECNL GU15,Real Colorado Athletico ECNL GU15,1,1,La Roca Park - Field 2,1760,81,La Roca FC,Real Colorado
U15,Mountain,207205,2021-03-28 13:00,20424,45855,Utah Avalanche ECNL GU15,Real Colorado National ECNL GU15,2,3,Legacy Events Center - Field 1,107,81,Utah Avalanche,Real Colorado
U15,Mountain,207184,2021-04-03 11:15,45855,21349,Real Colorado National ECNL GU15,Colorado Rapids ECNL GU15,1,2,Real Colorado Soccer Complex - RCSC 1,81,29,Real Colorado,Colorado Storm
U15,Mountain,207185,2021-04-05 18:00,35221,46445,Pride SC ECNL GU15,Real Colorado Athletico ECNL GU15,0,6,El Pomar Olin Field - Turf Field,7,81,No Club Selection,Real Colorado
U15,Mountain,207190,2021-04-17 13:30,45855,20424,Real Colorado National ECNL GU15,Utah Avalanche ECNL GU15,2,3,Real Colorado Soccer Complex - RCSC 1,81,107,Real Colorado,Utah Avalanche
U15,Mountain,207191,2021-04-17 13:30,46445,45849,Real Colorado Athletico ECNL GU15,La Roca FC ECNL GU15,1,1,Highland Heritage Regional Park - HHRP West,81,1760,Real Colorado,La Roca FC
U15,Mountain,207192,2021-04-18 13:30,46445,20424,Real Colorado Athletico ECNL GU15,Utah Avalanche ECNL GU15,0,0,Highland Heritage Regional Park - HHRP West,81,107,Real Colorado,Utah Avalanche
U15,Mountain,207193,2021-04-18 13:30,45855,45849,Real Colorado National ECNL GU15,La Roca FC ECNL GU15,1,0,Real Colorado Soccer Complex - RCSC 1,81,1760,Real Colorado,La Roca FC
U15,Mountain,207186,2021-04-24 11:00,20424,21349,Utah Avalanche ECNL GU15,Colorado Rapids ECNL GU15,1,2,Davis High School - Field 1,107,29,Utah Avalanche,Colorado Storm
U15,Mountain,207187,2021-04-24 11:00,45849,35221,La Roca FC ECNL GU15,Pride SC ECNL GU15,2,0,La Roca Park - Field 1,1760,7,La Roca FC,No Club Selection
U15,Mountain,207189,2021-04-25 09:00,20424,35221,Utah Avalanche ECNL GU15,Pride SC ECNL GU15,5,1,Legacy Events Center - Field 1,107,7,Utah Avalanche,No Club Selection
U15,Mountain,207188,2021-04-25 14:00,45849,21349,La Roca FC ECNL GU15,Colorado Rapids ECNL GU15,2,2,Legacy Events Center - Field 2 #2022,1760,29,La Roca FC,Colorado Storm
U15,Mountain,207210,2021-05-16 11:30,45849,20424,La Roca FC ECNL GU15,Utah Avalanche ECNL GU15,0,1,Legacy Events Center - Field 3 #2025,1760,107,La Roca FC,Utah Avalanche
U15,Mountain,207211,2021-05-23 14:00,20424,45849,Utah Avalanche ECNL GU15,La Roca FC ECNL GU15,3,3,Legacy Events Center - Field 1,107,1760,Utah Avalanche,La Roca FC
U15,New England,173139,2020-12-05 09:00,35275,20357,East Meadow SC ECNL GU15,World Class FC ECNL GU15,1,0,East Meadow Field of Dreams - North Turf,42,116,East Meadow Soccer Club,World Class FC
U15,New England,173116,2020-12-12 09:00,20357,20356,World Class FC ECNL GU15,SUSA FC ECNL GU15,1,0,Orangetown Soccer Complex - Field 5,116,9,World Class FC,SUSA FC
U15,New England,173123,2021-03-06 10:15,11478,35275,Connecticut FC ECNL GU15,East Meadow SC ECNL GU15,2,1,CFC Park - Field 1,31,42,Connecticut FC,East Meadow Soccer Club
U15,New England,173124,2021-03-06 17:30,9180,20357,FSA FC ECNL GU15,World Class FC ECNL GU15,0,2,FSA-Farmington Sports Arena - Field 6,431,116,FSA FC,World Class FC
U15,New England,173122,2021-03-09 16:30,19883,20345,FC Stars Blue ECNL GU15,FC Stars White ECNL GU15,2,1,FC Stars Complex - Field 2,52,52,FC Stars,FC Stars
U15,New England,173127,2021-03-20 14:00,9180,1827,FSA FC ECNL GU15,PDA White ECNL GU15,0,0,FSA-Farmington Sports Arena - Field 6,431,78,FSA FC,Players Development Academy
U15,New England,173137,2021-03-27 08:00,20355,19883,Scorpions Soccer ECNL GU15,FC Stars Blue ECNL GU15,0,5,Fruit Street Fields - Field 2,94,52,Scorpions SC,FC Stars
U15,New England,173138,2021-03-27 09:00,11478,20345,Connecticut FC ECNL GU15,FC Stars White ECNL GU15,2,0,CFC Park - Field 1,31,52,Connecticut FC,FC Stars
U15,New England,173142,2021-03-28 09:15,20355,20345,Scorpions Soccer ECNL GU15,FC Stars White ECNL GU15,0,2,Medway High School - Lamson Field(Middle Field),94,52,Scorpions SC,FC Stars
U15,New England,173143,2021-03-28 10:30,20356,20357,SUSA FC ECNL GU15,World Class FC ECNL GU15,1,1,SUSA - Orlin & Cohen Sports Complex - Field 2,9,116,SUSA FC,World Class FC
U15,New England,173141,2021-03-28 14:00,11478,19883,Connecticut FC ECNL GU15,FC Stars Blue ECNL GU15,4,1,CFC Park - Field 1,31,52,Connecticut FC,FC Stars
U15,New England,173131,2021-04-10 14:30,9180,20356,FSA FC ECNL GU15,SUSA FC ECNL GU15,1,3,FSA-Farmington Sports Arena - Field 8,431,9,FSA FC,SUSA FC
U15,New England,173146,2021-04-17 12:15,20357,1827,World Class FC ECNL GU15,PDA White ECNL GU15,2,0,Orangetown Soccer Complex - Field 5,116,78,World Class FC,Players Development Academy
U15,New England,173145,2021-04-17 12:30,20345,11478,FC Stars White ECNL GU15,Connecticut FC ECNL GU15,0,2,FC Stars Soccer Complex - Field 1,52,31,FC Stars,Connecticut FC
U15,New England,173147,2021-04-17 16:45,20355,9180,Scorpions Soccer ECNL GU15,FSA FC ECNL GU15,2,0,Medway High School - Lamson Field(Middle Field),94,431,Scorpions SC,FSA FC
U15,New England,173149,2021-04-18 09:00,20345,9180,FC Stars White ECNL GU15,FSA FC ECNL GU15,6,1,FC Stars Soccer Complex - Field 1,52,431,FC Stars,FSA FC
U15,New England,173151,2021-04-18 13:30,20355,11478,Scorpions Soccer ECNL GU15,Connecticut FC ECNL GU15,1,0,Progin Park - Field 7,94,31,Scorpions SC,Connecticut FC
U15,New England,173152,2021-04-18 14:00,20356,1827,SUSA FC ECNL GU15,PDA White ECNL GU15,2,1,SUSA - Orlin & Cohen Sports Complex - Field 2,9,78,SUSA FC,Players Development Academy
U15,New England,173153,2021-04-24 11:30,19883,20356,FC Stars Blue ECNL GU15,SUSA FC ECNL GU15,1,1,FC Stars Complex - Field 1,52,9,FC Stars,SUSA FC
U15,New England,173154,2021-04-24 11:30,20345,35275,FC Stars White ECNL GU15,East Meadow SC ECNL GU15,1,2,FC Stars Soccer Complex - Field 2,52,42,FC Stars,East Meadow Soccer Club
U15,New England,173155,2021-04-24 12:00,1827,11478,PDA White ECNL GU15,Connecticut FC ECNL GU15,0,2,PDA - Field 5,78,31,Players Development Academy,Connecticut FC
U15,New England,173126,2021-04-24 13:15,20355,20357,Scorpions Soccer ECNL GU15,World Class FC ECNL GU15,0,2,Medway High School - Hanlon Field (Stadium),94,116,Scorpions SC,World Class FC
U15,New England,173118,2021-04-25 08:00,11478,1827,Connecticut FC ECNL GU15,PDA White ECNL GU15,4,1,CFC Park - Field 1,31,78,Connecticut FC,Players Development Academy
U15,New England,173156,2021-04-25 11:30,19883,35275,FC Stars Blue ECNL GU15,East Meadow SC ECNL GU15,2,3,FC Stars Complex - Field 1,52,42,FC Stars,East Meadow Soccer Club
U15,New England,173157,2021-04-25 11:30,20345,20356,FC Stars White ECNL GU15,SUSA FC ECNL GU15,2,3,FC Stars Soccer Complex - Field 2,52,9,FC Stars,SUSA FC
U15,New England,173158,2021-05-01 09:00,1827,19883,PDA White ECNL GU15,FC Stars Blue ECNL GU15,2,0,PDA - Field 3,78,52,Players Development Academy,FC Stars
U15,New England,173159,2021-05-01 10:15,20357,20345,World Class FC ECNL GU15,FC Stars White ECNL GU15,1,0,Orangetown Soccer Complex - Field 5,116,52,World Class FC,FC Stars
U15,New England,173160,2021-05-01 11:00,35275,20355,East Meadow SC ECNL GU15,Scorpions Soccer ECNL GU15,1,2,East Meadow Field of Dreams - North Turf,42,94,East Meadow Soccer Club,Scorpions SC
U15,New England,173161,2021-05-01 17:30,20356,9180,SUSA FC ECNL GU15,FSA FC ECNL GU15,6,1,SUSA - Orlin & Cohen Sports Complex - Field 2,9,431,SUSA FC,FSA FC
U15,New England,173165,2021-05-02 11:10,20356,20355,SUSA FC ECNL GU15,Scorpions Soccer ECNL GU15,4,3,SUSA - Orlin & Cohen Sports Complex - Field 2,9,94,SUSA FC,Scorpions SC
U15,New England,173162,2021-05-02 11:30,1827,20345,PDA White ECNL GU15,FC Stars White ECNL GU15,1,0,Morningside Farm - Field 13,78,52,Players Development Academy,FC Stars
U15,New England,173163,2021-05-02 12:00,20357,19883,World Class FC ECNL GU15,FC Stars Blue ECNL GU15,4,1,Orangetown Soccer Complex - Field 5,116,52,World Class FC,FC Stars
U15,New England,173135,2021-05-02 16:00,9180,35275,FSA FC ECNL GU15,East Meadow SC ECNL GU15,0,5,FSA-Farmington Sports Arena - Field 6,431,42,FSA FC,East Meadow Soccer Club
U15,New England,173169,2021-05-08 10:00,1827,20355,PDA White ECNL GU15,Scorpions Soccer ECNL GU15,0,2,PDA - Field 1,78,94,Players Development Academy,Scorpions SC
U15,New England,173167,2021-05-08 12:00,20356,19883,SUSA FC ECNL GU15,FC Stars Blue ECNL GU15,2,1,SUSA - Orlin & Cohen Sports Complex - Field 2,9,52,SUSA FC,FC Stars
U15,New England,173168,2021-05-08 12:20,20357,9180,World Class FC ECNL GU15,FSA FC ECNL GU15,3,0,Orangetown Soccer Complex - Field 5,116,431,World Class FC,FSA FC
U15,New England,173166,2021-05-08 13:00,35275,20345,East Meadow SC ECNL GU15,FC Stars White ECNL GU15,0,1,East Meadow Field of Dreams - North Turf,42,52,East Meadow Soccer Club,FC Stars
U15,New England,173171,2021-05-09 08:00,20356,20345,SUSA FC ECNL GU15,FC Stars White ECNL GU15,2,0,SUSA - Orlin & Cohen Sports Complex - Field 2,9,52,SUSA FC,FC Stars
U15,New England,173172,2021-05-09 09:00,20357,20355,World Class FC ECNL GU15,Scorpions Soccer ECNL GU15,3,0,Orangetown Soccer Complex - Field 5,116,94,World Class FC,Scorpions SC
U15,New England,173173,2021-05-09 10:00,1827,9180,PDA White ECNL GU15,FSA FC ECNL GU15,1,0,Morningside Farm - Field 13,78,431,Players Development Academy,FSA FC
U15,New England,173170,2021-05-09 13:00,35275,19883,East Meadow SC ECNL GU15,FC Stars Blue ECNL GU15,2,1,East Meadow Field of Dreams - North Turf,42,52,East Meadow Soccer Club,FC Stars
U15,New England,173175,2021-05-15 09:00,20345,20355,FC Stars White ECNL GU15,Scorpions Soccer ECNL GU15,0,1,FC Stars Soccer Complex - Field 1,52,94,FC Stars,Scorpions SC
U15,New England,173174,2021-05-15 10:00,9180,19883,FSA FC ECNL GU15,FC Stars Blue ECNL GU15,0,4,FSA-Farmington Sports Arena - Field 6,431,52,FSA FC,FC Stars
U15,New England,173177,2021-05-15 12:00,1827,35275,PDA White ECNL GU15,East Meadow SC ECNL GU15,0,0,PDA - Field 3,78,42,Players Development Academy,East Meadow Soccer Club
U15,New England,173176,2021-05-15 15:00,11478,20357,Connecticut FC ECNL GU15,World Class FC ECNL GU15,3,0,CFC Park - Field 1,31,116,Connecticut FC,World Class FC
U15,New England,173134,2021-05-16 09:00,20355,20356,Scorpions Soccer ECNL GU15,SUSA FC ECNL GU15,0,4,Progin Park - Field 8,94,9,Scorpions SC,SUSA FC
U15,New England,173185,2021-05-16 10:00,1827,20357,PDA White ECNL GU15,World Class FC ECNL GU15,0,4,Morningside Farm - Field 13,78,116,Players Development Academy,World Class FC
U15,New England,173121,2021-05-16 16:00,9180,11478,FSA FC ECNL GU15,Connecticut FC ECNL GU15,3,2,FSA-Farmington Sports Arena - Field 6,431,31,FSA FC,Connecticut FC
U15,New England,173150,2021-05-19 20:00,20357,35275,World Class FC ECNL GU15,East Meadow SC ECNL GU15,4,1,Orangetown Soccer Complex - Field 5,116,42,World Class FC,East Meadow Soccer Club
U15,New England,173178,2021-05-22 10:00,20345,19883,FC Stars White ECNL GU15,FC Stars Blue ECNL GU15,1,1,FC Stars Soccer Complex - Field 1,52,52,FC Stars,FC Stars
U15,New England,173180,2021-05-22 10:00,9180,20355,FSA FC ECNL GU15,Scorpions Soccer ECNL GU15,1,2,FSA-Farmington Sports Arena - Field 6,431,94,FSA FC,Scorpions SC
U15,New England,173181,2021-05-22 13:00,35275,20356,East Meadow SC ECNL GU15,SUSA FC ECNL GU15,0,3,East Meadow Field of Dreams - North Turf,42,9,East Meadow Soccer Club,SUSA FC
U15,New England,173179,2021-05-22 14:15,20357,11478,World Class FC ECNL GU15,Connecticut FC ECNL GU15,1,2,Orangetown Soccer Complex - Field 5,116,31,World Class FC,Connecticut FC
U15,New England,173182,2021-05-23 10:30,9180,20345,FSA FC ECNL GU15,FC Stars White ECNL GU15,0,3,FSA-Farmington Sports Arena - Field 7,431,52,FSA FC,FC Stars
U15,New England,173140,2021-05-23 12:00,1827,20356,PDA White ECNL GU15,SUSA FC ECNL GU15,1,3,Morningside Farm - Field 13,78,9,Players Development Academy,SUSA FC
U15,New England,173130,2021-05-23 13:00,20355,35275,Scorpions Soccer ECNL GU15,East Meadow SC ECNL GU15,1,1,Walpole Soccer Complex - Field 2,94,42,Scorpions SC,East Meadow Soccer Club
U15,New England,173144,2021-05-26 18:30,35275,1827,East Meadow SC ECNL GU15,PDA White ECNL GU15,1,1,Cantiague Park - West,42,78,East Meadow Soccer Club,Players Development Academy
U15,New England,173119,2021-05-26 20:00,19883,20355,FC Stars Blue ECNL GU15,Scorpions Soccer ECNL GU15,3,0,FC Stars Complex - Field 1,52,94,FC Stars,Scorpions SC
U15,New England,173120,2021-05-27 18:00,11478,9180,Connecticut FC ECNL GU15,FSA FC ECNL GU15,6,1,CFC Park - Field 2,31,431,Connecticut FC,FSA FC
U15,New England,173117,2021-05-29 11:00,11478,20356,Connecticut FC ECNL GU15,SUSA FC ECNL GU15,0,1,CFC Park - Field 1,31,9,Connecticut FC,SUSA FC
U15,New England,173129,2021-05-29 15:30,20345,20357,FC Stars White ECNL GU15,World Class FC ECNL GU15,1,0,Acton Boxboro HS - Field 1,52,116,FC Stars,World Class FC
U15,New England,173164,2021-05-30 12:00,35275,9180,East Meadow SC ECNL GU15,FSA FC ECNL GU15,2,1,East Meadow Field of Dreams - North Turf,42,431,East Meadow Soccer Club,FSA FC
U15,New England,173184,2021-05-31 09:00,20356,11478,SUSA FC ECNL GU15,Connecticut FC ECNL GU15,0,1,SUSA - Orlin & Cohen Sports Complex - Field 2,9,31,SUSA FC,Connecticut FC
U15,New England,173132,2021-06-06 08:00,19883,20357,FC Stars Blue ECNL GU15,World Class FC ECNL GU15,,,FC Stars Complex - Field 1,52,116,FC Stars,World Class FC
U15,New England,173133,2021-06-06 08:00,20345,1827,FC Stars White ECNL GU15,PDA White ECNL GU15,,,FC Stars Soccer Complex - Field 2,52,78,FC Stars,Players Development Academy
U15,New England,173136,2021-06-09 19:00,19883,11478,FC Stars Blue ECNL GU15,Connecticut FC ECNL GU15,1,3,FC Stars Complex - Field 1,52,31,FC Stars,Connecticut FC
U15,New England,173114,2021-06-12 09:00,19883,9180,FC Stars Blue ECNL GU15,FSA FC ECNL GU15,2,0,FC Stars Complex - Field 3,52,431,FC Stars,FSA FC
U15,New England,173125,2021-06-12 10:00,20355,1827,Scorpions Soccer ECNL GU15,PDA White ECNL GU15,1,1,Medway High School - North Field (Lower Turf),94,78,Scorpions SC,Players Development Academy
U15,New England,173115,2021-06-12 17:00,35275,11478,East Meadow SC ECNL GU15,Connecticut FC ECNL GU15,1,1,East Meadow Field of Dreams - North Turf,42,31,East Meadow Soccer Club,Connecticut FC
U15,New England,173128,2021-06-13 09:00,19883,1827,FC Stars Blue ECNL GU15,PDA White ECNL GU15,3,1,FC Stars Complex - Field 3,52,78,FC Stars,Players Development Academy
U15,New England,173183,2021-06-13 14:15,11478,20355,Connecticut FC ECNL GU15,Scorpions Soccer ECNL GU15,2,0,CFC Park - Field 1,31,94,Connecticut FC,Scorpions SC
U15,New England,173148,2021-06-13 18:30,20356,35275,SUSA FC ECNL GU15,East Meadow SC ECNL GU15,0,1,SUSA - Orlin & Cohen Sports Complex - Field 2,9,42,SUSA FC,East Meadow Soccer Club
U15,North Atlantic,173660,2021-02-06 15:30,12576,20344,FC Delco ECNL GU15,FC Bucks ECNL GU15,2,1,Proving Grounds - 1,598,46,FC DELCO,HEX FC
U15,North Atlantic,173637,2021-02-27 13:00,45829,20341,Pipeline SC ECNL GU15,Bethesda SC ECNL GU15,0,2,Mercy High School - Field 1,3405,17,Pipeline SC,Bethesda SC
U15,North Atlantic,173640,2021-02-28 13:30,12576,20346,FC Delco ECNL GU15,Maryland United ECNL GU15,0,0,Delaware Sports Turf Complex - Field 2,598,7,FC DELCO,No Club Selection
U15,North Atlantic,173645,2021-03-06 10:00,1822,1841,PDA Blue ECNL GU15,PDA South ECNL GU15,5,0,PDA Main Complex - Field 5,2357,2628,PDA Blue (North),PDA South
U15,North Atlantic,173663,2021-03-06 10:30,44735,20344,Penn Fusion ECNL GU15,FC Bucks ECNL GU15,1,1,USTC - Field 3,79,46,Penn Fusion Soccer Academy,HEX FC
U15,North Atlantic,173642,2021-03-07 10:00,20347,1841,Match Fit Academy ECNL GU15,PDA South ECNL GU15,3,0,Morris Catholic High School - Field 2 Lower,64,2628,Match Fit Surf,PDA South
U15,North Atlantic,173647,2021-03-07 10:00,12576,45829,FC Delco ECNL GU15,Pipeline SC ECNL GU15,2,1,Proving Grounds - 1,598,3405,FC DELCO,Pipeline SC
U15,North Atlantic,173650,2021-03-13 11:30,44735,12576,Penn Fusion ECNL GU15,FC Delco ECNL GU15,2,1,USTC - Zach Steffen Field,79,598,Penn Fusion Soccer Academy,FC DELCO
U15,North Atlantic,173649,2021-03-13 14:00,1822,20347,PDA Blue ECNL GU15,Match Fit Academy ECNL GU15,4,0,PDA Main Complex - Field 5,2357,64,PDA Blue (North),Match Fit Surf
U15,North Atlantic,173629,2021-03-20 10:00,1822,44735,PDA Blue ECNL GU15,Penn Fusion ECNL GU15,2,0,PDA Main Complex - Field 5,2357,79,PDA Blue (North),Penn Fusion Soccer Academy
U15,North Atlantic,173630,2021-03-20 10:00,20347,12576,Match Fit Academy ECNL GU15,FC Delco ECNL GU15,2,1,Morris Catholic High School - Field 2 Lower,64,598,Match Fit Surf,FC DELCO
U15,North Atlantic,173651,2021-03-20 12:00,1841,20344,PDA South ECNL GU15,FC Bucks ECNL GU15,1,2,Westampton Sports Complex - Field 2,2628,46,PDA South,HEX FC
U15,North Atlantic,173633,2021-03-21 10:00,1822,12576,PDA Blue ECNL GU15,FC Delco ECNL GU15,3,0,PDA Main Complex - Field 5,2357,598,PDA Blue (North),FC DELCO
U15,North Atlantic,173634,2021-03-21 10:00,20347,44735,Match Fit Academy ECNL GU15,Penn Fusion ECNL GU15,1,3,Morris Catholic High School - Field 2 Lower,64,79,Match Fit Surf,Penn Fusion Soccer Academy
U15,North Atlantic,173652,2021-03-27 11:45,20341,1822,Bethesda SC ECNL GU15,PDA Blue ECNL GU15,0,0,Walter Johnson High School - Stadium,17,2357,Bethesda SC,PDA Blue (North)
U15,North Atlantic,173654,2021-03-27 14:00,45829,1841,Pipeline SC ECNL GU15,PDA South ECNL GU15,1,3,Mercy High School - Field 1,3405,2628,Pipeline SC,PDA South
U15,North Atlantic,173653,2021-03-27 14:30,44735,20346,Penn Fusion ECNL GU15,Maryland United ECNL GU15,2,1,USTC - Zach Steffen Field,79,7,Penn Fusion Soccer Academy,No Club Selection
U15,North Atlantic,173623,2021-03-28 09:00,1841,44735,PDA South ECNL GU15,Penn Fusion ECNL GU15,0,2,Westampton Sports Complex - Field 2,2628,79,PDA South,Penn Fusion Soccer Academy
U15,North Atlantic,173656,2021-04-10 13:00,45829,20344,Pipeline SC ECNL GU15,FC Bucks ECNL GU15,1,0,Mercy High School - Field 1,3405,46,Pipeline SC,HEX FC
U15,North Atlantic,173646,2021-04-11 14:00,20347,20344,Match Fit Academy ECNL GU15,FC Bucks ECNL GU15,0,0,Morris Catholic High School - Field 2 Lower,64,46,Match Fit Surf,HEX FC
U15,North Atlantic,173657,2021-04-17 10:00,1822,20346,PDA Blue ECNL GU15,Maryland United ECNL GU15,,,PDA Main Complex - Field 5,2357,7,PDA Blue (North),No Club Selection
U15,North Atlantic,173659,2021-04-17 12:30,44735,1841,Penn Fusion ECNL GU15,PDA South ECNL GU15,3,0,USTC - Zach Steffen Field,79,2628,Penn Fusion Soccer Academy,PDA South
U15,North Atlantic,173658,2021-04-17 14:00,20347,45829,Match Fit Academy ECNL GU15,Pipeline SC ECNL GU15,2,1,Morris Catholic High School - Field 1 Upper,64,3405,Match Fit Surf,Pipeline SC
U15,North Atlantic,173675,2021-04-17 14:00,20341,12576,Bethesda SC ECNL GU15,FC Delco ECNL GU15,4,0,Walter Johnson High School - Stadium,17,598,Bethesda SC,FC DELCO
U15,North Atlantic,173661,2021-04-18 10:00,1822,45829,PDA Blue ECNL GU15,Pipeline SC ECNL GU15,3,0,PDA Main Complex - Field 5,2357,3405,PDA Blue (North),Pipeline SC
U15,North Atlantic,173664,2021-04-18 11:30,12576,1841,FC Delco ECNL GU15,PDA South ECNL GU15,1,1,Proving Grounds - 1,598,2628,FC DELCO,PDA South
U15,North Atlantic,173662,2021-04-18 13:00,20347,20346,Match Fit Academy ECNL GU15,Maryland United ECNL GU15,,,Morris Catholic High School - Field 2 Lower,64,7,Match Fit Surf,No Club Selection
U15,North Atlantic,173648,2021-04-18 16:15,44735,20341,Penn Fusion ECNL GU15,Bethesda SC ECNL GU15,1,0,USTC - Zach Steffen Field,79,17,Penn Fusion Soccer Academy,Bethesda SC
U15,North Atlantic,173627,2021-04-24 09:00,1841,12576,PDA South ECNL GU15,FC Delco ECNL GU15,0,2,Westampton Sports Complex - Field 2,2628,598,PDA South,FC DELCO
U15,North Atlantic,173621,2021-04-24 14:00,45829,20347,Pipeline SC ECNL GU15,Match Fit Academy ECNL GU15,0,0,Mercy High School - Field 1,3405,64,Pipeline SC,Match Fit Surf
U15,North Atlantic,173632,2021-04-24 14:00,20341,20344,Bethesda SC ECNL GU15,FC Bucks ECNL GU15,4,2,Walter Johnson High School - Stadium,17,46,Bethesda SC,HEX FC
U15,North Atlantic,173622,2021-04-24 18:00,20346,1822,Maryland United ECNL GU15,PDA Blue ECNL GU15,1,3,Indian Creek - Field 1,7,2357,No Club Selection,PDA Blue (North)
U15,North Atlantic,173628,2021-04-25 09:00,20344,44735,FC Bucks ECNL GU15,Penn Fusion ECNL GU15,1,0,Council Rock North High School - Turf Field,46,79,HEX FC,Penn Fusion Soccer Academy
U15,North Atlantic,173636,2021-04-25 09:00,20341,1841,Bethesda SC ECNL GU15,PDA South ECNL GU15,6,0,Walter Johnson High School - Stadium,17,2628,Bethesda SC,PDA South
U15,North Atlantic,173625,2021-04-25 13:00,45829,1822,Pipeline SC ECNL GU15,PDA Blue ECNL GU15,0,2,Mercy High School - Field 1,3405,2357,Pipeline SC,PDA Blue (North)
U15,North Atlantic,173626,2021-04-25 14:45,20346,20347,Maryland United ECNL GU15,Match Fit Academy ECNL GU15,1,0,Indian Creek - Field 1,7,64,No Club Selection,Match Fit Surf
U15,North Atlantic,173668,2021-05-01 12:00,1841,20346,PDA South ECNL GU15,Maryland United ECNL GU15,0,2,Westampton Sports Complex - Field 2,2628,7,PDA South,No Club Selection
U15,North Atlantic,173666,2021-05-01 14:00,12576,20347,FC Delco ECNL GU15,Match Fit Academy ECNL GU15,1,1,Proving Grounds - 2,598,64,FC DELCO,Match Fit Surf
U15,North Atlantic,173667,2021-05-01 14:30,20344,20341,FC Bucks ECNL GU15,Bethesda SC ECNL GU15,0,1,Bryn Athyn College - Turf,46,17,HEX FC,Bethesda SC
U15,North Atlantic,173671,2021-05-02 08:30,20344,20346,FC Bucks ECNL GU15,Maryland United ECNL GU15,0,0,Bryn Athyn College - Turf,46,7,HEX FC,No Club Selection
U15,North Atlantic,173670,2021-05-02 10:00,12576,1822,FC Delco ECNL GU15,PDA Blue ECNL GU15,2,1,Proving Grounds - 1,598,2357,FC DELCO,PDA Blue (North)
U15,North Atlantic,173672,2021-05-02 12:00,1841,20341,PDA South ECNL GU15,Bethesda SC ECNL GU15,1,3,Westampton Sports Complex - Field 2,2628,17,PDA South,Bethesda SC
U15,North Atlantic,173674,2021-05-08 09:00,1841,20347,PDA South ECNL GU15,Match Fit Academy ECNL GU15,1,3,Westampton Sports Complex - Field 2,2628,64,PDA South,Match Fit Surf
U15,North Atlantic,173643,2021-05-08 12:30,12576,20341,FC Delco ECNL GU15,Bethesda SC ECNL GU15,0,3,Proving Grounds - 2,598,17,FC DELCO,Bethesda SC
U15,North Atlantic,173673,2021-05-08 12:45,20344,1822,FC Bucks ECNL GU15,PDA Blue ECNL GU15,0,2,Council Rock North High School - Turf Field,46,2357,HEX FC,PDA Blue (North)
U15,North Atlantic,173676,2021-05-08 14:00,45829,44735,Pipeline SC ECNL GU15,Penn Fusion ECNL GU15,0,1,Mercy High School - Field 1,3405,79,Pipeline SC,Penn Fusion Soccer Academy
U15,North Atlantic,173677,2021-05-09 09:00,20344,20347,FC Bucks ECNL GU15,Match Fit Academy ECNL GU15,1,2,Bryn Athyn College - Turf,46,64,HEX FC,Match Fit Surf
U15,North Atlantic,173678,2021-05-09 09:00,1841,1822,PDA South ECNL GU15,PDA Blue ECNL GU15,2,4,Westampton Sports Complex - Field 2,2628,2357,PDA South,PDA Blue (North)
U15,North Atlantic,173679,2021-05-09 09:00,20341,44735,Bethesda SC ECNL GU15,Penn Fusion ECNL GU15,5,0,Walter Johnson High School - Stadium,17,79,Bethesda SC,Penn Fusion Soccer Academy
U15,North Atlantic,173680,2021-05-09 14:00,45829,12576,Pipeline SC ECNL GU15,FC Delco ECNL GU15,2,2,Mercy High School - Field 1,3405,598,Pipeline SC,FC DELCO
U15,North Atlantic,173683,2021-05-15 11:00,20344,1841,FC Bucks ECNL GU15,PDA South ECNL GU15,3,0,Bryn Athyn College - Turf,46,2628,HEX FC,PDA South
U15,North Atlantic,173682,2021-05-15 11:30,12576,44735,FC Delco ECNL GU15,Penn Fusion ECNL GU15,1,0,Proving Grounds - 1,598,79,FC DELCO,Penn Fusion Soccer Academy
U15,North Atlantic,173684,2021-05-15 16:00,20346,45829,Maryland United ECNL GU15,Pipeline SC ECNL GU15,3,0,Indian Creek - Field 1,7,3405,No Club Selection,Pipeline SC
U15,North Atlantic,173641,2021-05-16 10:00,1822,20344,PDA Blue ECNL GU15,FC Bucks ECNL GU15,1,2,PDA Main Complex - Field 5,2357,46,PDA Blue (North),HEX FC
U15,North Atlantic,173655,2021-05-16 10:45,20341,20347,Bethesda SC ECNL GU15,Match Fit Academy ECNL GU15,4,2,Walter Johnson High School - Stadium,17,64,Bethesda SC,Match Fit Surf
U15,North Atlantic,173644,2021-05-16 15:00,44735,45829,Penn Fusion ECNL GU15,Pipeline SC ECNL GU15,2,0,USTC - Zach Steffen Field,79,3405,Penn Fusion Soccer Academy,Pipeline SC
U15,North Atlantic,173638,2021-05-20 18:15,20346,20341,Maryland United ECNL GU15,Bethesda SC ECNL GU15,0,1,Maryland Soccerplex - Field,7,17,No Club Selection,Bethesda SC
U15,North Atlantic,173687,2021-05-22 17:30,1841,45829,PDA South ECNL GU15,Pipeline SC ECNL GU15,3,1,Westampton Sports Complex - Field 2,2628,3405,PDA South,Pipeline SC
U15,North Atlantic,173686,2021-05-22 19:30,20346,44735,Maryland United ECNL GU15,Penn Fusion ECNL GU15,1,2,Indian Creek - Field 1,7,79,No Club Selection,Penn Fusion Soccer Academy
U15,North Atlantic,173689,2021-05-23 09:00,20344,45829,FC Bucks ECNL GU15,Pipeline SC ECNL GU15,2,1,Bryn Athyn College - Turf,46,3405,HEX FC,Pipeline SC
U15,North Atlantic,173688,2021-05-23 12:00,20347,20341,Match Fit Academy ECNL GU15,Bethesda SC ECNL GU15,1,5,Morris Catholic High School - Field 2 Lower,64,17,Match Fit Surf,Bethesda SC
U15,North Atlantic,173665,2021-05-23 16:30,44735,1822,Penn Fusion ECNL GU15,PDA Blue ECNL GU15,1,2,Penn Fusion Kildare's Turf - Stadium,79,2357,Penn Fusion Soccer Academy,PDA Blue (North)
U15,North Atlantic,173669,2021-05-29 10:00,44735,20347,Penn Fusion ECNL GU15,Match Fit Academy ECNL GU15,0,0,Penn Fusion Kildare's Turf - Stadium,79,64,Penn Fusion Soccer Academy,Match Fit Surf
U15,North Atlantic,173624,2021-05-29 13:30,20344,12576,FC Bucks ECNL GU15,FC Delco ECNL GU15,1,0,Council Rock North High School - Turf Field,46,598,HEX FC,FC DELCO
U15,North Atlantic,173620,2021-05-29 14:00,20341,20346,Bethesda SC ECNL GU15,Maryland United ECNL GU15,1,0,Walter Johnson High School - Stadium,17,7,Bethesda SC,No Club Selection
U15,North Atlantic,173690,2021-05-30 10:30,20346,12576,Maryland United ECNL GU15,FC Delco ECNL GU15,0,1,Allen Pond Park - Murtaugh 1,7,598,No Club Selection,FC DELCO
U15,North Atlantic,173681,2021-05-30 13:00,20347,1822,Match Fit Academy ECNL GU15,PDA Blue ECNL GU15,0,3,Drew University - Field,64,2357,Match Fit Surf,PDA Blue (North)
U15,North Atlantic,173685,2021-06-05 10:00,1822,20341,PDA Blue ECNL GU15,Bethesda SC ECNL GU15,,,PDA Main Complex - Field 3,2357,17,PDA Blue (North),Bethesda SC
U15,North Atlantic,173639,2021-06-09 17:30,45829,20346,Pipeline SC ECNL GU15,Maryland United ECNL GU15,1,0,Mercy High School - Field 1,3405,7,Pipeline SC,No Club Selection
U15,North Atlantic,173619,2021-06-12 12:30,20341,45829,Bethesda SC ECNL GU15,Pipeline SC ECNL GU15,1,1,Walter Johnson High School - Stadium,17,3405,Bethesda SC,Pipeline SC
U15,North Atlantic,173631,2021-06-12 14:15,20346,1841,Maryland United ECNL GU15,PDA South ECNL GU15,1,0,Indian Creek - Field 1,7,2628,No Club Selection,PDA South
U15,North Atlantic,173635,2021-06-13 14:15,20346,20344,Maryland United ECNL GU15,FC Bucks ECNL GU15,0,0,Indian Creek - Field 1,7,46,No Club Selection,HEX FC
U15,Northern Cal,207563,2021-04-17 09:00,20426,45843,MVLA ECNL GU15,DeAnza Force ECNL GU15,10,1,Crittenden - Field 1,294,2510,MVLA,Force
U15,Northern Cal,207566,2021-04-17 10:00,35163,20432,Marin FC ECNL GU15,Santa Rosa United ECNL GU15,0,1,Trione Fields - Trioine East,1585,91,Marin FC,Santa Rosa United Soccer
U15,Northern Cal,207613,2021-04-17 11:00,13301,20429,Mustang SC ECNL GU15,Pleasanton Rage ECNL GU15,0,1,Provident Field @ MSC - Lower,69,80,Mustang Soccer,Pleasanton Rage
U15,Northern Cal,207604,2021-04-24 13:00,20429,45843,Pleasanton Rage ECNL GU15,DeAnza Force ECNL GU15,0,0,Val Vista - Field 3,80,2510,Pleasanton Rage,Force
U15,Northern Cal,207564,2021-04-24 14:00,20425,20430,Davis Legacy ECNL GU15,San Juan SC ECNL GU15,1,0,Davis Legacy Soccer Complex - Field 9,1425,88,Davis Legacy Soccer Club,San Juan Soccer Club
U15,Northern Cal,207585,2021-05-01 11:45,35163,13301,Marin FC ECNL GU15,Mustang SC ECNL GU15,1,2,Red Hill Community Park - Field 1,1585,69,Marin FC,Mustang Soccer
U15,Northern Cal,207581,2021-05-01 12:00,20432,20429,Santa Rosa United ECNL GU15,Pleasanton Rage ECNL GU15,0,0,Trione Fields - Trione East,91,80,Santa Rosa United Soccer,Pleasanton Rage
U15,Northern Cal,207579,2021-05-01 13:00,20430,20426,San Juan SC ECNL GU15,MVLA ECNL GU15,1,0,San Juan Soccer Complex - Tiemann Law Firm White Field,88,294,San Juan Soccer Club,MVLA
U15,Northern Cal,207616,2021-05-01 16:00,45843,20425,DeAnza Force ECNL GU15,Davis Legacy ECNL GU15,0,2,Morgan Hill Outdoor Sports Center - Field 1 (Football),2510,1425,Force,Davis Legacy Soccer Club
U15,Northern Cal,207571,2021-05-08 12:00,20432,13301,Santa Rosa United ECNL GU15,Mustang SC ECNL GU15,1,5,Trione Fields - Trione East,91,69,Santa Rosa United Soccer,Mustang Soccer
U15,Northern Cal,207569,2021-05-08 13:00,45843,20430,DeAnza Force ECNL GU15,San Juan SC ECNL GU15,1,3,Morgan Hill Outdoor Sports Center - Field 2 (Soccer),2510,88,Force,San Juan Soccer Club
U15,Northern Cal,207573,2021-05-08 13:00,20429,35163,Pleasanton Rage ECNL GU15,Marin FC ECNL GU15,1,0,Val Vista - Field 3,80,1585,Pleasanton Rage,Marin FC
U15,Northern Cal,207591,2021-05-08 13:00,20426,20425,MVLA ECNL GU15,Davis Legacy ECNL GU15,3,1,Crittenden - Field 1,294,1425,MVLA,Davis Legacy Soccer Club
U15,Northern Cal,207568,2021-05-15 12:15,35163,20425,Marin FC ECNL GU15,Davis Legacy ECNL GU15,2,1,College of Marin - Stadium,1585,1425,Marin FC,Davis Legacy Soccer Club
U15,Northern Cal,207567,2021-05-15 13:00,13301,45843,Mustang SC ECNL GU15,DeAnza Force ECNL GU15,3,0,Provident Field @ MSC - Lower,69,2510,Mustang Soccer,Force
U15,Northern Cal,207586,2021-05-15 13:00,20426,20432,MVLA ECNL GU15,Santa Rosa United ECNL GU15,3,1,Crittenden - Field 1,294,91,MVLA,Santa Rosa United Soccer
U15,Northern Cal,207617,2021-05-15 13:00,20430,20429,San Juan SC ECNL GU15,Pleasanton Rage ECNL GU15,0,1,San Juan Soccer Complex - Tiemann Law Firm White Field,88,80,San Juan Soccer Club,Pleasanton Rage
U15,Northern Cal,207574,2021-05-22 13:00,20430,20432,San Juan SC ECNL GU15,Santa Rosa United ECNL GU15,5,3,San Juan Soccer Complex - Tiemann Law Firm White Field,88,91,San Juan Soccer Club,Santa Rosa United Soccer
U15,Northern Cal,207582,2021-05-22 14:00,45843,35163,DeAnza Force ECNL GU15,Marin FC ECNL GU15,0,1,Morgan Hill Outdoor Sports Center - Field 2 (Soccer),2510,1585,Force,Marin FC
U15,Northern Cal,207609,2021-05-22 14:00,20425,13301,Davis Legacy ECNL GU15,Mustang SC ECNL GU15,2,2,Davis Legacy Soccer Complex - Field 9,1425,69,Davis Legacy Soccer Club,Mustang Soccer
U15,Northern Cal,207595,2021-05-22 17:00,20429,20426,Pleasanton Rage ECNL GU15,MVLA ECNL GU15,1,6,Val Vista - Field 3,80,294,Pleasanton Rage,MVLA
U15,Northern Cal,207587,2021-05-23 12:00,20432,20425,Santa Rosa United ECNL GU15,Davis Legacy ECNL GU15,0,5,Davis Legacy Soccer Complex - Field 10,91,1425,Santa Rosa United Soccer,Davis Legacy Soccer Club
U15,Northern Cal,207600,2021-05-23 13:00,13301,20430,Mustang SC ECNL GU15,San Juan SC ECNL GU15,1,3,Provident Field @ MSC - Lower,69,88,Mustang Soccer,San Juan Soccer Club
U15,Northern Cal,207602,2021-05-23 13:00,20426,35163,MVLA ECNL GU15,Marin FC ECNL GU15,2,1,Crittenden - Field 1,294,1585,MVLA,Marin FC
U15,Northern Cal,207603,2021-06-03 19:30,13301,20426,Mustang SC ECNL GU15,MVLA ECNL GU15,2,4,Provident Field @ MSC - Upper,69,294,Mustang Soccer,MVLA
U15,Northern Cal,207576,2021-06-05 12:00,20432,45843,Santa Rosa United ECNL GU15,DeAnza Force ECNL GU15,3,0,Trione Fields - Trione East,91,2510,Santa Rosa United Soccer,Force
U15,Northern Cal,207577,2021-06-12 09:00,20425,20429,Davis Legacy ECNL GU15,Pleasanton Rage ECNL GU15,4,2,Davis Legacy Soccer Complex - Field 10,1425,80,Davis Legacy Soccer Club,Pleasanton Rage
U15,Northern Cal,207590,2021-06-12 11:00,20430,35163,San Juan SC ECNL GU15,Marin FC ECNL GU15,4,0,San Juan Soccer Complex - Tiemann Law Firm White Field,88,1585,San Juan Soccer Club,Marin FC
U15,Northwest,208056,2020-11-07 09:30,18342,45861,Crossfire United ECNL GU15,Portland Thorns Academy ECNL GU15,5,2,Mountain View Champions Park - Field 3,737,3406,Oregon Surf SC,Portland Thorns FC
U15,Northwest,208093,2020-11-14 14:30,45861,20247,Portland Thorns Academy ECNL GU15,FC Portland ECNL GU15,7,0,Mt View Champions Park - Field 2,3406,603,Portland Thorns FC,FC Portland Academy
U15,Northwest,208046,2020-11-21 14:30,20247,45861,FC Portland ECNL GU15,Portland Thorns Academy ECNL GU15,0,4,Mountain View Champions Park - Field 2,603,3406,FC Portland Academy,Portland Thorns FC
U15,Northwest,208094,2020-12-05 09:00,18342,20247,Crossfire United ECNL GU15,FC Portland ECNL GU15,5,0,Mountain View Champions Park - Field 2,737,603,Oregon Surf SC,FC Portland Academy
U15,Northwest,208062,2020-12-06 14:00,20247,18342,FC Portland ECNL GU15,Crossfire United ECNL GU15,0,4,Liberty High School - Clive Charles Field,603,737,FC Portland Academy,Oregon Surf SC
U15,Northwest,208089,2020-12-13 11:30,45861,18342,Portland Thorns Academy ECNL GU15,Crossfire United ECNL GU15,1,3,Mt View Champions Park - Field 3,3406,737,Portland Thorns FC,Oregon Surf SC
U15,Northwest,208067,2021-02-06 11:00,18776,10513,Washington Premier ECNL GU15,Eastside FC ECNL GU15,1,0,WPFC Field Complex - Field 3,112,398,Washington Premier FC,Eastside FC (WA)
U15,Northwest,208103,2021-02-06 11:00,19484,19791,Pacific Northwest SC ECNL GU15,Seattle United ECNL GU15,4,0,Starfire Sports - Field 4,2331,1643,PacNW,Seattle United
U15,Northwest,208054,2021-02-20 11:00,19791,13932,Seattle United ECNL GU15,Crossfire Premier ECNL GU15,1,2,Shoreline A/B fields - Field A,1643,3476,Seattle United,Crossfire Premier
U15,Northwest,208063,2021-02-21 11:00,19484,10513,Pacific Northwest SC ECNL GU15,Eastside FC ECNL GU15,2,3,Starfire Sports - Field 3,2331,398,PacNW,Eastside FC (WA)
U15,Northwest,208087,2021-02-28 13:00,10513,19791,Eastside FC ECNL GU15,Seattle United ECNL GU15,2,0,PRESTON PARK ATHLETIC FIELDS - Field 2,398,1643,Eastside FC (WA),Seattle United
U15,Northwest,208082,2021-02-28 15:00,13932,19484,Crossfire Premier ECNL GU15,Pacific Northwest SC ECNL GU15,1,1,Marymoor Park - #3 (Turf),3476,2331,Crossfire Premier,PacNW
U15,Northwest,208061,2021-03-06 13:00,10513,18776,Eastside FC ECNL GU15,Washington Premier ECNL GU15,0,0,PRESTON PARK ATHLETIC FIELDS - Field 2,398,112,Eastside FC (WA),Washington Premier FC
U15,Northwest,208091,2021-03-07 11:00,19791,19484,Seattle United ECNL GU15,Pacific Northwest SC ECNL GU15,3,5,Shoreline A/B fields - Field A,1643,2331,Seattle United,PacNW
U15,Northwest,208043,2021-03-13 11:00,18776,19791,Washington Premier ECNL GU15,Seattle United ECNL GU15,1,1,WPFC Field Complex - Field 4,112,1643,Washington Premier FC,Seattle United
U15,Northwest,208086,2021-03-14 13:00,19484,13932,Pacific Northwest SC ECNL GU15,Crossfire Premier ECNL GU15,0,2,Starfire Sports - Field 3,2331,3476,PacNW,Crossfire Premier
U15,Northwest,208055,2021-03-21 11:00,10513,19484,Eastside FC ECNL GU15,Pacific Northwest SC ECNL GU15,0,1,PRESTON PARK ATHLETIC FIELDS - Field 2,398,2331,Eastside FC (WA),PacNW
U15,Northwest,208100,2021-03-21 15:00,13932,19791,Crossfire Premier ECNL GU15,Seattle United ECNL GU15,3,0,Marymoor Park - #3 (Turf),3476,1643,Crossfire Premier,Seattle United
U15,Northwest,208081,2021-03-27 16:30,19791,18776,Seattle United ECNL GU15,Washington Premier ECNL GU15,3,5,Ingraham High School - North,1643,112,Seattle United,Washington Premier FC
U15,Northwest,208102,2021-04-18 11:00,18776,13932,Washington Premier ECNL GU15,Crossfire Premier ECNL GU15,1,0,WPFC Field Complex - Field 4,112,3476,Washington Premier FC,Crossfire Premier
U15,Northwest,208065,2021-04-24 13:00,13932,45861,Crossfire Premier ECNL GU15,Portland Thorns Academy ECNL GU15,1,2,Marymoor Park - #3 (Turf),3476,3406,Crossfire Premier,Portland Thorns FC
U15,Northwest,208066,2021-04-24 14:00,19791,20416,Seattle United ECNL GU15,Boise Thorns FC ECNL GU15,4,2,Ingraham High School - North,1643,51,Seattle United,Boise Timbers | Thorns
U15,Northwest,208068,2021-04-25 11:00,19791,45861,Seattle United ECNL GU15,Portland Thorns Academy ECNL GU15,0,2,Jane Addams - North/South,1643,3406,Seattle United,Portland Thorns FC
U15,Northwest,208069,2021-04-25 11:00,13932,20416,Crossfire Premier ECNL GU15,Boise Thorns FC ECNL GU15,7,0,Marymoor Park - #1 (Turf),3476,51,Crossfire Premier,Boise Timbers | Thorns
U15,Northwest,208074,2021-04-25 11:00,18776,19484,Washington Premier ECNL GU15,Pacific Northwest SC ECNL GU15,4,1,WPFC Field Complex - Field 3,112,2331,Washington Premier FC,PacNW
U15,Northwest,208114,2021-05-01 09:00,20247,20416,FC Portland ECNL GU15,Boise Thorns FC ECNL GU15,2,0,Liberty High School - Stadium Field,603,51,FC Portland Academy,Boise Timbers | Thorns
U15,Northwest,233513,2021-05-01 11:30,18342,45861,Crossfire United ECNL GU15,Portland Thorns Academy ECNL GU15,0,0,Mountain View Champions Park - Field 3,737,3406,Oregon Surf SC,Portland Thorns FC
U15,Northwest,208090,2021-05-01 14:00,10513,13932,Eastside FC ECNL GU15,Crossfire Premier ECNL GU15,0,3,PRESTON PARK ATHLETIC FIELDS - Field 1,398,3476,Eastside FC (WA),Crossfire Premier
U15,Northwest,208112,2021-05-02 11:30,18342,20416,Crossfire United ECNL GU15,Boise Thorns FC ECNL GU15,6,0,Sherwood High School - Upper,737,51,Oregon Surf SC,Boise Timbers | Thorns
U15,Northwest,233520,2021-05-02 14:30,45861,20247,Portland Thorns Academy ECNL GU15,FC Portland ECNL GU15,5,1,Mt View Champions Park - Field 2,3406,603,Portland Thorns FC,FC Portland Academy
U15,Northwest,208076,2021-05-08 13:00,13932,18342,Crossfire Premier ECNL GU15,Crossfire United ECNL GU15,0,0,Marymoor Park - #4 (Turf),3476,737,Crossfire Premier,Oregon Surf SC
U15,Northwest,208051,2021-05-08 14:00,10513,45861,Eastside FC ECNL GU15,Portland Thorns Academy ECNL GU15,0,2,PRESTON PARK ATHLETIC FIELDS - Field 2,398,3406,Eastside FC (WA),Portland Thorns FC
U15,Northwest,208077,2021-05-08 14:45,19791,20247,Seattle United ECNL GU15,FC Portland ECNL GU15,2,0,Shoreline A/B fields - Field A,1643,603,Seattle United,FC Portland Academy
U15,Northwest,232618,2021-05-08 15:00,19484,18776,Pacific Northwest SC ECNL GU15,Washington Premier ECNL GU15,0,2,Starfire Sports - Field 4,2331,112,PacNW,Washington Premier FC
U15,Northwest,208079,2021-05-09 11:00,13932,20247,Crossfire Premier ECNL GU15,FC Portland ECNL GU15,3,0,Marymoor Park - #2 (Turf),3476,603,Crossfire Premier,FC Portland Academy
U15,Northwest,208078,2021-05-09 11:30,19791,18342,Seattle United ECNL GU15,Crossfire United ECNL GU15,3,4,Nathan Hale High School - Stadium,1643,737,Seattle United,Oregon Surf SC
U15,Northwest,208044,2021-05-09 17:00,20416,10513,Boise Thorns FC ECNL GU15,Eastside FC ECNL GU15,2,3,Boise Timbers|Thorns - Soccer Complex - Field 2,51,398,Boise Timbers | Thorns,Eastside FC (WA)
U15,Northwest,208105,2021-05-15 09:00,20247,18776,FC Portland ECNL GU15,Washington Premier ECNL GU15,2,3,Hillsboro High School (Hillhi) Stadium Turf Field - Field 1,603,112,FC Portland Academy,Washington Premier FC
U15,Northwest,208107,2021-05-15 13:00,20416,45861,Boise Thorns FC ECNL GU15,Portland Thorns Academy ECNL GU15,0,1,Boise Timbers|Thorns - Soccer Complex - Field 2,51,3406,Boise Timbers | Thorns,Portland Thorns FC
U15,Northwest,208106,2021-05-15 14:30,18342,19484,Crossfire United ECNL GU15,Pacific Northwest SC ECNL GU15,3,0,PCC Rock Creek - Field 1,737,2331,Oregon Surf SC,PacNW
U15,Northwest,208109,2021-05-16 11:30,20247,19484,FC Portland ECNL GU15,Pacific Northwest SC ECNL GU15,0,1,Liberty High School - Stadium Field,603,2331,FC Portland Academy,PacNW
U15,Northwest,208104,2021-05-16 13:30,19791,10513,Seattle United ECNL GU15,Eastside FC ECNL GU15,0,3,Twin Ponds - Field 1,1643,398,Seattle United,Eastside FC (WA)
U15,Northwest,208108,2021-05-16 14:30,18342,18776,Crossfire United ECNL GU15,Washington Premier ECNL GU15,2,2,PCC Rock Creek - Field 1,737,112,Oregon Surf SC,Washington Premier FC
U15,Northwest,208080,2021-05-22 12:00,13932,18776,Crossfire Premier ECNL GU15,Washington Premier ECNL GU15,0,1,Grass Lawn Park - Field 2,3476,112,Crossfire Premier,Washington Premier FC
U15,Northwest,208113,2021-05-22 14:00,18342,10513,Crossfire United ECNL GU15,Eastside FC ECNL GU15,0,1,PCC Rock Creek - Field 2,737,398,Oregon Surf SC,Eastside FC (WA)
U15,Northwest,208111,2021-05-23 14:00,20247,10513,FC Portland ECNL GU15,Eastside FC ECNL GU15,1,0,Liberty High School - Clive Charles Field,603,398,FC Portland Academy,Eastside FC (WA)
U15,Northwest,233526,2021-05-25 19:30,20247,18342,FC Portland ECNL GU15,Crossfire United ECNL GU15,0,4,Liberty High School - Stadium Field,603,737,FC Portland Academy,Oregon Surf SC
U15,Northwest,208084,2021-05-27 17:00,13932,10513,Crossfire Premier ECNL GU15,Eastside FC ECNL GU15,2,5,Marymoor Park - #3 (Turf),3476,398,Crossfire Premier,Eastside FC (WA)
U15,Northwest,208095,2021-06-05,20416,18776,Boise Thorns FC ECNL GU15,Washington Premier ECNL GU15,0,7,,51,112,Boise Timbers | Thorns,Washington Premier FC
U15,Northwest,208096,2021-06-05 11:00,45861,19484,Portland Thorns Academy ECNL GU15,Pacific Northwest SC ECNL GU15,2,0,Tualatin Hills Recreation Center (THPRD) - Field 2,3406,2331,Portland Thorns FC,PacNW
U15,Northwest,208098,2021-06-06 09:00,20416,19484,Boise Thorns FC ECNL GU15,Pacific Northwest SC ECNL GU15,1,2,Buckman Sports Complex (Soccer) - Field 1,51,2331,Boise Timbers | Thorns,PacNW
U15,Northwest,208097,2021-06-06 11:15,45861,18776,Portland Thorns Academy ECNL GU15,Washington Premier ECNL GU15,0,0,Tualatin Hills Recreation Center (THPRD) - Field 1,3406,112,Portland Thorns FC,Washington Premier FC
U15,Ohio Valley,172609,2020-11-21 09:00,20365,20371,Ohio Elite Soccer Academy ECNL GU15,Tennessee Soccer Club ECNL GU15,0,2,Seven Hills School - Lower Field,75,1354,Ohio Elite Soccer Academy,Tennessee SC
U15,Ohio Valley,172610,2020-11-21 10:00,45895,20358,Racing Louisville Academy ECNL GU15,FC Alliance ECNL GU15,1,1,Lynn Family Sports Vision & Training Facility - Field 1,3408,1693,Racing Louisville Academy,FC Alliance TN
U15,Ohio Valley,172611,2020-11-21 10:00,20367,20363,Ohio Premier ECNL GU15,Internationals SC ECNL GU15,2,4,OP Training Facility - Field 1,437,58,Ohio Premier,Internationals SC
U15,Ohio Valley,172614,2020-11-22 09:00,20365,20358,Ohio Elite Soccer Academy ECNL GU15,FC Alliance ECNL GU15,0,0,Seven Hills School - Lower Field,75,1693,Ohio Elite Soccer Academy,FC Alliance TN
U15,Ohio Valley,172615,2020-11-22 09:00,45895,20371,Racing Louisville Academy ECNL GU15,Tennessee Soccer Club ECNL GU15,3,3,Lynn Family Sports Vision & Training Facility - Field 1,3408,1354,Racing Louisville Academy,Tennessee SC
U15,Ohio Valley,172621,2020-12-12 10:00,19737,20361,FC Pride Elite ECNL GU15,Indiana Fire ECNL GU15,0,1,Pride Performance Center (Turf) - Field 1,7,436,No Club Selection,Indy Eleven Academy
U15,Ohio Valley,172620,2020-12-12 11:00,45895,20365,Racing Louisville Academy ECNL GU15,Ohio Elite Soccer Academy ECNL GU15,2,0,Lynn Family Sports Vision & Training Facility - Field 1,3408,75,Racing Louisville Academy,Ohio Elite Soccer Academy
U15,Ohio Valley,172625,2020-12-12 14:00,20358,20371,FC Alliance ECNL GU15,Tennessee Soccer Club ECNL GU15,2,1,Mayor Bob Leonard Park - Field 2,1693,1354,FC Alliance TN,Tennessee SC
U15,Ohio Valley,172627,2020-12-19 10:00,19737,20365,FC Pride Elite ECNL GU15,Ohio Elite Soccer Academy ECNL GU15,2,1,Pride Performance Center (Turf) - Field 1,7,75,No Club Selection,Ohio Elite Soccer Academy
U15,Ohio Valley,172626,2020-12-19 11:00,20361,45895,Indiana Fire ECNL GU15,Racing Louisville Academy ECNL GU15,1,0,Grand Park - Field 3,436,3408,Indy Eleven Academy,Racing Louisville Academy
U15,Ohio Valley,172630,2020-12-20 10:00,20361,20365,Indiana Fire ECNL GU15,Ohio Elite Soccer Academy ECNL GU15,1,2,Grand Park - Field 3,436,75,Indy Eleven Academy,Ohio Elite Soccer Academy
U15,Ohio Valley,172631,2020-12-20 10:00,19737,45895,FC Pride Elite ECNL GU15,Racing Louisville Academy ECNL GU15,1,2,Pride Performance Center (Turf) - Field 1,7,3408,No Club Selection,Racing Louisville Academy
U15,Ohio Valley,172634,2021-02-27 09:00,20371,20361,Tennessee Soccer Club ECNL GU15,Indiana Fire ECNL GU15,2,1,Richard Siegel Soccer Complex - Field 1,1354,436,Tennessee SC,Indy Eleven Academy
U15,Ohio Valley,172635,2021-02-27 09:00,20358,19737,FC Alliance ECNL GU15,FC Pride Elite ECNL GU15,0,0,Hardin Valley Academy Stadium - Field 1,1693,7,FC Alliance TN,No Club Selection
U15,Ohio Valley,172636,2021-02-28 08:45,20371,19737,Tennessee Soccer Club ECNL GU15,FC Pride Elite ECNL GU15,0,0,Richard Siegel Soccer Complex - Field 1,1354,7,Tennessee SC,No Club Selection
U15,Ohio Valley,172637,2021-02-28 13:00,20358,20361,FC Alliance ECNL GU15,Indiana Fire ECNL GU15,0,0,Powell High School Stadium - Field 1,1693,436,FC Alliance TN,Indy Eleven Academy
U15,Ohio Valley,172641,2021-03-06 09:00,20365,20361,Ohio Elite Soccer Academy ECNL GU15,Indiana Fire ECNL GU15,0,0,Seven Hills School - Lower Field,75,436,Ohio Elite Soccer Academy,Indy Eleven Academy
U15,Ohio Valley,172642,2021-03-06 10:00,20363,20367,Internationals SC ECNL GU15,Ohio Premier ECNL GU15,3,3,Pinnacle Sports - Field 1,58,437,Internationals SC,Ohio Premier
U15,Ohio Valley,172640,2021-03-06 11:00,45895,19737,Racing Louisville Academy ECNL GU15,FC Pride Elite ECNL GU15,0,2,Lynn Family Sports Vision & Training Facility - Field 1,3408,7,Racing Louisville Academy,No Club Selection
U15,Ohio Valley,172638,2021-03-06 12:30,20371,20373,Tennessee Soccer Club ECNL GU15,WNY Flash Academy ECNL GU15,2,4,Richard Siegel Soccer Complex - Field 1,1354,343,Tennessee SC,WNY Flash Academy
U15,Ohio Valley,172639,2021-03-06 13:00,20358,20369,FC Alliance ECNL GU15,Pittsburgh Riverhounds ECNL GU15,6,0,Mayor Bob Leonard Park - Field 2,1693,538,FC Alliance TN,Pittsburgh Riverhounds
U15,Ohio Valley,172643,2021-03-07 09:00,20371,20369,Tennessee Soccer Club ECNL GU15,Pittsburgh Riverhounds ECNL GU15,1,0,Williamson County Sports Complex - Field 23,1354,538,Tennessee SC,Pittsburgh Riverhounds
U15,Ohio Valley,172646,2021-03-07 09:00,20365,19737,Ohio Elite Soccer Academy ECNL GU15,FC Pride Elite ECNL GU15,1,2,Seven Hills School - Seven Hills Lower #1,75,7,Ohio Elite Soccer Academy,No Club Selection
U15,Ohio Valley,172645,2021-03-07 11:00,45895,20361,Racing Louisville Academy ECNL GU15,Indiana Fire ECNL GU15,0,1,Lynn Family Sports Vision & Training Facility - Field 1,3408,436,Racing Louisville Academy,Indy Eleven Academy
U15,Ohio Valley,172644,2021-03-07 13:00,20358,20373,FC Alliance ECNL GU15,WNY Flash Academy ECNL GU15,0,3,Mayor Bob Leonard Park - Field 2,1693,343,FC Alliance TN,WNY Flash Academy
U15,Ohio Valley,172653,2021-03-13 10:00,20365,45895,Ohio Elite Soccer Academy ECNL GU15,Racing Louisville Academy ECNL GU15,2,1,Seven Hills School - Lower Field,75,3408,Ohio Elite Soccer Academy,Racing Louisville Academy
U15,Ohio Valley,172652,2021-03-13 11:00,19737,20373,FC Pride Elite ECNL GU15,WNY Flash Academy ECNL GU15,3,1,Pride Performance Center (Turf) - Field 1,7,343,No Club Selection,WNY Flash Academy
U15,Ohio Valley,172651,2021-03-13 11:30,20361,20369,Indiana Fire ECNL GU15,Pittsburgh Riverhounds ECNL GU15,1,0,Grand Park - Field 8,436,538,Indy Eleven Academy,Pittsburgh Riverhounds
U15,Ohio Valley,172654,2021-03-14 09:30,20361,20373,Indiana Fire ECNL GU15,WNY Flash Academy ECNL GU15,1,3,Grand Park - Field 8,436,343,Indy Eleven Academy,WNY Flash Academy
U15,Ohio Valley,172655,2021-03-14 12:30,19737,20369,FC Pride Elite ECNL GU15,Pittsburgh Riverhounds ECNL GU15,0,1,Pride Performance Center (Turf) - Field 1,7,538,No Club Selection,Pittsburgh Riverhounds
U15,Ohio Valley,172647,2021-03-20 09:00,45895,20363,Racing Louisville Academy ECNL GU15,Internationals SC ECNL GU15,0,7,Lynn Family Sports Vision & Training Facility - Field 1,3408,58,Racing Louisville Academy,Internationals SC
U15,Ohio Valley,172648,2021-03-20 09:00,20365,20367,Ohio Elite Soccer Academy ECNL GU15,Ohio Premier ECNL GU15,0,3,Seven Hills School - Lower Field,75,437,Ohio Elite Soccer Academy,Ohio Premier
U15,Ohio Valley,172649,2021-03-21 09:00,45895,20367,Racing Louisville Academy ECNL GU15,Ohio Premier ECNL GU15,1,2,Lynn Family Sports Vision & Training Facility - Field 1,3408,437,Racing Louisville Academy,Ohio Premier
U15,Ohio Valley,172650,2021-03-21 09:00,20365,20363,Ohio Elite Soccer Academy ECNL GU15,Internationals SC ECNL GU15,2,4,Seven Hills School - Lower Field,75,58,Ohio Elite Soccer Academy,Internationals SC
U15,Ohio Valley,172612,2021-03-27 09:00,20373,19737,WNY Flash Academy ECNL GU15,FC Pride Elite ECNL GU15,5,1,Flash Fields - Field A,343,7,WNY Flash Academy,No Club Selection
U15,Ohio Valley,172623,2021-03-27 09:00,20358,20367,FC Alliance ECNL GU15,Ohio Premier ECNL GU15,0,1,Powell High School Stadium - Field 1,1693,437,FC Alliance TN,Ohio Premier
U15,Ohio Valley,172613,2021-03-27 12:00,20369,20361,Pittsburgh Riverhounds ECNL GU15,Indiana Fire ECNL GU15,2,6,Montour Junction Sports Complex - Field 1,538,436,Pittsburgh Riverhounds,Indy Eleven Academy
U15,Ohio Valley,172617,2021-03-28 08:30,20369,19737,Pittsburgh Riverhounds ECNL GU15,FC Pride Elite ECNL GU15,1,2,Highmark Stadium - Field 1,538,7,Pittsburgh Riverhounds,No Club Selection
U15,Ohio Valley,172619,2021-03-28 08:30,20371,20367,Tennessee Soccer Club ECNL GU15,Ohio Premier ECNL GU15,0,4,Richard Siegel Soccer Complex - Field 2,1354,437,Tennessee SC,Ohio Premier
U15,Ohio Valley,172616,2021-03-28 09:00,20373,20361,WNY Flash Academy ECNL GU15,Indiana Fire ECNL GU15,2,0,Flash Fields - Field A,343,436,WNY Flash Academy,Indy Eleven Academy
U15,Ohio Valley,172618,2021-03-28 09:00,20358,20363,FC Alliance ECNL GU15,Internationals SC ECNL GU15,1,1,Hardin Valley Academy Stadium - Field 1,1693,58,FC Alliance TN,Internationals SC
U15,Ohio Valley,172677,2021-04-02 09:00,20373,20369,WNY Flash Academy ECNL GU15,Pittsburgh Riverhounds ECNL GU15,1,1,Flash Fields - Field A,343,538,WNY Flash Academy,Pittsburgh Riverhounds
U15,Ohio Valley,172622,2021-04-03 09:00,20369,20373,Pittsburgh Riverhounds ECNL GU15,WNY Flash Academy ECNL GU15,1,1,Highmark Stadium - Field 1,538,343,Pittsburgh Riverhounds,WNY Flash Academy
U15,Ohio Valley,172624,2021-04-10 12:00,20371,20363,Tennessee Soccer Club ECNL GU15,Internationals SC ECNL GU15,1,3,Riverside Park - Field 1,1354,58,Tennessee SC,Internationals SC
U15,Ohio Valley,172659,2021-04-17 08:45,20373,45895,WNY Flash Academy ECNL GU15,Racing Louisville Academy ECNL GU15,1,1,Flash Fields - Field A,343,3408,WNY Flash Academy,Racing Louisville Academy
U15,Ohio Valley,172656,2021-04-17 09:00,20367,20371,Ohio Premier ECNL GU15,Tennessee Soccer Club ECNL GU15,1,1,OP Training Facility - Field 1,437,1354,Ohio Premier,Tennessee SC
U15,Ohio Valley,172657,2021-04-17 09:00,20363,20358,Internationals SC ECNL GU15,FC Alliance ECNL GU15,2,0,Pinnacle Sports - Field 1,58,1693,Internationals SC,FC Alliance TN
U15,Ohio Valley,172660,2021-04-17 12:00,20361,19737,Indiana Fire ECNL GU15,FC Pride Elite ECNL GU15,2,2,Grand Park - Field 10,436,7,Indy Eleven Academy,No Club Selection
U15,Ohio Valley,172658,2021-04-17 13:00,20369,20365,Pittsburgh Riverhounds ECNL GU15,Ohio Elite Soccer Academy ECNL GU15,0,2,Montour Junction Sports Complex - Field 1,538,75,Pittsburgh Riverhounds,Ohio Elite Soccer Academy
U15,Ohio Valley,172662,2021-04-18 08:00,20363,20371,Internationals SC ECNL GU15,Tennessee Soccer Club ECNL GU15,0,1,Pinnacle Sports - Field 1,58,1354,Internationals SC,Tennessee SC
U15,Ohio Valley,172664,2021-04-18 08:45,20373,20365,WNY Flash Academy ECNL GU15,Ohio Elite Soccer Academy ECNL GU15,5,0,Flash Fields - Field A,343,75,WNY Flash Academy,Ohio Elite Soccer Academy
U15,Ohio Valley,172661,2021-04-18 09:00,20367,20358,Ohio Premier ECNL GU15,FC Alliance ECNL GU15,1,0,OP Training Facility - Field 1,437,1693,Ohio Premier,FC Alliance TN
U15,Ohio Valley,172663,2021-04-18 12:30,20369,45895,Pittsburgh Riverhounds ECNL GU15,Racing Louisville Academy ECNL GU15,0,0,Highmark Stadium - Field 1,538,3408,Pittsburgh Riverhounds,Racing Louisville Academy
U15,Ohio Valley,172668,2021-04-24 09:00,20373,20367,WNY Flash Academy ECNL GU15,Ohio Premier ECNL GU15,2,0,Flash Fields - Field A,343,437,WNY Flash Academy,Ohio Premier
U15,Ohio Valley,172665,2021-04-24 10:00,20361,20358,Indiana Fire ECNL GU15,FC Alliance ECNL GU15,0,0,Grand Park - Field 4,436,1693,Indy Eleven Academy,FC Alliance TN
U15,Ohio Valley,172667,2021-04-24 12:45,20369,20363,Pittsburgh Riverhounds ECNL GU15,Internationals SC ECNL GU15,1,10,Montour Junction Sports Complex - Field 1,538,58,Pittsburgh Riverhounds,Internationals SC
U15,Ohio Valley,172666,2021-04-24 14:15,19737,20371,FC Pride Elite ECNL GU15,Tennessee Soccer Club ECNL GU15,1,0,Pride Performance Center (Turf) - Field 1,7,1354,No Club Selection,Tennessee SC
U15,Ohio Valley,172671,2021-04-25 08:30,20369,20367,Pittsburgh Riverhounds ECNL GU15,Ohio Premier ECNL GU15,0,3,Highmark Stadium - Field 1,538,437,Pittsburgh Riverhounds,Ohio Premier
U15,Ohio Valley,172670,2021-04-25 09:00,19737,20358,FC Pride Elite ECNL GU15,FC Alliance ECNL GU15,1,1,Pride Performance Center (Turf) - Field 1,7,1693,No Club Selection,FC Alliance TN
U15,Ohio Valley,172672,2021-04-25 09:00,20373,20363,WNY Flash Academy ECNL GU15,Internationals SC ECNL GU15,1,4,Flash Fields - Field A,343,58,WNY Flash Academy,Internationals SC
U15,Ohio Valley,172669,2021-04-25 10:00,20361,20371,Indiana Fire ECNL GU15,Tennessee Soccer Club ECNL GU15,0,0,Grand Park - Field 4,436,1354,Indy Eleven Academy,Tennessee SC
U15,Ohio Valley,172673,2021-05-01 09:00,20371,20365,Tennessee Soccer Club ECNL GU15,Ohio Elite Soccer Academy ECNL GU15,2,1,Richard Siegel Soccer Complex - Field 1,1354,75,Tennessee SC,Ohio Elite Soccer Academy
U15,Ohio Valley,172674,2021-05-01 09:00,20358,45895,FC Alliance ECNL GU15,Racing Louisville Academy ECNL GU15,0,1,Mayor Bob Leonard Park - Field 2,1693,3408,FC Alliance TN,Racing Louisville Academy
U15,Ohio Valley,172676,2021-05-01 09:00,19737,20367,FC Pride Elite ECNL GU15,Ohio Premier ECNL GU15,0,2,Pride Performance Center (Turf) - Field 1,7,437,No Club Selection,Ohio Premier
U15,Ohio Valley,172675,2021-05-01 11:00,20361,20363,Indiana Fire ECNL GU15,Internationals SC ECNL GU15,1,4,Grand Park - Field 10,436,58,Indy Eleven Academy,Internationals SC
U15,Ohio Valley,172678,2021-05-02 09:00,20371,45895,Tennessee Soccer Club ECNL GU15,Racing Louisville Academy ECNL GU15,0,0,Williamson County Sports Complex - Field 22,1354,3408,Tennessee SC,Racing Louisville Academy
U15,Ohio Valley,172679,2021-05-02 09:00,20358,20365,FC Alliance ECNL GU15,Ohio Elite Soccer Academy ECNL GU15,2,0,Mayor Bob Leonard Park - Field 1,1693,75,FC Alliance TN,Ohio Elite Soccer Academy
U15,Ohio Valley,172681,2021-05-02 09:00,19737,20363,FC Pride Elite ECNL GU15,Internationals SC ECNL GU15,0,1,Pride Performance Center (Turf) - Field 1,7,58,No Club Selection,Internationals SC
U15,Ohio Valley,172680,2021-05-02 10:00,20361,20367,Indiana Fire ECNL GU15,Ohio Premier ECNL GU15,0,3,Grand Park - Field 10,436,437,Indy Eleven Academy,Ohio Premier
U15,Ohio Valley,172682,2021-05-15 08:00,20373,20358,WNY Flash Academy ECNL GU15,FC Alliance ECNL GU15,4,0,Flash Fields - Field A,343,1693,WNY Flash Academy,FC Alliance TN
U15,Ohio Valley,172683,2021-05-15 08:00,20369,20371,Pittsburgh Riverhounds ECNL GU15,Tennessee Soccer Club ECNL GU15,0,7,Highmark Stadium - Field 1,538,1354,Pittsburgh Riverhounds,Tennessee SC
U15,Ohio Valley,172684,2021-05-15 14:45,20363,45895,Internationals SC ECNL GU15,Racing Louisville Academy ECNL GU15,4,0,Pinnacle Sports - Field 1,58,3408,Internationals SC,Racing Louisville Academy
U15,Ohio Valley,172685,2021-05-15 15:00,20367,20365,Ohio Premier ECNL GU15,Ohio Elite Soccer Academy ECNL GU15,2,1,OP Training Facility - Field 1,437,75,Ohio Premier,Ohio Elite Soccer Academy
U15,Ohio Valley,172686,2021-05-16 08:00,20373,20371,WNY Flash Academy ECNL GU15,Tennessee Soccer Club ECNL GU15,0,2,Flash Fields - Field A,343,1354,WNY Flash Academy,Tennessee SC
U15,Ohio Valley,172687,2021-05-16 08:00,20369,20358,Pittsburgh Riverhounds ECNL GU15,FC Alliance ECNL GU15,1,1,Highmark Stadium - Field 1,538,1693,Pittsburgh Riverhounds,FC Alliance TN
U15,Ohio Valley,172689,2021-05-16 09:00,20367,45895,Ohio Premier ECNL GU15,Racing Louisville Academy ECNL GU15,6,0,OP Training Facility - Field 1,437,3408,Ohio Premier,Racing Louisville Academy
U15,Ohio Valley,172688,2021-05-16 11:00,20363,20365,Internationals SC ECNL GU15,Ohio Elite Soccer Academy ECNL GU15,4,1,Pinnacle Sports - Field 1,58,75,Internationals SC,Ohio Elite Soccer Academy
U15,Ohio Valley,172691,2021-05-22 09:00,20365,20369,Ohio Elite Soccer Academy ECNL GU15,Pittsburgh Riverhounds ECNL GU15,4,0,Ohio Elite Training Center - Field 9,75,538,Ohio Elite Soccer Academy,Pittsburgh Riverhounds
U15,Ohio Valley,172692,2021-05-22 09:00,45895,20373,Racing Louisville Academy ECNL GU15,WNY Flash Academy ECNL GU15,0,3,Lynn Family Sports Vision & Training Facility - Field 3,3408,343,Racing Louisville Academy,WNY Flash Academy
U15,Ohio Valley,172694,2021-05-22 15:00,20367,19737,Ohio Premier ECNL GU15,FC Pride Elite ECNL GU15,1,0,OP Training Facility - Field 1,437,7,Ohio Premier,No Club Selection
U15,Ohio Valley,172693,2021-05-22 16:30,20363,20361,Internationals SC ECNL GU15,Indiana Fire ECNL GU15,4,0,Pinnacle Sports - Field 1,58,436,Internationals SC,Indy Eleven Academy
U15,Ohio Valley,172690,2021-05-23 09:00,20371,20358,Tennessee Soccer Club ECNL GU15,FC Alliance ECNL GU15,0,1,Williamson County Sports Complex - Field 22,1354,1693,Tennessee SC,FC Alliance TN
U15,Ohio Valley,172695,2021-05-23 09:00,20365,20373,Ohio Elite Soccer Academy ECNL GU15,WNY Flash Academy ECNL GU15,2,1,Ohio Elite Training Center - Field 9,75,343,Ohio Elite Soccer Academy,WNY Flash Academy
U15,Ohio Valley,172696,2021-05-23 09:00,45895,20369,Racing Louisville Academy ECNL GU15,Pittsburgh Riverhounds ECNL GU15,2,0,Lynn Family Sports Vision & Training Facility - Field 3,3408,538,Racing Louisville Academy,Pittsburgh Riverhounds
U15,Ohio Valley,172698,2021-05-23 09:00,20367,20361,Ohio Premier ECNL GU15,Indiana Fire ECNL GU15,0,2,OP Training Facility - Field 1,437,436,Ohio Premier,Indy Eleven Academy
U15,Ohio Valley,172697,2021-05-23 11:00,20363,19737,Internationals SC ECNL GU15,FC Pride Elite ECNL GU15,7,1,Pinnacle Sports - Field 1,58,7,Internationals SC,No Club Selection
U15,Ohio Valley,172628,2021-06-05 10:00,20367,20373,Ohio Premier ECNL GU15,WNY Flash Academy ECNL GU15,1,0,OP Training Facility - Field 1,437,343,Ohio Premier,WNY Flash Academy
U15,Ohio Valley,172632,2021-06-06 15:00,20367,20369,Ohio Premier ECNL GU15,Pittsburgh Riverhounds ECNL GU15,5,0,OP Training Facility - Field 1,437,538,Ohio Premier,Pittsburgh Riverhounds
U15,Ohio Valley,172629,2021-06-12 11:00,20363,20369,Internationals SC ECNL GU15,Pittsburgh Riverhounds ECNL GU15,8,1,Pinnacle Sports - Field 1,58,538,Internationals SC,Pittsburgh Riverhounds
U15,Ohio Valley,172633,2021-06-13 10:45,20363,20373,Internationals SC ECNL GU15,WNY Flash Academy ECNL GU15,2,2,Pinnacle Sports - Field 1,58,343,Internationals SC,WNY Flash Academy
U15,Southeast,168767,2020-08-22 11:00,19885,20325,Concorde Fire Platinum ECNL GU15,Concorde Fire Premier ECNL GU15,1,0,Georgia Soccer Park - Field 1,30,30,Concorde Fire,Concorde Fire
U15,Southeast,168768,2020-08-22 12:00,20326,20321,GSA ECNL GU15,Alabama FC ECNL GU15,2,1,GSA South - Schrader,56,18,Gwinnett Soccer Academy,Alabama FC
U15,Southeast,168771,2020-08-23 12:00,19885,20321,Concorde Fire Platinum ECNL GU15,Alabama FC ECNL GU15,2,0,Georgia Soccer Park - Field 2,30,18,Concorde Fire,Alabama FC
U15,Southeast,168772,2020-08-23 12:00,20326,20325,GSA ECNL GU15,Concorde Fire Premier ECNL GU15,5,0,GSA South - Schrader,56,30,Gwinnett Soccer Academy,Concorde Fire
U15,Southeast,173980,2020-08-30 11:00,45836,20323,United Futbol Academy ECNL GU15,Atlanta Fire United ECNL GU15,3,1,Fowler Park - Field 7,3407,14,United Futbol Academy,Atlanta Fire United
U15,Southeast,168774,2020-09-12 11:00,20325,20326,Concorde Fire Premier ECNL GU15,GSA ECNL GU15,0,2,Georgia Soccer Park - Field 3,30,56,Concorde Fire,Gwinnett Soccer Academy
U15,Southeast,168773,2020-09-12 14:00,20321,19885,Alabama FC ECNL GU15,Concorde Fire Platinum ECNL GU15,1,5,Dunnavant Valley Fields (DVF) - Field # 2,18,30,Alabama FC,Concorde Fire
U15,Southeast,168776,2020-09-13 12:00,20321,20326,Alabama FC ECNL GU15,GSA ECNL GU15,0,3,Dunnavant Valley Fields (DVF) - Field #1,18,56,Alabama FC,Gwinnett Soccer Academy
U15,Southeast,168775,2020-09-13 13:00,20325,19885,Concorde Fire Premier ECNL GU15,Concorde Fire Platinum ECNL GU15,0,3,Georgia Soccer Park - Field 3,30,30,Concorde Fire,Concorde Fire
U15,Southeast,168781,2020-09-19 09:00,20326,20328,GSA ECNL GU15,Sunrise Prime FC ECNL GU15,1,2,Silverbacks Park - Coca-Cola Field,56,2329,Gwinnett Soccer Academy,Athletic Club Florida
U15,Southeast,168777,2020-09-19 12:00,20333,45836,Florida Elite SA ECNL GU15,United Futbol Academy ECNL GU15,2,0,Veterans Park - Field 2,1353,3407,Sporting SA,United Futbol Academy
U15,Southeast,168778,2020-09-19 12:30,20322,20323,Jacksonville FC ECNL GU15,Atlanta Fire United ECNL GU15,1,1,Patton Park - Field 2,7,14,No Club Selection,Atlanta Fire United
U15,Southeast,168783,2020-09-20 12:00,20333,20323,Florida Elite SA ECNL GU15,Atlanta Fire United ECNL GU15,1,0,Veterans Park - Field 2,1353,14,Sporting SA,Atlanta Fire United
U15,Southeast,168782,2020-09-20 13:00,20322,45836,Jacksonville FC ECNL GU15,United Futbol Academy ECNL GU15,2,0,Patton Park - Field 2,7,3407,No Club Selection,United Futbol Academy
U15,Southeast,168785,2020-09-20 13:00,19885,20328,Concorde Fire Platinum ECNL GU15,Sunrise Prime FC ECNL GU15,4,1,Georgia Soccer Park - Field 3,30,2329,Concorde Fire,Athletic Club Florida
U15,Southeast,168789,2020-09-26 11:00,45836,20338,United Futbol Academy ECNL GU15,Orlando City ECNL GU15,2,0,Fowler Park - Field 7,3407,77,United Futbol Academy,Seminole United
U15,Southeast,168787,2020-09-26 12:00,20325,20322,Concorde Fire Premier ECNL GU15,Jacksonville FC ECNL GU15,1,1,Georgia Soccer Park - Field 4,30,7,Concorde Fire,No Club Selection
U15,Southeast,168786,2020-09-26 13:00,20321,20333,Alabama FC ECNL GU15,Florida Elite SA ECNL GU15,2,0,Dunnavant Valley Fields (DVF) - Field #1,18,1353,Alabama FC,Sporting SA
U15,Southeast,168788,2020-09-26 13:00,20323,20335,Atlanta Fire United ECNL GU15,Florida Krush ECNL GU15,0,2,Pinecrest Academy - Turf,14,7,Atlanta Fire United,No Club Selection
U15,Southeast,168790,2020-09-27 11:00,20321,20322,Alabama FC ECNL GU15,Jacksonville FC ECNL GU15,2,0,Dunnavant Valley Fields (DVF) - Field #1,18,7,Alabama FC,No Club Selection
U15,Southeast,168792,2020-09-27 11:00,45836,20335,United Futbol Academy ECNL GU15,Florida Krush ECNL GU15,1,3,Fowler Park - Field 7,3407,7,United Futbol Academy,No Club Selection
U15,Southeast,168791,2020-09-27 13:00,20325,20333,Concorde Fire Premier ECNL GU15,Florida Elite SA ECNL GU15,3,1,Georgia Soccer Park - Field 1,30,1353,Concorde Fire,Sporting SA
U15,Southeast,168793,2020-09-27 13:00,20323,20338,Atlanta Fire United ECNL GU15,Orlando City ECNL GU15,2,0,Pinecrest Academy - Turf,14,77,Atlanta Fire United,Seminole United
U15,Southeast,168700,2020-10-03 09:00,20339,20325,Tampa Bay United Rowdies ECNL GU15,Concorde Fire Premier ECNL GU15,0,0,Waters Sportsplex - Field 2,874,30,Tampa Bay United,Concorde Fire
U15,Southeast,168701,2020-10-03 11:00,20328,20321,Sunrise Prime FC ECNL GU15,Alabama FC ECNL GU15,0,3,Max K. Rodes Park - Field 3,2329,18,Athletic Club Florida,Alabama FC
U15,Southeast,168702,2020-10-03 11:00,20323,45836,Atlanta Fire United ECNL GU15,United Futbol Academy ECNL GU15,1,0,Pinecrest Academy - Turf,14,3407,Atlanta Fire United,United Futbol Academy
U15,Southeast,168698,2020-10-03 14:00,20335,19885,Florida Krush ECNL GU15,Concorde Fire Platinum ECNL GU15,0,2,Central Winds - Field C,7,30,No Club Selection,Concorde Fire
U15,Southeast,168709,2020-10-04 11:00,20335,20326,Florida Krush ECNL GU15,GSA ECNL GU15,0,2,Central Winds - Field C,7,56,No Club Selection,Gwinnett Soccer Academy
U15,Southeast,168711,2020-10-04 13:00,20339,20321,Tampa Bay United Rowdies ECNL GU15,Alabama FC ECNL GU15,2,1,Waters Sportsplex - Field 2,874,18,Tampa Bay United,Alabama FC
U15,Southeast,168712,2020-10-04 13:00,20328,20325,Sunrise Prime FC ECNL GU15,Concorde Fire Premier ECNL GU15,3,2,Max K. Rodes Park - Field 4,2329,30,Athletic Club Florida,Concorde Fire
U15,Southeast,168780,2020-10-10 15:00,19885,20339,Concorde Fire Platinum ECNL GU15,Tampa Bay United Rowdies ECNL GU15,0,1,Georgia Soccer Park - Field 2,30,874,Concorde Fire,Tampa Bay United
U15,Southeast,168784,2020-10-11 09:00,20326,20339,GSA ECNL GU15,Tampa Bay United Rowdies ECNL GU15,3,2,Rabbit Hill Park - Field 1,56,874,Gwinnett Soccer Academy,Tampa Bay United
U15,Southeast,168798,2020-10-17 09:00,20339,45836,Tampa Bay United Rowdies ECNL GU15,United Futbol Academy ECNL GU15,4,1,Waters Sportsplex - Field 3,874,3407,Tampa Bay United,United Futbol Academy
U15,Southeast,168799,2020-10-17 09:00,20328,20323,Sunrise Prime FC ECNL GU15,Atlanta Fire United ECNL GU15,4,0,Chapel Trail Park - CTSP 3,2329,14,Athletic Club Florida,Atlanta Fire United
U15,Southeast,168687,2020-10-17 10:00,20325,20338,Concorde Fire Premier ECNL GU15,Orlando City ECNL GU15,2,0,Georgia Soccer Park - Field 4,30,77,Concorde Fire,Seminole United
U15,Southeast,168686,2020-10-17 11:00,20321,20335,Alabama FC ECNL GU15,Florida Krush ECNL GU15,3,1,Dunnavant Valley Fields (DVF) - Field # 2,18,7,Alabama FC,No Club Selection
U15,Southeast,168692,2020-10-18 11:00,20325,20335,Concorde Fire Premier ECNL GU15,Florida Krush ECNL GU15,1,1,Georgia Soccer Park - Field 6,30,7,Concorde Fire,No Club Selection
U15,Southeast,168693,2020-10-18 11:00,20321,20338,Alabama FC ECNL GU15,Orlando City ECNL GU15,2,0,Dunnavant Valley Fields (DVF) - Field #1,18,77,Alabama FC,Seminole United
U15,Southeast,168805,2020-10-18 11:00,20328,45836,Sunrise Prime FC ECNL GU15,United Futbol Academy ECNL GU15,1,0,Chapel Trail Park - CTSP 3,2329,3407,Athletic Club Florida,United Futbol Academy
U15,Southeast,168804,2020-10-18 13:00,20339,20323,Tampa Bay United Rowdies ECNL GU15,Atlanta Fire United ECNL GU15,3,0,Waters Sportsplex - Field 3,874,14,Tampa Bay United,Atlanta Fire United
U15,Southeast,168697,2020-10-25 09:00,20325,20321,Concorde Fire Premier ECNL GU15,Alabama FC ECNL GU15,2,2,Georgia Soccer Park - Field 1,30,18,Concorde Fire,Alabama FC
U15,Southeast,168764,2020-10-25 12:00,20333,20322,Florida Elite SA ECNL GU15,Jacksonville FC ECNL GU15,3,0,Veterans Park - Field 2,1353,7,Sporting SA,No Club Selection
U15,Southeast,168733,2020-10-31 09:00,20323,19885,Atlanta Fire United ECNL GU15,Concorde Fire Platinum ECNL GU15,0,4,Notre Dame Academy - Turf,14,30,Atlanta Fire United,Concorde Fire
U15,Southeast,168741,2020-10-31 11:00,20333,20335,Florida Elite SA ECNL GU15,Florida Krush ECNL GU15,1,1,Veterans Park - Field 2,1353,7,Sporting SA,No Club Selection
U15,Southeast,168742,2020-10-31 12:30,20322,20338,Jacksonville FC ECNL GU15,Orlando City ECNL GU15,0,2,Patton Park - Field 2,7,77,No Club Selection,Seminole United
U15,Southeast,168744,2020-11-01 13:00,20322,20335,Jacksonville FC ECNL GU15,Florida Krush ECNL GU15,0,1,Patton Park - Field 3,7,7,No Club Selection,No Club Selection
U15,Southeast,168736,2020-11-01 14:00,20323,20326,Atlanta Fire United ECNL GU15,GSA ECNL GU15,0,4,Pinecrest Academy - Turf,14,56,Atlanta Fire United,Gwinnett Soccer Academy
U15,Southeast,168743,2020-11-01 15:00,20333,20338,Florida Elite SA ECNL GU15,Orlando City ECNL GU15,1,1,Veterans Park - Field 2,1353,77,Sporting SA,Seminole United
U15,Southeast,168696,2020-11-08 13:00,19885,20326,Concorde Fire Platinum ECNL GU15,GSA ECNL GU15,3,1,Georgia Soccer Park - Field 4,30,56,Concorde Fire,Gwinnett Soccer Academy
U15,Southeast,168699,2020-11-14 09:00,20338,20326,Orlando City ECNL GU15,GSA ECNL GU15,0,1,Seminole - Field 2,77,56,Seminole United,Gwinnett Soccer Academy
U15,Southeast,168710,2020-11-15 11:00,20338,19885,Orlando City ECNL GU15,Concorde Fire Platinum ECNL GU15,0,2,Seminole - Field 1,77,30,Seminole United,Concorde Fire
U15,Southeast,168734,2020-11-17 20:00,45836,20326,United Futbol Academy ECNL GU15,GSA ECNL GU15,1,5,Fowler Park - Field 7,3407,56,United Futbol Academy,Gwinnett Soccer Academy
U15,Southeast,168720,2020-11-21 11:00,20326,20323,GSA ECNL GU15,Atlanta Fire United ECNL GU15,2,0,GSA South - Schrader,56,14,Gwinnett Soccer Academy,Atlanta Fire United
U15,Southeast,168721,2020-11-21 11:00,20321,20325,Alabama FC ECNL GU15,Concorde Fire Premier ECNL GU15,1,3,Dunnavant Valley Fields (DVF) - Field # 2,18,30,Alabama FC,Concorde Fire
U15,Southeast,168719,2020-11-21 13:00,19885,45836,Concorde Fire Platinum ECNL GU15,United Futbol Academy ECNL GU15,2,1,Georgia Soccer Park - Field 3,30,3407,Concorde Fire,United Futbol Academy
U15,Southeast,168722,2020-11-22 09:00,19885,20323,Concorde Fire Platinum ECNL GU15,Atlanta Fire United ECNL GU15,3,0,Georgia Soccer Park - Field 4,30,14,Concorde Fire,Atlanta Fire United
U15,Southeast,168723,2020-11-22 11:00,20326,45836,GSA ECNL GU15,United Futbol Academy ECNL GU15,6,0,GSA South - Schrader,56,3407,Gwinnett Soccer Academy,United Futbol Academy
U15,Southeast,168732,2020-12-13 09:00,20323,20321,Atlanta Fire United ECNL GU15,Alabama FC ECNL GU15,1,2,Pinecrest Academy - Turf,14,18,Atlanta Fire United,Alabama FC
U15,Southeast,168727,2021-01-09 11:00,20325,20323,Concorde Fire Premier ECNL GU15,Atlanta Fire United ECNL GU15,1,2,Georgia Soccer Park - Field 4,30,14,Concorde Fire,Atlanta Fire United
U15,Southeast,168735,2021-01-09 13:00,45836,19885,United Futbol Academy ECNL GU15,Concorde Fire Platinum ECNL GU15,0,4,Fowler Park - Field 7,3407,30,United Futbol Academy,Concorde Fire
U15,Southeast,168724,2021-01-16 11:30,20325,45836,Concorde Fire Premier ECNL GU15,United Futbol Academy ECNL GU15,2,3,Georgia Soccer Park - Field 4,30,3407,Concorde Fire,United Futbol Academy
U15,Southeast,168728,2021-01-17 13:00,45836,20321,United Futbol Academy ECNL GU15,Alabama FC ECNL GU15,0,1,Matt Community Park - Field 3,3407,18,United Futbol Academy,Alabama FC
U15,Southeast,168725,2021-01-23 14:00,20321,20323,Alabama FC ECNL GU15,Atlanta Fire United ECNL GU15,2,1,Dunnavant Valley Fields (DVF) - Field # 2,18,14,Alabama FC,Atlanta Fire United
U15,Southeast,168726,2021-01-24 12:00,20321,45836,Alabama FC ECNL GU15,United Futbol Academy ECNL GU15,3,0,Dunnavant Valley Fields (DVF) - Field #3,18,3407,Alabama FC,United Futbol Academy
U15,Southeast,168737,2021-03-13 13:00,20339,20333,Tampa Bay United Rowdies ECNL GU15,Florida Elite SA ECNL GU15,3,1,Waters Sportsplex - Field 1,874,1353,Tampa Bay United,Sporting SA
U15,Southeast,168779,2021-03-13 13:00,20335,20338,Florida Krush ECNL GU15,Orlando City ECNL GU15,1,0,East Orange District Park - Field 1,7,77,No Club Selection,Seminole United
U15,Southeast,168740,2021-03-14 13:00,20339,20322,Tampa Bay United Rowdies ECNL GU15,Jacksonville FC ECNL GU15,6,0,Waters Sportsplex - Field 1,874,7,Tampa Bay United,No Club Selection
U15,Southeast,168745,2021-03-27 13:00,20338,20333,Orlando City ECNL GU15,Florida Elite SA ECNL GU15,0,0,Seminole - Field 2,77,1353,Seminole United,Sporting SA
U15,Southeast,168746,2021-03-27 13:00,20335,20322,Florida Krush ECNL GU15,Jacksonville FC ECNL GU15,1,1,Central Winds - Field C,7,7,No Club Selection,No Club Selection
U15,Southeast,168748,2021-03-28 11:30,20338,20322,Orlando City ECNL GU15,Jacksonville FC ECNL GU15,0,0,Seminole - Field 6,77,7,Seminole United,No Club Selection
U15,Southeast,168747,2021-03-28 17:00,20335,20333,Florida Krush ECNL GU15,Florida Elite SA ECNL GU15,0,0,Central Winds - Field C,7,1353,No Club Selection,Sporting SA
U15,Southeast,168752,2021-04-17 08:30,20322,20339,Jacksonville FC ECNL GU15,Tampa Bay United Rowdies ECNL GU15,0,2,Patton Park - Field 2,7,874,No Club Selection,Tampa Bay United
U15,Southeast,168753,2021-04-17 09:00,20338,20335,Orlando City ECNL GU15,Florida Krush ECNL GU15,0,0,Seminole - Field 1,77,7,Seminole United,No Club Selection
U15,Southeast,168751,2021-04-17 13:00,20333,20328,Florida Elite SA ECNL GU15,Sunrise Prime FC ECNL GU15,0,0,Veterans Park - Field 2,1353,2329,Sporting SA,Athletic Club Florida
U15,Southeast,168754,2021-04-18 12:00,20333,20339,Florida Elite SA ECNL GU15,Tampa Bay United Rowdies ECNL GU15,2,2,Veterans Park - Field 2,1353,874,Sporting SA,Tampa Bay United
U15,Southeast,168755,2021-04-18 13:00,20322,20328,Jacksonville FC ECNL GU15,Sunrise Prime FC ECNL GU15,0,1,Patton Park - Field 2,7,2329,No Club Selection,Athletic Club Florida
U15,Southeast,168757,2021-04-24 11:30,20338,20328,Orlando City ECNL GU15,Sunrise Prime FC ECNL GU15,0,1,Seminole - Field 1,77,2329,Seminole United,Athletic Club Florida
U15,Southeast,168756,2021-04-24 13:00,20335,20339,Florida Krush ECNL GU15,Tampa Bay United Rowdies ECNL GU15,1,0,Central Winds - Field B,7,874,No Club Selection,Tampa Bay United
U15,Southeast,168758,2021-04-25 11:00,20335,20328,Florida Krush ECNL GU15,Sunrise Prime FC ECNL GU15,0,1,Central Winds - Field A,7,2329,No Club Selection,Athletic Club Florida
U15,Southeast,168759,2021-04-25 13:00,20338,20339,Orlando City ECNL GU15,Tampa Bay United Rowdies ECNL GU15,0,3,Seminole - Field 2,77,874,Seminole United,Tampa Bay United
U15,Southeast,168749,2021-05-01 11:00,20328,20339,Sunrise Prime FC ECNL GU15,Tampa Bay United Rowdies ECNL GU15,2,1,Waters Sportsplex - Field 3,2329,874,Athletic Club Florida,Tampa Bay United
U15,Southeast,173987,2021-05-02 11:00,20339,20328,Tampa Bay United Rowdies ECNL GU15,Sunrise Prime FC ECNL GU15,0,2,Waters Sportsplex - Field 1,874,2329,Tampa Bay United,Athletic Club Florida
U15,Southeast,168761,2021-05-15 11:00,20339,20338,Tampa Bay United Rowdies ECNL GU15,Orlando City ECNL GU15,0,1,Waters Sportsplex - Field 1,874,77,Tampa Bay United,Seminole United
U15,Southeast,168760,2021-05-15 12:00,20328,20335,Sunrise Prime FC ECNL GU15,Florida Krush ECNL GU15,1,0,Chapel Trail Park - CTSP 3,2329,7,Athletic Club Florida,No Club Selection
U15,Southeast,168763,2021-05-16 09:00,20339,20335,Tampa Bay United Rowdies ECNL GU15,Florida Krush ECNL GU15,3,2,Waters Sportsplex - Field 2,874,7,Tampa Bay United,No Club Selection
U15,Southeast,168762,2021-05-16 11:00,20328,20338,Sunrise Prime FC ECNL GU15,Orlando City ECNL GU15,0,0,Chapel Trail Park - CTSP 3,2329,77,Athletic Club Florida,Seminole United
U15,Southeast,168738,2021-05-22 11:00,20328,20322,Sunrise Prime FC ECNL GU15,Jacksonville FC ECNL GU15,3,0,Chapel Trail Park - CTSP 4,2329,7,Athletic Club Florida,No Club Selection
U15,Southeast,168731,2021-05-22 19:00,45836,20325,United Futbol Academy ECNL GU15,Concorde Fire Premier ECNL GU15,2,0,Fowler Park - Field 7,3407,30,United Futbol Academy,Concorde Fire
U15,Southeast,168739,2021-05-23 11:00,20328,20333,Sunrise Prime FC ECNL GU15,Florida Elite SA ECNL GU15,0,0,Chapel Trail Park - CTSP 4,2329,1353,Athletic Club Florida,Sporting SA
U15,Southeast,168729,2021-05-23 17:00,20323,20325,Atlanta Fire United ECNL GU15,Concorde Fire Premier ECNL GU15,2,1,Pinecrest Academy - Turf,14,30,Atlanta Fire United,Concorde Fire
U15,Southeast,168750,2021-05-26 19:30,20322,20333,Jacksonville FC ECNL GU15,Florida Elite SA ECNL GU15,0,0,Patton Park - Field 12,7,1353,No Club Selection,Sporting SA
U15,Southeast,168688,2021-05-29 14:00,20333,20326,Florida Elite SA ECNL GU15,GSA ECNL GU15,0,3,Veterans Park - Field 2,1353,56,Sporting SA,Gwinnett Soccer Academy
U15,Southeast,200504,2021-05-29 14:30,20322,19885,Jacksonville FC ECNL GU15,Concorde Fire Platinum ECNL GU15,1,3,Patton Park - Field 1,7,30,No Club Selection,Concorde Fire
U15,Southeast,168694,2021-05-30 10:00,20333,19885,Florida Elite SA ECNL GU15,Concorde Fire Platinum ECNL GU15,0,3,Veterans Park - Field 2,1353,30,Sporting SA,Concorde Fire
U15,Southeast,168695,2021-05-30 11:00,20322,20326,Jacksonville FC ECNL GU15,GSA ECNL GU15,1,2,Patton Park - Field 1,7,56,No Club Selection,Gwinnett Soccer Academy
U15,Southeast,168730,2021-06-12 15:00,20326,19885,GSA ECNL GU15,Concorde Fire Platinum ECNL GU15,0,1,GSA South - Spencer,56,30,Gwinnett Soccer Academy,Concorde Fire
U15,Southwest,209530,2020-10-04,20445,20434,Phoenix Rising ECNL GU15,AZ Arsenal ECNL GU15,1,3,,1141,592,Phoenix Rising FC,Arizona Arsenal Soccer Club
U15,Southwest,209535,2020-10-17,20445,9292,Phoenix Rising ECNL GU15,SLAMMERS FC ECNL GU15,1,0,,1141,96,Phoenix Rising FC,Slammers FC
U15,Southwest,209534,2020-10-17 10:00,20434,17118,AZ Arsenal ECNL GU15,LAFC Slammers ECNL GU15,0,1,Eagle Sports Complex - Field 4,592,1656,Arizona Arsenal Soccer Club,Slammers FC HB Koge
U15,Southwest,209540,2020-10-18,20445,17118,Phoenix Rising ECNL GU15,LAFC Slammers ECNL GU15,0,8,,1141,1656,Phoenix Rising FC,Slammers FC HB Koge
U15,Southwest,209541,2020-10-18 10:00,20434,9292,AZ Arsenal ECNL GU15,SLAMMERS FC ECNL GU15,0,3,Desert Sky Park - Field 3,592,96,Arizona Arsenal Soccer Club,Slammers FC
U15,Southwest,209546,2020-10-24,20445,45889,Phoenix Rising ECNL GU15,Real So Cal ECNL GU15,1,2,,1141,82,Phoenix Rising FC,LAFC So Cal
U15,Southwest,209547,2020-10-24,20442,17118,Heat FC ECNL GU15,LAFC Slammers ECNL GU15,2,6,,57,1656,LV Heat Surf SC,Slammers FC HB Koge
U15,Southwest,209628,2020-10-24 19:00,20434,13344,AZ Arsenal ECNL GU15,So Cal Blues ECNL GU15,0,5,Santos Soccer Complex - Field 5,592,98,Arizona Arsenal Soccer Club,So Cal Blues
U15,Southwest,209551,2020-10-25,20434,45889,AZ Arsenal ECNL GU15,Real So Cal ECNL GU15,1,2,,592,82,Arizona Arsenal Soccer Club,LAFC So Cal
U15,Southwest,209552,2020-10-25,20442,9292,Heat FC ECNL GU15,SLAMMERS FC ECNL GU15,0,1,,57,96,LV Heat Surf SC,Slammers FC
U15,Southwest,209634,2020-10-25,20445,13344,Phoenix Rising ECNL GU15,So Cal Blues ECNL GU15,0,4,,1141,98,Phoenix Rising FC,So Cal Blues
U15,Southwest,209665,2020-10-31,20445,19489,Phoenix Rising ECNL GU15,LA Breakers FC ECNL GU15,0,1,,1141,7,Phoenix Rising FC,No Club Selection
U15,Southwest,209666,2020-10-31,20434,20440,AZ Arsenal ECNL GU15,Arsenal FC ECNL GU15,2,0,,592,13,Arizona Arsenal Soccer Club,Sporting California USA
U15,Southwest,209671,2020-11-01,20434,19489,AZ Arsenal ECNL GU15,LA Breakers FC ECNL GU15,3,2,,592,7,Arizona Arsenal Soccer Club,No Club Selection
U15,Southwest,209672,2020-11-01,20445,20440,Phoenix Rising ECNL GU15,Arsenal FC ECNL GU15,3,0,,1141,13,Phoenix Rising FC,Sporting California USA
U15,Southwest,209557,2020-11-07,45877,20434,San Diego Surf ECNL GU15,AZ Arsenal ECNL GU15,4,0,,87,592,San Diego Surf Soccer Club,Arizona Arsenal Soccer Club
U15,Southwest,209558,2020-11-07,35184,20445,Rebels SC ECNL GU15,Phoenix Rising ECNL GU15,3,1,,300,1141,Rebels Soccer Club,Phoenix Rising FC
U15,Southwest,209563,2020-11-07 08:00,20442,20461,Heat FC ECNL GU15,Strikers FC ECNL GU15,1,1,Heritage Park Sports Complex - Field 6,57,2,LV Heat Surf SC,Strikers FC ECNL
U15,Southwest,209564,2020-11-08,35184,20434,Rebels SC ECNL GU15,AZ Arsenal ECNL GU15,3,1,,300,592,Rebels Soccer Club,Arizona Arsenal Soccer Club
U15,Southwest,209565,2020-11-08,45877,20445,San Diego Surf ECNL GU15,Phoenix Rising ECNL GU15,7,0,,87,1141,San Diego Surf Soccer Club,Phoenix Rising FC
U15,Southwest,209710,2021-03-06,13344,20440,So Cal Blues ECNL GU15,Arsenal FC ECNL GU15,3,2,,98,13,So Cal Blues,Sporting California USA
U15,Southwest,209667,2021-03-06 11:00,9899,20461,Del Mar Sharks ECNL GU15,Strikers FC ECNL GU15,0,3,Surf Sports Park - Field 9,39,2,Legends FC - Del Mar,Strikers FC ECNL
U15,Southwest,209568,2021-03-06 13:00,35181,19489,Eagles SC ECNL GU15,LA Breakers FC ECNL GU15,1,2,Pleasant Valley Fields - Field 11,7,7,No Club Selection,No Club Selection
U15,Southwest,209590,2021-03-06 13:00,35184,9292,Rebels SC ECNL GU15,SLAMMERS FC ECNL GU15,0,1,Surf Sports Park - Field 3,300,96,Rebels Soccer Club,Slammers FC
U15,Southwest,209575,2021-03-06 15:00,45877,17118,San Diego Surf ECNL GU15,LAFC Slammers ECNL GU15,1,1,Surf Sports Park - Field 5,87,1656,San Diego Surf Soccer Club,Slammers FC HB Koge
U15,Southwest,209687,2021-03-07,13344,45889,So Cal Blues ECNL GU15,Real So Cal ECNL GU15,2,0,,98,82,So Cal Blues,LAFC So Cal
U15,Southwest,209643,2021-03-07 11:00,9899,20440,Del Mar Sharks ECNL GU15,Arsenal FC ECNL GU15,0,3,Surf Sports Park - Field 9,39,13,Legends FC - Del Mar,Sporting California USA
U15,Southwest,209610,2021-03-07 13:00,35181,19489,Eagles SC ECNL GU15,LA Breakers FC ECNL GU15,0,2,Pleasant Valley Fields - Field 11,7,7,No Club Selection,No Club Selection
U15,Southwest,209572,2021-03-07 15:00,45877,9292,San Diego Surf ECNL GU15,SLAMMERS FC ECNL GU15,5,0,Surf Sports Park - Field 5,87,96,San Diego Surf Soccer Club,Slammers FC
U15,Southwest,209587,2021-03-07 15:00,35184,17118,Rebels SC ECNL GU15,LAFC Slammers ECNL GU15,0,1,Surf Sports Park - Field 4,300,1656,Rebels Soccer Club,Slammers FC HB Koge
U15,Southwest,209549,2021-03-13 09:00,20440,35184,Arsenal FC ECNL GU15,Rebels SC ECNL GU15,0,3,Ralph M. Lewis Sports Complex - Field 6,13,300,Sporting California USA,Rebels Soccer Club
U15,Southwest,209708,2021-03-13 09:00,20461,45877,Strikers FC ECNL GU15,San Diego Surf ECNL GU15,0,8,SoCal Sports Complex - Field 22,2,87,Strikers FC ECNL,San Diego Surf Soccer Club
U15,Southwest,209561,2021-03-13 10:00,45889,19489,Real So Cal ECNL GU15,LA Breakers FC ECNL GU15,6,1,Alice C Stelle Middle School - Field 1,82,7,LAFC So Cal,No Club Selection
U15,Southwest,209640,2021-03-13 11:00,9899,17118,Del Mar Sharks ECNL GU15,LAFC Slammers ECNL GU15,0,6,SoCal Sports Complex - Field 19,39,1656,Legends FC - Del Mar,Slammers FC HB Koge
U15,Southwest,209641,2021-03-13 13:00,13344,9292,So Cal Blues ECNL GU15,SLAMMERS FC ECNL GU15,1,0,OC Great Park - Field 7,98,96,So Cal Blues,Slammers FC
U15,Southwest,209545,2021-03-14 09:00,20440,45877,Arsenal FC ECNL GU15,San Diego Surf ECNL GU15,0,4,Galway Downs - Field 19,13,87,Sporting California USA,San Diego Surf Soccer Club
U15,Southwest,209638,2021-03-14 09:00,20461,35184,Strikers FC ECNL GU15,Rebels SC ECNL GU15,1,0,Orange County Great Park - Field 18,2,300,Strikers FC ECNL,Rebels Soccer Club
U15,Southwest,209611,2021-03-14 11:00,13344,17118,So Cal Blues ECNL GU15,LAFC Slammers ECNL GU15,2,3,OC Great Park - Field 7,98,1656,So Cal Blues,Slammers FC HB Koge
U15,Southwest,209612,2021-03-14 13:00,9899,9292,Del Mar Sharks ECNL GU15,SLAMMERS FC ECNL GU15,0,3,Surf Sports Park - Field 9,39,96,Legends FC - Del Mar,Slammers FC
U15,Southwest,209647,2021-03-20 11:00,35181,45889,Eagles SC ECNL GU15,Real So Cal ECNL GU15,1,4,Pleasant Valley Fields - Field 16ss,7,82,No Club Selection,LAFC So Cal
U15,Southwest,209673,2021-03-20 11:00,13344,20461,So Cal Blues ECNL GU15,Strikers FC ECNL GU15,8,0,OC Great Park - Field 7,98,2,So Cal Blues,Strikers FC ECNL
U15,Southwest,209601,2021-03-20 12:00,17118,9292,LAFC Slammers ECNL GU15,SLAMMERS FC ECNL GU15,3,0,Orange County Great Park - Field 18,1656,96,Slammers FC HB Koge,Slammers FC
U15,Southwest,209637,2021-03-21,19489,20461,LA Breakers FC ECNL GU15,Strikers FC ECNL GU15,0,5,,7,2,No Club Selection,Strikers FC ECNL
U15,Southwest,209613,2021-03-21 09:00,13344,9899,So Cal Blues ECNL GU15,Del Mar Sharks ECNL GU15,6,0,OC Great Park - Field 7,98,39,So Cal Blues,Legends FC - Del Mar
U15,Southwest,209608,2021-03-21 11:00,45877,35184,San Diego Surf ECNL GU15,Rebels SC ECNL GU15,3,0,So Cal Sports Complex - Field 15,87,300,San Diego Surf Soccer Club,Rebels Soccer Club
U15,Southwest,209618,2021-03-27 08:00,20434,20442,AZ Arsenal ECNL GU15,Heat FC ECNL GU15,1,1,Santos Soccer Complex - Field 3,592,57,Arizona Arsenal Soccer Club,LV Heat Surf SC
U15,Southwest,209682,2021-03-27 11:00,45877,13344,San Diego Surf ECNL GU15,So Cal Blues ECNL GU15,1,0,So Cal Sports Complex - Field 13,87,98,San Diego Surf Soccer Club,So Cal Blues
U15,Southwest,209681,2021-03-27 13:00,35184,9899,Rebels SC ECNL GU15,Del Mar Sharks ECNL GU15,4,0,Surf Sports Park - Field 2,300,39,Rebels Soccer Club,Legends FC - Del Mar
U15,Southwest,209597,2021-03-27 14:00,9292,19489,SLAMMERS FC ECNL GU15,LA Breakers FC ECNL GU15,0,0,Orange County Great Park - Field 18,96,7,Slammers FC,No Club Selection
U15,Southwest,209620,2021-03-28 10:00,20445,20442,Phoenix Rising ECNL GU15,Heat FC ECNL GU15,2,0,Talking Stick Resort Soccer Facility - North,1141,57,Phoenix Rising FC,LV Heat Surf SC
U15,Southwest,209661,2021-03-28 10:45,20440,9292,Arsenal FC ECNL GU15,SLAMMERS FC ECNL GU15,0,2,Galway Downs - Field 19,13,96,Sporting California USA,Slammers FC
U15,Southwest,209589,2021-03-28 11:00,20461,19489,Strikers FC ECNL GU15,LA Breakers FC ECNL GU15,2,0,Orange County Great Park - Field 17,2,7,Strikers FC ECNL,No Club Selection
U15,Southwest,209664,2021-03-28 11:30,45889,35181,Real So Cal ECNL GU15,Eagles SC ECNL GU15,5,0,Pleasant Valley Fields - Field 1,82,7,LAFC So Cal,No Club Selection
U15,Southwest,209533,2021-04-03 09:00,19489,20440,LA Breakers FC ECNL GU15,Arsenal FC ECNL GU15,1,0,Silverlakes Soccer Complex - Field 3,7,13,No Club Selection,Sporting California USA
U15,Southwest,209677,2021-04-03 11:00,35184,13344,Rebels SC ECNL GU15,So Cal Blues ECNL GU15,1,2,Ryan Park - Field 6,300,98,Rebels Soccer Club,So Cal Blues
U15,Southwest,209645,2021-04-09 19:00,20434,20445,AZ Arsenal ECNL GU15,Phoenix Rising ECNL GU15,1,2,Santos Soccer Complex - Field 2,592,1141,Arizona Arsenal Soccer Club,Phoenix Rising FC
U15,Southwest,209704,2021-04-09 19:00,20442,35181,Heat FC ECNL GU15,Eagles SC ECNL GU15,3,0,Bettye Wilson Soccer Complex - Field 7,57,7,LV Heat Surf SC,No Club Selection
U15,Southwest,209676,2021-04-10 11:00,45877,9899,San Diego Surf ECNL GU15,Del Mar Sharks ECNL GU15,7,0,So Cal Sports Complex - Field 12,87,39,San Diego Surf Soccer Club,Legends FC - Del Mar
U15,Southwest,209614,2021-04-10 11:30,20461,35181,Strikers FC ECNL GU15,Eagles SC ECNL GU15,3,0,Bettye Wilson Soccer Complex - Field 7,2,7,Strikers FC ECNL,No Club Selection
U15,Southwest,209598,2021-04-11 09:00,20440,17118,Arsenal FC ECNL GU15,LAFC Slammers ECNL GU15,0,8,Galway Downs - Field 11,13,1656,Sporting California USA,Slammers FC HB Koge
U15,Southwest,209644,2021-04-11 10:00,20442,20461,Heat FC ECNL GU15,Strikers FC ECNL GU15,4,2,Bettye Wilson Soccer Complex - Field 7,57,2,LV Heat Surf SC,Strikers FC ECNL
U15,Southwest,209683,2021-04-17 08:00,45889,17118,Real So Cal ECNL GU15,LAFC Slammers ECNL GU15,0,3,Conejo Creek South - Field 10,82,1656,LAFC So Cal,Slammers FC HB Koge
U15,Southwest,209621,2021-04-17 08:30,20442,20445,Heat FC ECNL GU15,Phoenix Rising ECNL GU15,3,0,Heritage Park Sports Complex - Field 6,57,1141,LV Heat Surf SC,Phoenix Rising FC
U15,Southwest,209648,2021-04-17 10:45,9899,19489,Del Mar Sharks ECNL GU15,LA Breakers FC ECNL GU15,0,2,Surf Sports Park - Field 4,39,7,Legends FC - Del Mar,No Club Selection
U15,Southwest,209684,2021-04-17 11:30,35181,9292,Eagles SC ECNL GU15,SLAMMERS FC ECNL GU15,0,3,Pleasant Valley Fields - Field 11,7,96,No Club Selection,Slammers FC
U15,Southwest,209582,2021-04-18 09:00,45889,9292,Real So Cal ECNL GU15,SLAMMERS FC ECNL GU15,1,1,Agoura High School - Field 1,82,96,LAFC So Cal,Slammers FC
U15,Southwest,209622,2021-04-18 10:30,20442,20434,Heat FC ECNL GU15,AZ Arsenal ECNL GU15,1,2,Heritage Park Sports Complex - Field 6,57,592,LV Heat Surf SC,Arizona Arsenal Soccer Club
U15,Southwest,209700,2021-04-18 11:00,45877,19489,San Diego Surf ECNL GU15,LA Breakers FC ECNL GU15,5,0,So Cal Sports Complex - Field 12,87,7,San Diego Surf Soccer Club,No Club Selection
U15,Southwest,209678,2021-04-18 11:30,35181,17118,Eagles SC ECNL GU15,LAFC Slammers ECNL GU15,0,9,Pleasant Valley Fields - Field 11,7,1656,No Club Selection,Slammers FC HB Koge
U15,Southwest,209659,2021-05-01 08:30,20442,35184,Heat FC ECNL GU15,Rebels SC ECNL GU15,1,4,Heritage Park Sports Complex - Field 8,57,300,LV Heat Surf SC,Rebels Soccer Club
U15,Southwest,209689,2021-05-01 09:00,17118,20461,LAFC Slammers ECNL GU15,Strikers FC ECNL GU15,5,1,Surf Sports Park - Field 11,1656,2,Slammers FC HB Koge,Strikers FC ECNL
U15,Southwest,209617,2021-05-01 10:00,20445,35181,Phoenix Rising ECNL GU15,Eagles SC ECNL GU15,2,0,Talking Stick Resort Soccer Facility - South,1141,7,Phoenix Rising FC,No Club Selection
U15,Southwest,209531,2021-05-01 11:30,45889,9899,Real So Cal ECNL GU15,Del Mar Sharks ECNL GU15,2,0,Conejo Creek South - Field 10,82,39,LAFC So Cal,Legends FC - Del Mar
U15,Southwest,209707,2021-05-01 16:45,19489,13344,LA Breakers FC ECNL GU15,So Cal Blues ECNL GU15,1,4,St. Bernards High School - Field 1,7,98,No Club Selection,So Cal Blues
U15,Southwest,209695,2021-05-02 09:00,9292,20461,SLAMMERS FC ECNL GU15,Strikers FC ECNL GU15,4,0,Surf Sports Park - Field 11,96,2,Slammers FC,Strikers FC ECNL
U15,Southwest,209619,2021-05-02 14:00,20434,35181,AZ Arsenal ECNL GU15,Eagles SC ECNL GU15,1,1,Desert Sky Park - Field 1,592,7,Arizona Arsenal Soccer Club,No Club Selection
U15,Southwest,209668,2021-05-08 09:00,13344,20442,So Cal Blues ECNL GU15,Heat FC ECNL GU15,7,0,OC Great Park - Field 7,98,57,So Cal Blues,LV Heat Surf SC
U15,Southwest,209596,2021-05-08 13:30,45889,45877,Real So Cal ECNL GU15,San Diego Surf ECNL GU15,0,0,Conejo Creek South - Field 11,82,87,LAFC So Cal,San Diego Surf Soccer Club
U15,Southwest,209586,2021-05-08 15:00,20461,20440,Strikers FC ECNL GU15,Arsenal FC ECNL GU15,5,1,Orange County Great Park - Field 18,2,13,Strikers FC ECNL,Sporting California USA
U15,Southwest,209674,2021-05-09 09:00,9899,20442,Del Mar Sharks ECNL GU15,Heat FC ECNL GU15,0,1,SoCal Sports Complex - Field 17,39,57,Legends FC - Del Mar,LV Heat Surf SC
U15,Southwest,209694,2021-05-09 09:00,13344,35181,So Cal Blues ECNL GU15,Eagles SC ECNL GU15,4,0,OC Great Park - Field 7,98,7,So Cal Blues,No Club Selection
U15,Southwest,209639,2021-05-15 12:00,20440,35181,Arsenal FC ECNL GU15,Eagles SC ECNL GU15,0,1,Ralph M. Lewis Sports Complex - Field 1,13,7,Sporting California USA,No Club Selection
U15,Southwest,209627,2021-05-15 12:15,9899,20445,Del Mar Sharks ECNL GU15,Phoenix Rising ECNL GU15,1,2,Francis Ryan Park - Field 5,39,1141,Legends FC - Del Mar,Phoenix Rising FC
U15,Southwest,209680,2021-05-15 14:30,20461,20434,Strikers FC ECNL GU15,AZ Arsenal ECNL GU15,2,0,Orange County Great Park - Field 24,2,592,Strikers FC ECNL,Arizona Arsenal Soccer Club
U15,Southwest,209592,2021-05-16 09:00,35181,45877,Eagles SC ECNL GU15,San Diego Surf ECNL GU15,0,2,Pleasant Valley Fields - Field 5ss,7,87,No Club Selection,San Diego Surf Soccer Club
U15,Southwest,209633,2021-05-16 09:00,9899,20434,Del Mar Sharks ECNL GU15,AZ Arsenal ECNL GU15,1,0,Torrey Pines High School - Field 1,39,592,Legends FC - Del Mar,Arizona Arsenal Soccer Club
U15,Southwest,209675,2021-05-16 11:30,20461,20445,Strikers FC ECNL GU15,Phoenix Rising ECNL GU15,3,3,Orange County Great Park - Field 24,2,1141,Strikers FC ECNL,Phoenix Rising FC
U15,Southwest,209579,2021-05-22 12:30,20442,20440,Heat FC ECNL GU15,Arsenal FC ECNL GU15,3,0,Heritage Park Sports Complex - Field 6,57,13,LV Heat Surf SC,Sporting California USA
U15,Southwest,209660,2021-05-22 15:00,19489,17118,LA Breakers FC ECNL GU15,LAFC Slammers ECNL GU15,0,1,St. Bernards High School - Field 1,7,1656,No Club Selection,Slammers FC HB Koge
U15,Southwest,209591,2021-05-22 15:30,45889,35184,Real So Cal ECNL GU15,Rebels SC ECNL GU15,2,1,Conejo Creek South - Field 10,82,300,LAFC So Cal,Rebels Soccer Club
U15,Southwest,209609,2021-05-23 09:00,20461,45889,Strikers FC ECNL GU15,Real So Cal ECNL GU15,0,2,El Dorado High School - EDHS Turf Field,2,82,Strikers FC ECNL,LAFC So Cal
U15,Southwest,209653,2021-05-23 10:30,20442,45877,Heat FC ECNL GU15,San Diego Surf ECNL GU15,0,8,Heritage Park Sports Complex - Field 6,57,87,LV Heat Surf SC,San Diego Surf Soccer Club
U15,Southwest,209632,2021-06-12 09:45,19489,20442,LA Breakers FC ECNL GU15,Heat FC ECNL GU15,2,2,St. Bernards High School - Field 1,7,57,No Club Selection,LV Heat Surf SC
U15,Southwest,209688,2021-06-12 12:00,9899,35181,Del Mar Sharks ECNL GU15,Eagles SC ECNL GU15,,,San Dieguito Academy - Field 1,39,7,Legends FC - Del Mar,No Club Selection
U15,Southwest,209569,2021-06-12 12:45,45889,20440,Real So Cal ECNL GU15,Arsenal FC ECNL GU15,5,1,Ralph M Lewis Sport Complex - Field 6,82,13,LAFC So Cal,Sporting California USA
U15,Southwest,209595,2021-06-13 12:00,35181,35184,Eagles SC ECNL GU15,Rebels SC ECNL GU15,,,Pleasant Valley Fields - Field 5ss,7,300,No Club Selection,Rebels Soccer Club
U15,Southwest,209607,2021-06-13 13:00,45889,20442,Real So Cal ECNL GU15,Heat FC ECNL GU15,2,2,Silverlakes Sports Complex - Field 20,82,57,LAFC So Cal,LV Heat Surf SC
U15,Southwest,209544,2021-06-13 21:45,19489,35184,LA Breakers FC ECNL GU15,Rebels SC ECNL GU15,0,0,St. Bernards High School - Field 1,7,300,No Club Selection,Rebels Soccer Club
U15,Texas,171388,2020-08-29 14:00,19420,19628,Oklahoma Celtic ECNL GU15,DKSC ECNL GU15,0,1,Oklahoma Celtic - Field 8,2134,7,Oklahoma Celtic,No Club Selection
U15,Texas,171394,2020-09-05 11:00,20412,45802,Sting Dallas Black ECNL GU15,Sting Dallas Royal ECNL GU15,5,1,Sting Complex - Field 1,36,36,Sting Soccer Club,Sting Soccer Club
U15,Texas,171395,2020-09-05 11:00,19628,46784,DKSC ECNL GU15,FC Dallas ECNL GU15,0,7,Cox Soccer Complex - Field 1,7,47,No Club Selection,FC Dallas Youth
U15,Texas,171392,2020-09-05 13:00,19420,12268,Oklahoma Celtic ECNL GU15,Dallas Texans ECNL GU15,0,5,Oklahoma Celtic - Field 8,2134,37,Oklahoma Celtic,Dallas Texans
U15,Texas,171393,2020-09-05 13:00,20413,11423,Tulsa SC ECNL GU15,Solar ECNL GU15,3,5,ISSC - Field 38,7,101,No Club Selection,Solar SC
U15,Texas,171390,2020-09-05 16:00,20382,20383,Challenge SC ECNL GU15,Classics Elite  ECNL GU15,0,0,Burroughs Park - Field 5,25,1375,Challenge SC,Classics Elite Soccer Academy
U15,Texas,171401,2020-09-13 08:00,45802,19628,Sting Dallas Royal ECNL GU15,DKSC ECNL GU15,0,2,Chinn Chapel - Field 5,36,7,Sting Soccer Club,No Club Selection
U15,Texas,171400,2020-09-13 09:00,46784,20412,FC Dallas ECNL GU15,Sting Dallas Black ECNL GU15,3,1,Toyota Soccer Center - Field 5,47,36,FC Dallas Youth,Sting Soccer Club
U15,Texas,171397,2020-09-13 13:00,20381,20383,AHFC ECNL GU15,Classics Elite  ECNL GU15,1,2,Campbell Road Sports Park - Field 5,10,1375,Albion Hurricanes FC,Classics Elite Soccer Academy
U15,Texas,171398,2020-09-13 13:00,12268,20413,Dallas Texans ECNL GU15,Tulsa SC ECNL GU15,2,0,Ross Stewart Soccer Complex - Field 1,37,7,Dallas Texans,No Club Selection
U15,Texas,171399,2020-09-13 15:00,11423,19420,Solar ECNL GU15,Oklahoma Celtic ECNL GU15,7,0,Fairview Soccer Park - Field 1,101,2134,Solar SC,Oklahoma Celtic
U15,Texas,171396,2020-09-14 16:00,20382,20411,Challenge SC ECNL GU15,Sting Austin ECNL GU15,4,0,Burroughs Park - Field 1,25,1690,Challenge SC,Sting Austin
U15,Texas,171402,2020-09-19 09:00,20382,20381,Challenge SC ECNL GU15,AHFC ECNL GU15,1,1,Burroughs Park - Field 2,25,10,Challenge SC,Albion Hurricanes FC
U15,Texas,171405,2020-09-19 09:00,19628,20412,DKSC ECNL GU15,Sting Dallas Black ECNL GU15,1,0,Cox Soccer Complex - Field 2,7,36,No Club Selection,Sting Soccer Club
U15,Texas,171406,2020-09-19 09:00,45802,46784,Sting Dallas Royal ECNL GU15,FC Dallas ECNL GU15,0,4,Carpenter Pak - Field C,36,47,Sting Soccer Club,FC Dallas Youth
U15,Texas,171407,2020-09-19 09:00,11423,12268,Solar ECNL GU15,Dallas Texans ECNL GU15,4,0,Gateway Park - Field 3,101,37,Solar SC,Dallas Texans
U15,Texas,171403,2020-09-19 11:00,20411,19420,Sting Austin ECNL GU15,Oklahoma Celtic ECNL GU15,2,2,1849 Park - Field 3B,1690,2134,Sting Austin,Oklahoma Celtic
U15,Texas,171404,2020-09-19 11:00,20383,20413,Classics Elite  ECNL GU15,Tulsa SC ECNL GU15,4,3,CE Soccer Complex - Field 6 d don't use,1375,7,Classics Elite Soccer Academy,No Club Selection
U15,Texas,171408,2020-09-20 09:00,20383,19420,Classics Elite  ECNL GU15,Oklahoma Celtic ECNL GU15,4,1,CE Soccer Complex - Field 6,1375,2134,Classics Elite Soccer Academy,Oklahoma Celtic
U15,Texas,171409,2020-09-20 09:00,20411,20413,Sting Austin ECNL GU15,Tulsa SC ECNL GU15,0,4,1849 Park - Field 3B,1690,7,Sting Austin,No Club Selection
U15,Texas,171414,2020-09-26 09:00,46784,19628,FC Dallas ECNL GU15,DKSC ECNL GU15,4,0,Toyota Soccer Center - Field 5,47,7,FC Dallas Youth,No Club Selection
U15,Texas,171413,2020-09-26 11:00,45802,20412,Sting Dallas Royal ECNL GU15,Sting Dallas Black ECNL GU15,0,3,Sting Complex - Field 1,36,36,Sting Soccer Club,Sting Soccer Club
U15,Texas,171412,2020-09-26 12:30,11423,20413,Solar ECNL GU15,Tulsa SC ECNL GU15,2,1,Fairview Soccer Park - Field 6,101,7,Solar SC,No Club Selection
U15,Texas,171410,2020-09-26 13:00,20381,20411,AHFC ECNL GU15,Sting Austin ECNL GU15,1,0,Campbell Road Sports Park - Field 5,10,1690,Albion Hurricanes FC,Sting Austin
U15,Texas,171415,2020-09-27 11:00,20383,20382,Classics Elite  ECNL GU15,Challenge SC ECNL GU15,0,1,CE Soccer Complex - Field 6,1375,25,Classics Elite Soccer Academy,Challenge SC
U15,Texas,171417,2020-10-03 16:00,20411,20382,Sting Austin ECNL GU15,Challenge SC ECNL GU15,0,4,1849 Park - Field 3A,1690,25,Sting Austin,Challenge SC
U15,Texas,171420,2020-10-04 09:00,20412,46784,Sting Dallas Black ECNL GU15,FC Dallas ECNL GU15,1,1,Sting Complex - Field 1,36,47,Sting Soccer Club,FC Dallas Youth
U15,Texas,171416,2020-10-04 13:00,20383,20381,Classics Elite  ECNL GU15,AHFC ECNL GU15,2,3,CE Soccer Complex - Field 5,1375,10,Classics Elite Soccer Academy,Albion Hurricanes FC
U15,Texas,171419,2020-10-04 16:00,20413,12268,Tulsa SC ECNL GU15,Dallas Texans ECNL GU15,2,1,Titan Main - Field 2,7,37,No Club Selection,Dallas Texans
U15,Texas,171421,2020-10-04 17:00,19628,45802,DKSC ECNL GU15,Sting Dallas Royal ECNL GU15,0,1,MoneyGram Soccer Park - Field 2,7,36,No Club Selection,Sting Soccer Club
U15,Texas,171423,2020-10-10 11:00,19628,20381,DKSC ECNL GU15,AHFC ECNL GU15,2,1,Cox Soccer Complex - Field 2,7,10,No Club Selection,Albion Hurricanes FC
U15,Texas,171424,2020-10-10 11:00,46784,20413,FC Dallas ECNL GU15,Tulsa SC ECNL GU15,1,1,Toyota Soccer Center - Field 6,47,7,FC Dallas Youth,No Club Selection
U15,Texas,171425,2020-10-10 11:00,45802,19420,Sting Dallas Royal ECNL GU15,Oklahoma Celtic ECNL GU15,4,3,Field 1,36,2134,Sting Soccer Club,Oklahoma Celtic
U15,Texas,171427,2020-10-10 11:00,12268,20383,Dallas Texans ECNL GU15,Classics Elite  ECNL GU15,4,0,Dallas Texans Lewisville - Field 1,37,1375,Dallas Texans,Classics Elite Soccer Academy
U15,Texas,171426,2020-10-10 12:00,11423,20411,Solar ECNL GU15,Sting Austin ECNL GU15,7,0,Gateway Park - Field 4,101,1690,Solar SC,Sting Austin
U15,Texas,171430,2020-10-11 09:00,46784,19420,FC Dallas ECNL GU15,Oklahoma Celtic ECNL GU15,3,1,Toyota Soccer Center - Field 5,47,2134,FC Dallas Youth,Oklahoma Celtic
U15,Texas,171432,2020-10-11 10:00,11423,20383,Solar ECNL GU15,Classics Elite  ECNL GU15,6,0,Fairview Soccer Park - Field 2,101,1375,Solar SC,Classics Elite Soccer Academy
U15,Texas,171428,2020-10-11 11:00,20412,20381,Sting Dallas Black ECNL GU15,AHFC ECNL GU15,1,1,Carpenter Park - Field C,36,10,Sting Soccer Club,Albion Hurricanes FC
U15,Texas,171433,2020-10-11 11:00,12268,20411,Dallas Texans ECNL GU15,Sting Austin ECNL GU15,3,0,Dallas Texans Lewisville - Field 1,37,1690,Dallas Texans,Sting Austin
U15,Texas,171431,2020-10-11 13:00,45802,20413,Sting Dallas Royal ECNL GU15,Tulsa SC ECNL GU15,3,0,Field 1,36,7,Sting Soccer Club,No Club Selection
U15,Texas,171435,2020-10-17 09:00,20382,19420,Challenge SC ECNL GU15,Oklahoma Celtic ECNL GU15,3,1,Burroughs Park - Field 4,25,2134,Challenge SC,Oklahoma Celtic
U15,Texas,171436,2020-10-17 09:00,46784,11423,FC Dallas ECNL GU15,Solar ECNL GU15,1,2,Toyota Soccer Center - Field 6,47,101,FC Dallas Youth,Solar SC
U15,Texas,171437,2020-10-17 11:00,45802,12268,Sting Dallas Royal ECNL GU15,Dallas Texans ECNL GU15,0,1,Sting Complex - Field 1,36,37,Sting Soccer Club,Dallas Texans
U15,Texas,171440,2020-10-18 09:00,46784,12268,FC Dallas ECNL GU15,Dallas Texans ECNL GU15,2,1,Toyota Soccer Center - Field 5,47,37,FC Dallas Youth,Dallas Texans
U15,Texas,171441,2020-10-18 09:00,45802,11423,Sting Dallas Royal ECNL GU15,Solar ECNL GU15,0,8,Sting Complex - Field 1,36,101,Sting Soccer Club,Solar SC
U15,Texas,171438,2020-10-18 13:45,20381,19420,AHFC ECNL GU15,Oklahoma Celtic ECNL GU15,3,0,Campbell Road Sports Park - Field 5,10,2134,Albion Hurricanes FC,Oklahoma Celtic
U15,Texas,171442,2020-10-24 11:00,20383,20412,Classics Elite  ECNL GU15,Sting Dallas Black ECNL GU15,1,2,CE Soccer Complex - Field 5 d don't use,1375,36,Classics Elite Soccer Academy,Sting Soccer Club
U15,Texas,171443,2020-10-24 11:00,20411,19628,Sting Austin ECNL GU15,DKSC ECNL GU15,0,4,1849 Park - Field 3B,1690,7,Sting Austin,No Club Selection
U15,Texas,171445,2020-10-25 09:00,20411,20412,Sting Austin ECNL GU15,Sting Dallas Black ECNL GU15,0,3,1849 Park - Field 3B,1690,36,Sting Austin,Sting Soccer Club
U15,Texas,171444,2020-10-25 11:00,20383,19628,Classics Elite  ECNL GU15,DKSC ECNL GU15,2,3,CE Soccer Complex - Field 5 d don't use,1375,7,Classics Elite Soccer Academy,No Club Selection
U15,Texas,171451,2020-10-31 09:00,11423,19628,Solar ECNL GU15,DKSC ECNL GU15,4,1,Gateway Park - Field 5,101,7,Solar SC,No Club Selection
U15,Texas,171450,2020-10-31 10:00,12268,20412,Dallas Texans ECNL GU15,Sting Dallas Black ECNL GU15,0,2,Arlington Heights High School - Field 1,37,36,Dallas Texans,Sting Soccer Club
U15,Texas,171447,2020-10-31 11:00,45802,20382,Sting Dallas Royal ECNL GU15,Challenge SC ECNL GU15,0,3,Carpenter Pak - Field A,36,25,Sting Soccer Club,Challenge SC
U15,Texas,171446,2020-10-31 13:00,46784,20381,FC Dallas ECNL GU15,AHFC ECNL GU15,1,0,Toyota Soccer Center - Field 6,47,10,FC Dallas Youth,Albion Hurricanes FC
U15,Texas,171452,2020-11-01 08:00,46784,20382,FC Dallas ECNL GU15,Challenge SC ECNL GU15,1,1,Toyota Soccer Center - Field 6,47,25,FC Dallas Youth,Challenge SC
U15,Texas,171456,2020-11-01 10:00,12268,19628,Dallas Texans ECNL GU15,DKSC ECNL GU15,1,1,Arlington Heights High School - Field 1,37,7,Dallas Texans,No Club Selection
U15,Texas,171453,2020-11-01 13:00,45802,20381,Sting Dallas Royal ECNL GU15,AHFC ECNL GU15,1,3,Carpenter Pak - Field C,36,10,Sting Soccer Club,Albion Hurricanes FC
U15,Texas,171459,2020-11-07 09:00,20412,19420,Sting Dallas Black ECNL GU15,Oklahoma Celtic ECNL GU15,4,1,Toyota of Lewisville Railroad Park - Field 3,36,2134,Sting Soccer Club,Oklahoma Celtic
U15,Texas,171458,2020-11-07 11:00,19628,20413,DKSC ECNL GU15,Tulsa SC ECNL GU15,2,2,Cox Soccer Complex - Field 2,7,7,No Club Selection,No Club Selection
U15,Texas,171461,2020-11-08 09:00,20412,20413,Sting Dallas Black ECNL GU15,Tulsa SC ECNL GU15,0,1,Toyota of Lewisville Railroad Park - Field 3,36,7,Sting Soccer Club,No Club Selection
U15,Texas,171464,2020-11-08 09:00,46784,45802,FC Dallas ECNL GU15,Sting Dallas Royal ECNL GU15,2,0,Toyota Soccer Center - Field 6,47,36,FC Dallas Youth,Sting Soccer Club
U15,Texas,171465,2020-11-08 10:00,12268,11423,Dallas Texans ECNL GU15,Solar ECNL GU15,1,2,Ross Stewart Soccer Complex - Field 1,37,101,Dallas Texans,Solar SC
U15,Texas,171460,2020-11-08 11:00,19628,19420,DKSC ECNL GU15,Oklahoma Celtic ECNL GU15,2,4,Cox Soccer Complex - Field 2,7,2134,No Club Selection,Oklahoma Celtic
U15,Texas,171463,2020-11-08 11:00,20383,20411,Classics Elite  ECNL GU15,Sting Austin ECNL GU15,5,0,CE Soccer Complex - Field 5 d don't use,1375,1690,Classics Elite Soccer Academy,Sting Austin
U15,Texas,171466,2020-11-21 13:00,12268,20382,Dallas Texans ECNL GU15,Challenge SC ECNL GU15,2,1,Ross Stewart Soccer Complex - Field 3,37,25,Dallas Texans,Challenge SC
U15,Texas,171467,2020-11-21 13:00,11423,20381,Solar ECNL GU15,AHFC ECNL GU15,4,1,Fairview Soccer Park - Field 5,101,10,Solar SC,Albion Hurricanes FC
U15,Texas,171469,2020-11-22 13:00,12268,20381,Dallas Texans ECNL GU15,AHFC ECNL GU15,1,2,Ross Stewart Soccer Complex - Field 3,37,10,Dallas Texans,Albion Hurricanes FC
U15,Texas,171470,2020-11-22 13:00,11423,20382,Solar ECNL GU15,Challenge SC ECNL GU15,3,1,Fairview Soccer Park - Field 6,101,25,Solar SC,Challenge SC
U15,Texas,171474,2020-12-12 09:00,19420,46784,Oklahoma Celtic ECNL GU15,FC Dallas ECNL GU15,2,2,Oklahoma Celtic - Field 8,2134,47,Oklahoma Celtic,FC Dallas Youth
U15,Texas,171475,2020-12-12 11:00,20413,45802,Tulsa SC ECNL GU15,Sting Dallas Royal ECNL GU15,2,0,ISSC - Field 38,7,36,No Club Selection,Sting Soccer Club
U15,Texas,171477,2020-12-12 11:00,20383,11423,Classics Elite  ECNL GU15,Solar ECNL GU15,1,8,CE Soccer Complex - Field 5,1375,101,Classics Elite Soccer Academy,Solar SC
U15,Texas,171476,2020-12-12 13:00,20411,12268,Sting Austin ECNL GU15,Dallas Texans ECNL GU15,0,1,Lake Travis High School Track - Field 1,1690,37,Sting Austin,Dallas Texans
U15,Texas,171482,2020-12-13 09:00,20411,11423,Sting Austin ECNL GU15,Solar ECNL GU15,0,9,Benold Middle School - Track Field,1690,101,Sting Austin,Solar SC
U15,Texas,171483,2020-12-13 09:00,20383,12268,Classics Elite  ECNL GU15,Dallas Texans ECNL GU15,1,4,CE Soccer Complex - Field 5,1375,37,Classics Elite Soccer Academy,Dallas Texans
U15,Texas,171434,2021-01-23 11:30,20381,20413,AHFC ECNL GU15,Tulsa SC ECNL GU15,3,0,Campbell Road Sports Park - Field 4,10,7,Albion Hurricanes FC,No Club Selection
U15,Texas,171439,2021-01-24 09:45,20382,20413,Challenge SC ECNL GU15,Tulsa SC ECNL GU15,2,1,Campbell Rd Sports Park,25,7,Challenge SC,No Club Selection
U15,Texas,171468,2021-01-30 12:00,20413,19420,Tulsa SC ECNL GU15,Oklahoma Celtic ECNL GU15,1,1,Titan Main - Field 2,7,2134,No Club Selection,Oklahoma Celtic
U15,Texas,171418,2021-01-31 11:00,19420,11423,Oklahoma Celtic ECNL GU15,Solar ECNL GU15,1,7,Oklahoma Celtic - Field 8,2134,101,Oklahoma Celtic,Solar SC
U15,Texas,171471,2021-02-07 09:00,20412,19628,Sting Dallas Black ECNL GU15,DKSC ECNL GU15,1,0,Sting Complex - Field 1,36,7,Sting Soccer Club,No Club Selection
U15,Texas,171422,2021-02-20 13:00,20412,20382,Sting Dallas Black ECNL GU15,Challenge SC ECNL GU15,1,2,Sting Complex - Field 1,36,25,Sting Soccer Club,Challenge SC
U15,Texas,171429,2021-02-21 13:00,19628,20382,DKSC ECNL GU15,Challenge SC ECNL GU15,,,Fairview Soccer Park - Field 1,7,25,No Club Selection,Challenge SC
U15,Texas,171485,2021-04-17 13:00,20411,46784,Sting Austin ECNL GU15,FC Dallas ECNL GU15,0,3,Charles A. Forbes Middle School - Stadium Field,1690,47,Sting Austin,FC Dallas Youth
U15,Texas,171486,2021-04-17 13:00,20383,45802,Classics Elite  ECNL GU15,Sting Dallas Royal ECNL GU15,3,2,CE Soccer Complex - Field 5,1375,36,Classics Elite Soccer Academy,Sting Soccer Club
U15,Texas,171389,2021-04-18 11:30,20413,20412,Tulsa SC ECNL GU15,Sting Dallas Black ECNL GU15,0,1,Mohawk - Field 15,7,36,No Club Selection,Sting Soccer Club
U15,Texas,171411,2021-04-18 12:00,12268,19420,Dallas Texans ECNL GU15,Oklahoma Celtic ECNL GU15,3,1,Ross Stewart Soccer Complex - Field 1,37,2134,Dallas Texans,Oklahoma Celtic
U15,Texas,171489,2021-04-18 13:00,20411,45802,Sting Austin ECNL GU15,Sting Dallas Royal ECNL GU15,2,2,East View High School - Stadium Field,1690,36,Sting Austin,Sting Soccer Club
U15,Texas,171490,2021-04-18 13:00,20383,46784,Classics Elite  ECNL GU15,FC Dallas ECNL GU15,3,6,CE Soccer Complex - Field 5 d don't use,1375,47,Classics Elite Soccer Academy,FC Dallas Youth
U15,Texas,171493,2021-04-24 09:00,20412,20411,Sting Dallas Black ECNL GU15,Sting Austin ECNL GU15,1,2,Carpenter Park - Field A,36,1690,Sting Soccer Club,Sting Austin
U15,Texas,171495,2021-04-24 12:00,11423,45802,Solar ECNL GU15,Sting Dallas Royal ECNL GU15,1,0,Gateway Park - Field 3,101,36,Solar SC,Sting Soccer Club
U15,Texas,171491,2021-04-24 13:00,20413,20382,Tulsa SC ECNL GU15,Challenge SC ECNL GU15,0,4,Titan Main - Field 2,7,25,No Club Selection,Challenge SC
U15,Texas,171494,2021-04-24 13:00,19628,20383,DKSC ECNL GU15,Classics Elite  ECNL GU15,3,2,Cox Soccer Complex - Field 2,7,1375,No Club Selection,Classics Elite Soccer Academy
U15,Texas,171492,2021-04-24 15:00,19420,20381,Oklahoma Celtic ECNL GU15,AHFC ECNL GU15,,,Oklahoma Celtic - Field 8,2134,10,Oklahoma Celtic,Albion Hurricanes FC
U15,Texas,171499,2021-04-25 09:00,20412,20383,Sting Dallas Black ECNL GU15,Classics Elite  ECNL GU15,2,1,Sting Complex - Field 1,36,1375,Sting Soccer Club,Classics Elite Soccer Academy
U15,Texas,171497,2021-04-25 10:00,20413,20381,Tulsa SC ECNL GU15,AHFC ECNL GU15,1,0,Titan Main - Field 1,7,10,No Club Selection,Albion Hurricanes FC
U15,Texas,171498,2021-04-25 10:15,19420,20382,Oklahoma Celtic ECNL GU15,Challenge SC ECNL GU15,0,3,Oklahoma Celtic - Field 8,2134,25,Oklahoma Celtic,Challenge SC
U15,Texas,171500,2021-04-25 11:00,19628,20411,DKSC ECNL GU15,Sting Austin ECNL GU15,3,1,Cox Soccer Complex - Field 2,7,1690,No Club Selection,Sting Austin
U15,Texas,171506,2021-05-01 09:00,19628,12268,DKSC ECNL GU15,Dallas Texans ECNL GU15,0,2,Cox Soccer Complex - Field 2,7,37,No Club Selection,Dallas Texans
U15,Texas,171505,2021-05-01 11:00,20412,11423,Sting Dallas Black ECNL GU15,Solar ECNL GU15,0,5,Lebanon Trail High School - Stadium FIeld,36,101,Sting Soccer Club,Solar SC
U15,Texas,171484,2021-05-01 11:30,19420,20413,Oklahoma Celtic ECNL GU15,Tulsa SC ECNL GU15,2,2,Oklahoma Celtic - Field 8,2134,7,Oklahoma Celtic,No Club Selection
U15,Texas,171504,2021-05-01 13:00,20382,46784,Challenge SC ECNL GU15,FC Dallas ECNL GU15,0,3,Burroughs Park - Field 2,25,47,Challenge SC,FC Dallas Youth
U15,Texas,171509,2021-05-02 09:00,20412,12268,Sting Dallas Black ECNL GU15,Dallas Texans ECNL GU15,1,0,Curtis Middle School - Field 1,36,37,Sting Soccer Club,Dallas Texans
U15,Texas,171511,2021-05-02 09:00,20411,20383,Sting Austin ECNL GU15,Classics Elite  ECNL GU15,,,1849 Park - Field 3A,1690,1375,Sting Austin,Classics Elite Soccer Academy
U15,Texas,171510,2021-05-02 11:00,19628,11423,DKSC ECNL GU15,Solar ECNL GU15,0,6,Cox Soccer Complex - Field 2,7,101,No Club Selection,Solar SC
U15,Texas,171508,2021-05-02 11:30,20382,45802,Challenge SC ECNL GU15,Sting Dallas Royal ECNL GU15,0,3,Burroughs Park - Field 2,25,36,Challenge SC,Sting Soccer Club
U15,Texas,171462,2021-05-05 18:00,20381,20382,AHFC ECNL GU15,Challenge SC ECNL GU15,3,1,Campbell Road Sports Park - Field 1,10,25,Albion Hurricanes FC,Challenge SC
U15,Texas,171391,2021-05-08 09:00,20411,20381,Sting Austin ECNL GU15,AHFC ECNL GU15,1,1,Parkway Church - Field 1,1690,10,Sting Austin,Albion Hurricanes FC
U15,Texas,171480,2021-05-08 09:00,19420,45802,Oklahoma Celtic ECNL GU15,Sting Dallas Royal ECNL GU15,2,2,Oklahoma Celtic - Field 11,2134,36,Oklahoma Celtic,Sting Soccer Club
U15,Texas,171481,2021-05-08 11:00,20413,46784,Tulsa SC ECNL GU15,FC Dallas ECNL GU15,0,2,Titan Main - Field 2,7,47,No Club Selection,FC Dallas Youth
U15,Texas,237753,2021-05-11 18:30,11423,20412,Solar ECNL GU15,Sting Dallas Black ECNL GU15,2,0,Frisco Heritage High School - Field 1,101,36,Solar SC,Sting Soccer Club
U15,Texas,171514,2021-05-15 09:00,46784,20383,FC Dallas ECNL GU15,Classics Elite  ECNL GU15,3,0,Toyota Soccer Center - Field 5,47,1375,FC Dallas Youth,Classics Elite Soccer Academy
U15,Texas,171515,2021-05-15 13:00,45802,20411,Sting Dallas Royal ECNL GU15,Sting Austin ECNL GU15,0,0,Sting Complex - Field 1,36,1690,Sting Soccer Club,Sting Austin
U15,Texas,171513,2021-05-15 14:15,20382,11423,Challenge SC ECNL GU15,Solar ECNL GU15,0,4,Burroughs Park - Field 2,25,101,Challenge SC,Solar SC
U15,Texas,171512,2021-05-15 15:00,20381,12268,AHFC ECNL GU15,Dallas Texans ECNL GU15,1,1,Campbell Road Sports Park - Field 1,10,37,Albion Hurricanes FC,Dallas Texans
U15,Texas,171518,2021-05-16 08:00,46784,20411,FC Dallas ECNL GU15,Sting Austin ECNL GU15,4,0,Memorial High School - Field 1,47,1690,FC Dallas Youth,Sting Austin
U15,Texas,171519,2021-05-16 09:00,45802,20383,Sting Dallas Royal ECNL GU15,Classics Elite  ECNL GU15,0,3,Curtis Middle School - Field 1,36,1375,Sting Soccer Club,Classics Elite Soccer Academy
U15,Texas,171487,2021-05-16 10:00,19420,20412,Oklahoma Celtic ECNL GU15,Sting Dallas Black ECNL GU15,,,Oklahoma Celtic - Field 8,2134,36,Oklahoma Celtic,Sting Soccer Club
U15,Texas,171488,2021-05-16 10:00,20413,19628,Tulsa SC ECNL GU15,DKSC ECNL GU15,1,4,ISSC - Field 38,7,7,No Club Selection,No Club Selection
U15,Texas,171517,2021-05-16 11:00,20382,12268,Challenge SC ECNL GU15,Dallas Texans ECNL GU15,3,1,Burroughs Park - Field 2,25,37,Challenge SC,Dallas Texans
U15,Texas,171448,2021-05-22 09:00,19420,20383,Oklahoma Celtic ECNL GU15,Classics Elite  ECNL GU15,1,3,Oklahoma Celtic - Field 8,2134,1375,Oklahoma Celtic,Classics Elite Soccer Academy
U15,Texas,171473,2021-05-22 09:00,20381,20412,AHFC ECNL GU15,Sting Dallas Black ECNL GU15,1,1,Campbell Road Sports Park - Field 1,10,36,Albion Hurricanes FC,Sting Soccer Club
U15,Texas,171449,2021-05-22 11:00,20413,20411,Tulsa SC ECNL GU15,Sting Austin ECNL GU15,0,2,ISSC - Field 38,7,1690,No Club Selection,Sting Austin
U15,Texas,171472,2021-05-22 14:30,20382,19628,Challenge SC ECNL GU15,DKSC ECNL GU15,0,0,Matias Almeyda - Field 1,25,7,Challenge SC,No Club Selection
U15,Texas,171478,2021-05-23 09:30,20382,20412,Challenge SC ECNL GU15,Sting Dallas Black ECNL GU15,1,0,Matias Almeyda - Field 1,25,36,Challenge SC,Sting Soccer Club
U15,Texas,171479,2021-05-23 09:45,20381,19628,AHFC ECNL GU15,DKSC ECNL GU15,2,2,Campbell Road Sports Park - Field 1,10,7,Albion Hurricanes FC,No Club Selection
U15,Texas,171455,2021-05-23 10:00,20413,20383,Tulsa SC ECNL GU15,Classics Elite  ECNL GU15,0,1,ISSC - Field 38,7,1375,No Club Selection,Classics Elite Soccer Academy
U15,Texas,171454,2021-05-23 11:00,19420,20411,Oklahoma Celtic ECNL GU15,Sting Austin ECNL GU15,1,1,Oklahoma Celtic - Field 8,2134,1690,Oklahoma Celtic,Sting Austin
U15,Texas,171501,2021-05-26 20:00,11423,46784,Solar ECNL GU15,FC Dallas ECNL GU15,4,4,Wakeland High School - Field 1,101,47,Solar SC,FC Dallas Youth
U15,Texas,171496,2021-05-29 09:00,12268,46784,Dallas Texans ECNL GU15,FC Dallas ECNL GU15,1,2,Arlington Heights High School - Field 1,37,47,Dallas Texans,FC Dallas Youth
U15,Texas,171502,2021-06-01 20:15,12268,45802,Dallas Texans ECNL GU15,Sting Dallas Royal ECNL GU15,4,1,Wakeland High School - Field 1,37,36,Dallas Texans,Sting Soccer Club
U15,Texas,171503,2021-06-04 14:15,20381,45802,AHFC ECNL GU15,Sting Dallas Royal ECNL GU15,3,2,Meyer Park - Field 4,10,36,Albion Hurricanes FC,Sting Soccer Club
U15,Texas,171507,2021-06-05 11:30,20381,46784,AHFC ECNL GU15,FC Dallas ECNL GU15,0,3,Meyer Park - Field 2,10,47,Albion Hurricanes FC,FC Dallas Youth
U15,Texas,171516,2021-06-06 13:00,20381,11423,AHFC ECNL GU15,Solar ECNL GU15,,,Meyer Park - Field 2,10,101,Albion Hurricanes FC,Solar SC
U16,Mid-Atlantic,194222,2020-09-12 11:00,11339,44724,CESA ECNL GU16,Charlotte SA ECNL GU16,0,2,Mesa Soccer Complex - Field 2,380,26,Carolina Elite Soccer Academy,Charlotte Soccer Academy
U16,Mid-Atlantic,194220,2020-09-12 12:00,11511,13554,NCFC Youth ECNL GU16,NC Fusion ECNL GU16,0,0,WRAL Soccer Center - Soccer.com #12,22,71,NCFC Youth,NC Fusion
U16,Mid-Atlantic,194219,2020-09-12 14:00,44731,19666,NC Courage ECNL GU16,Wilmington Hammerheads ECNL GU16,5,1,WRAL Soccer Complex - WRAL 05 First Watch,3404,2181,NC Courage Academy,Wilmington Hammerheads
U16,Mid-Atlantic,194221,2020-09-12 14:00,11116,11040,Charlotte Independence ECNL GU16,South Carolina United ECNL GU16,0,1,Bailey Road Park - Field 2 (lower),1010,1689,Charlotte Independence SC,South Carolina United FC
U16,Mid-Atlantic,194218,2020-09-12 15:00,11507,19776,Richmond United ECNL GU16,Loudoun Soccer ECNL GU16,4,2,West Creek - Field 7,417,450,Richmond United,Loudoun Soccer
U16,Mid-Atlantic,194226,2020-09-13 11:00,11116,11339,Charlotte Independence ECNL GU16,CESA ECNL GU16,0,3,Bailey Road Park - Field 2 (lower),1010,380,Charlotte Independence SC,Carolina Elite Soccer Academy
U16,Mid-Atlantic,194223,2020-09-13 12:00,11501,11505,BRYC Elite Academy ECNL GU16,McLean YSA ECNL GU16,0,4,Robinson High School - Upper Turf,65,65,McLean Youth Soccer,McLean Youth Soccer
U16,Mid-Atlantic,194224,2020-09-13 12:00,13554,44731,NC Fusion ECNL GU16,NC Courage ECNL GU16,0,5,Truist Sports Park - Field 1,71,3404,NC Fusion,NC Courage Academy
U16,Mid-Atlantic,194225,2020-09-13 13:00,19666,11511,Wilmington Hammerheads ECNL GU16,NCFC Youth ECNL GU16,3,5,Cape Fear Regional Soccer Park - Field 3,2181,22,Wilmington Hammerheads,NCFC Youth
U16,Mid-Atlantic,194230,2020-09-19 10:00,11511,11339,NCFC Youth ECNL GU16,CESA ECNL GU16,1,2,WRAL Soccer Center - Accentuate Staffing #4,22,380,NCFC Youth,Carolina Elite Soccer Academy
U16,Mid-Atlantic,194229,2020-09-19 12:00,44731,11040,NC Courage ECNL GU16,South Carolina United ECNL GU16,4,1,WRAL Soccer Complex - WRAL 06 Stadium,3404,1689,NC Courage Academy,South Carolina United FC
U16,Mid-Atlantic,194232,2020-09-19 12:00,44724,11116,Charlotte SA ECNL GU16,Charlotte Independence ECNL GU16,3,0,OrthoCarolina Sportsplex - Field 5,26,1010,Charlotte Soccer Academy,Charlotte Independence SC
U16,Mid-Atlantic,194227,2020-09-19 13:00,20319,19776,VDA ECNL GU16,Loudoun Soccer ECNL GU16,2,2,Ali Krieger Sports Complex (AKSC) - Field 7,1785,450,Virginia Development Academy,Loudoun Soccer
U16,Mid-Atlantic,194231,2020-09-19 14:00,13554,19666,NC Fusion ECNL GU16,Wilmington Hammerheads ECNL GU16,1,1,Truist Soccer Complex at Bryan Park - BP 07,71,2181,NC Fusion,Wilmington Hammerheads
U16,Mid-Atlantic,194228,2020-09-19 15:00,11507,11501,Richmond United ECNL GU16,BRYC Elite Academy ECNL GU16,5,0,West Creek - Field 7,417,65,Richmond United,McLean Youth Soccer
U16,Mid-Atlantic,194234,2020-09-20 09:00,11511,11040,NCFC Youth ECNL GU16,South Carolina United ECNL GU16,0,0,Wake Competition Center - Field 1,22,1689,NCFC Youth,South Carolina United FC
U16,Mid-Atlantic,194233,2020-09-20 13:00,44731,11339,NC Courage ECNL GU16,CESA ECNL GU16,6,0,WRAL Soccer Complex - WRAL 05 First Watch,3404,380,NC Courage Academy,Carolina Elite Soccer Academy
U16,Mid-Atlantic,194235,2020-09-20 13:00,44724,13554,Charlotte SA ECNL GU16,NC Fusion ECNL GU16,0,1,OrthoCarolina Sportsplex - Field 5,26,71,Charlotte Soccer Academy,NC Fusion
U16,Mid-Atlantic,194237,2020-09-26 09:00,20319,11501,VDA ECNL GU16,BRYC Elite Academy ECNL GU16,1,0,Ali Krieger Sports Complex (AKSC) - Field 7,1785,65,Virginia Development Academy,McLean Youth Soccer
U16,Mid-Atlantic,194240,2020-09-26 11:00,13554,11040,NC Fusion ECNL GU16,South Carolina United ECNL GU16,1,3,Truist Soccer Complex at Bryan Park - BP 07,71,1689,NC Fusion,South Carolina United FC
U16,Mid-Atlantic,194239,2020-09-26 12:00,11511,11116,NCFC Youth ECNL GU16,Charlotte Independence ECNL GU16,1,0,WRAL Soccer Center - Office Mart #13,22,1010,NCFC Youth,Charlotte Independence SC
U16,Mid-Atlantic,194236,2020-09-26 12:30,11505,11507,McLean YSA ECNL GU16,Richmond United ECNL GU16,2,3,Lewinsville Park - Field 2,65,417,McLean Youth Soccer,Richmond United
U16,Mid-Atlantic,194238,2020-09-26 14:00,44731,44724,NC Courage ECNL GU16,Charlotte SA ECNL GU16,2,1,WRAL Soccer Complex - WRAL 06 Stadium,3404,26,NC Courage Academy,Charlotte Soccer Academy
U16,Mid-Atlantic,194241,2020-09-27 13:00,11040,44724,South Carolina United ECNL GU16,Charlotte SA ECNL GU16,3,3,Southeastern Freight Lines Complex - Stadium A,1689,26,South Carolina United FC,Charlotte Soccer Academy
U16,Mid-Atlantic,194243,2020-10-03 09:00,19666,11339,Wilmington Hammerheads ECNL GU16,CESA ECNL GU16,4,1,Cape Fear Regional Soccer Park - Field 3,2181,380,Wilmington Hammerheads,Carolina Elite Soccer Academy
U16,Mid-Atlantic,194242,2020-10-03 15:00,11507,20319,Richmond United ECNL GU16,VDA ECNL GU16,3,1,West Creek - Field 7,417,1785,Richmond United,Virginia Development Academy
U16,Mid-Atlantic,194244,2020-10-03 16:00,44724,11040,Charlotte SA ECNL GU16,South Carolina United ECNL GU16,3,0,OrthoCarolina Sportsplex - Field 5,26,1689,Charlotte Soccer Academy,South Carolina United FC
U16,Mid-Atlantic,194245,2020-10-04 10:00,19776,11505,Loudoun Soccer ECNL GU16,McLean YSA ECNL GU16,1,1,Loudoun Soccer Park - Field 2,450,65,Loudoun Soccer,McLean Youth Soccer
U16,Mid-Atlantic,194247,2020-10-04 11:00,13554,11511,NC Fusion ECNL GU16,NCFC Youth ECNL GU16,1,1,Truist Soccer Complex at Bryan Park - BP 01,71,22,NC Fusion,NCFC Youth
U16,Mid-Atlantic,194246,2020-10-04 15:00,44731,11116,NC Courage ECNL GU16,Charlotte Independence ECNL GU16,3,1,WRAL Soccer Complex - WRAL 03 Ricky Horwitz,3404,1010,NC Courage Academy,Charlotte Independence SC
U16,Mid-Atlantic,194248,2020-10-10 12:00,11501,11507,BRYC Elite Academy ECNL GU16,Richmond United ECNL GU16,1,5,Robinson High School - Upper Turf,65,417,McLean Youth Soccer,Richmond United
U16,Mid-Atlantic,194249,2020-10-10 12:00,19776,20319,Loudoun Soccer ECNL GU16,VDA ECNL GU16,4,3,Riverside High School - Stadium,450,1785,Loudoun Soccer,Virginia Development Academy
U16,Mid-Atlantic,194250,2020-10-10 16:00,11116,19666,Charlotte Independence ECNL GU16,Wilmington Hammerheads ECNL GU16,0,1,Bradford Park - Field 3,1010,2181,Charlotte Independence SC,Wilmington Hammerheads
U16,Mid-Atlantic,194251,2020-10-11 15:00,44731,13554,NC Courage ECNL GU16,NC Fusion ECNL GU16,3,0,WRAL Soccer Complex - WRAL 05 First Watch,3404,71,NC Courage Academy,NC Fusion
U16,Mid-Atlantic,194253,2020-10-17 09:00,20319,11505,VDA ECNL GU16,McLean YSA ECNL GU16,1,3,Ali Krieger Sports Complex (AKSC) - Field 7,1785,65,Virginia Development Academy,McLean Youth Soccer
U16,Mid-Atlantic,194252,2020-10-17 10:00,11501,19776,BRYC Elite Academy ECNL GU16,Loudoun Soccer ECNL GU16,3,3,Robinson High School - Upper Turf,65,450,McLean Youth Soccer,Loudoun Soccer
U16,Mid-Atlantic,194254,2020-10-17 10:00,11511,19666,NCFC Youth ECNL GU16,Wilmington Hammerheads ECNL GU16,2,0,WRAL Soccer Center - First Watch #5,22,2181,NCFC Youth,Wilmington Hammerheads
U16,Mid-Atlantic,194255,2020-10-17 11:00,11116,13554,Charlotte Independence ECNL GU16,NC Fusion ECNL GU16,1,3,Bradford Park - Field 3,1010,71,Charlotte Independence SC,NC Fusion
U16,Mid-Atlantic,194256,2020-10-17 12:00,44724,11339,Charlotte SA ECNL GU16,CESA ECNL GU16,2,0,OrthoCarolina Sportsplex - Field 5,26,380,Charlotte Soccer Academy,Carolina Elite Soccer Academy
U16,Mid-Atlantic,194257,2020-10-18 11:00,11511,44724,NCFC Youth ECNL GU16,Charlotte SA ECNL GU16,0,2,WRAL Soccer Center - Stadium #6,22,26,NCFC Youth,Charlotte Soccer Academy
U16,Mid-Atlantic,194259,2020-10-18 11:00,11339,11116,CESA ECNL GU16,Charlotte Independence ECNL GU16,2,1,Mesa Soccer Complex - Field 2,380,1010,Carolina Elite Soccer Academy,Charlotte Independence SC
U16,Mid-Atlantic,194258,2020-10-18 15:00,19666,13554,Wilmington Hammerheads ECNL GU16,NC Fusion ECNL GU16,3,0,Cape Fear Regional Soccer Park - Field 3,2181,71,Wilmington Hammerheads,NC Fusion
U16,Mid-Atlantic,194262,2020-10-24 10:00,44731,11511,NC Courage ECNL GU16,NCFC Youth ECNL GU16,2,1,WRAL Soccer Complex - WRAL 06 Stadium,3404,22,NC Courage Academy,NCFC Youth
U16,Mid-Atlantic,194260,2020-10-24 14:00,11505,11501,McLean YSA ECNL GU16,BRYC Elite Academy ECNL GU16,4,1,Lewinsville Park - Field 2,65,65,McLean Youth Soccer,McLean Youth Soccer
U16,Mid-Atlantic,194261,2020-10-24 14:00,19776,11507,Loudoun Soccer ECNL GU16,Richmond United ECNL GU16,0,2,Loudoun Soccer Park - Field 1,450,417,Loudoun Soccer,Richmond United
U16,Mid-Atlantic,194263,2020-10-24 15:00,19666,11040,Wilmington Hammerheads ECNL GU16,South Carolina United ECNL GU16,3,1,Cape Fear Regional Soccer Park - Field 2,2181,1689,Wilmington Hammerheads,South Carolina United FC
U16,Mid-Atlantic,194266,2020-10-31 10:00,11511,44731,NCFC Youth ECNL GU16,NC Courage ECNL GU16,3,6,WRAL Soccer Center - First Watch #5,22,3404,NCFC Youth,NC Courage Academy
U16,Mid-Atlantic,194268,2020-10-31 11:00,13554,11339,NC Fusion ECNL GU16,CESA ECNL GU16,2,3,Truist Soccer Complex at Bryan Park - BP 01,71,380,NC Fusion,Carolina Elite Soccer Academy
U16,Mid-Atlantic,194267,2020-10-31 12:00,44724,19666,Charlotte SA ECNL GU16,Wilmington Hammerheads ECNL GU16,1,2,OrthoCarolina Sportsplex - Field 5,26,2181,Charlotte Soccer Academy,Wilmington Hammerheads
U16,Mid-Atlantic,194269,2020-10-31 13:00,11040,11116,South Carolina United ECNL GU16,Charlotte Independence ECNL GU16,3,1,Southeastern Freight Lines Complex - Stadium B,1689,1010,South Carolina United FC,Charlotte Independence SC
U16,Mid-Atlantic,194271,2020-11-01 09:00,11116,44724,Charlotte Independence ECNL GU16,Charlotte SA ECNL GU16,0,2,Bailey Road Park - Field 2 (lower),1010,26,Charlotte Independence SC,Charlotte Soccer Academy
U16,Mid-Atlantic,194270,2020-11-01 14:00,11507,11505,Richmond United ECNL GU16,McLean YSA ECNL GU16,2,1,West Creek - Field 7,417,65,Richmond United,McLean Youth Soccer
U16,Mid-Atlantic,194273,2020-11-07 13:00,11339,11040,CESA ECNL GU16,South Carolina United ECNL GU16,0,2,Mesa Soccer Complex - Field 19,380,1689,Carolina Elite Soccer Academy,South Carolina United FC
U16,Mid-Atlantic,194274,2020-11-08 13:00,11040,11339,South Carolina United ECNL GU16,CESA ECNL GU16,3,2,Southeastern Freight Lines Complex - Stadium A,1689,380,South Carolina United FC,Carolina Elite Soccer Academy
U16,Mid-Atlantic,194278,2020-11-14 11:00,11116,11511,Charlotte Independence ECNL GU16,NCFC Youth ECNL GU16,0,1,Manchester Meadows - Field 2,1010,22,Charlotte Independence SC,NCFC Youth
U16,Mid-Atlantic,194280,2020-11-14 11:00,11339,13554,CESA ECNL GU16,NC Fusion ECNL GU16,1,0,Mesa Soccer Complex - Field 2,380,71,Carolina Elite Soccer Academy,NC Fusion
U16,Mid-Atlantic,194277,2020-11-14 14:00,44724,44731,Charlotte SA ECNL GU16,NC Courage ECNL GU16,6,3,OrthoCarolina Sportsplex - Field 4,26,3404,Charlotte Soccer Academy,NC Courage Academy
U16,Mid-Atlantic,194279,2020-11-14 15:00,11040,19666,South Carolina United ECNL GU16,Wilmington Hammerheads ECNL GU16,0,2,Southeastern Freight Lines Complex - Stadium A,1689,2181,South Carolina United FC,Wilmington Hammerheads
U16,Mid-Atlantic,194283,2020-11-15 09:00,11339,19666,CESA ECNL GU16,Wilmington Hammerheads ECNL GU16,0,0,Mesa Soccer Complex - Field 2,380,2181,Carolina Elite Soccer Academy,Wilmington Hammerheads
U16,Mid-Atlantic,194281,2020-11-15 11:00,44724,11511,Charlotte SA ECNL GU16,NCFC Youth ECNL GU16,1,1,OrthoCarolina Sportsplex - Field 5,26,22,Charlotte Soccer Academy,NCFC Youth
U16,Mid-Atlantic,194284,2020-11-15 11:00,11040,13554,South Carolina United ECNL GU16,NC Fusion ECNL GU16,0,0,Southeastern Freight Lines Complex - Stadium A,1689,71,South Carolina United FC,NC Fusion
U16,Mid-Atlantic,194282,2020-11-15 15:00,11116,44731,Charlotte Independence ECNL GU16,NC Courage ECNL GU16,2,2,Manchester Meadows - Field 1,1010,3404,Charlotte Independence SC,NC Courage Academy
U16,Mid-Atlantic,194286,2020-11-21 10:00,11339,11511,CESA ECNL GU16,NCFC Youth ECNL GU16,3,4,CFC - Field 4,380,22,Carolina Elite Soccer Academy,NCFC Youth
U16,Mid-Atlantic,194288,2020-11-21 11:00,19666,44724,Wilmington Hammerheads ECNL GU16,Charlotte SA ECNL GU16,2,3,Cape Fear Regional Soccer Park - Field 3,2181,26,Wilmington Hammerheads,Charlotte Soccer Academy
U16,Mid-Atlantic,194289,2020-11-21 11:00,13554,11116,NC Fusion ECNL GU16,Charlotte Independence ECNL GU16,4,2,Truist Soccer Complex at Bryan Park - BP 08 Secret,71,1010,NC Fusion,Charlotte Independence SC
U16,Mid-Atlantic,194287,2020-11-21 13:00,11040,44731,South Carolina United ECNL GU16,NC Courage ECNL GU16,0,2,Southeastern Freight Lines Complex - Stadium B,1689,3404,South Carolina United FC,NC Courage Academy
U16,Mid-Atlantic,194276,2020-11-21 14:00,19776,11501,Loudoun Soccer ECNL GU16,BRYC Elite Academy ECNL GU16,1,0,Riverside High School - Stadium,450,65,Loudoun Soccer,McLean Youth Soccer
U16,Mid-Atlantic,194293,2020-11-22 11:00,13554,44724,NC Fusion ECNL GU16,Charlotte SA ECNL GU16,1,0,Truist Soccer Complex at Bryan Park - BP 01,71,26,NC Fusion,Charlotte Soccer Academy
U16,Mid-Atlantic,194292,2020-11-22 12:00,19666,11116,Wilmington Hammerheads ECNL GU16,Charlotte Independence ECNL GU16,2,2,Cape Fear Regional Soccer Park - Field 3,2181,1010,Wilmington Hammerheads,Charlotte Independence SC
U16,Mid-Atlantic,194290,2020-11-22 13:00,11339,44731,CESA ECNL GU16,NC Courage ECNL GU16,0,1,CFC - Field 4,380,3404,Carolina Elite Soccer Academy,NC Courage Academy
U16,Mid-Atlantic,194291,2020-11-22 13:00,11040,11511,South Carolina United ECNL GU16,NCFC Youth ECNL GU16,0,0,Southeastern Freight Lines Complex - Stadium B,1689,22,South Carolina United FC,NCFC Youth
U16,Mid-Atlantic,194264,2021-02-06 14:00,19666,44731,Wilmington Hammerheads ECNL GU16,NC Courage ECNL GU16,3,4,Cape Fear Regional Soccer Park - Field 3,2181,3404,Wilmington Hammerheads,NC Courage Academy
U16,Mid-Atlantic,194272,2021-02-27 13:00,20319,11507,VDA ECNL GU16,Richmond United ECNL GU16,0,3,Long Park - Field 6,1785,417,Virginia Development Academy,Richmond United
U16,Mid-Atlantic,194265,2021-03-10 19:30,11501,20319,BRYC Elite Academy ECNL GU16,VDA ECNL GU16,1,1,Robinson High School - Upper Turf,65,1785,McLean Youth Soccer,Virginia Development Academy
U16,Mid-Atlantic,194275,2021-03-14 15:00,11505,19776,McLean YSA ECNL GU16,Loudoun Soccer ECNL GU16,4,2,Loudoun Soccer Park - Field 2,65,450,McLean Youth Soccer,Loudoun Soccer
U16,Mid-Atlantic,194285,2021-05-22 17:30,11505,20319,McLean YSA ECNL GU16,VDA ECNL GU16,0,1,Lewinsville Park - Field 2,65,1785,McLean Youth Soccer,Virginia Development Academy
U16,Midwest,172104,2020-09-12 10:00,19372,11283,Kansas City Athletics ECNL GU16,SLSG Navy ECNL GU16,0,1,Olathe District Activity Complex - Football Field,2330,97,KC Athletics,St. Louis Scott Gallagher
U16,Midwest,172105,2020-09-12 11:00,11096,12529,Gretna Elite Academy ECNL GU16,SLSG White ECNL GU16,3,2,College Boulevard Athletic Complex - Field 1,7,97,No Club Selection,St. Louis Scott Gallagher
U16,Midwest,172106,2020-09-12 11:00,11102,11290,FC Wisconsin ECNL GU16,Michigan Hawks Magic ECNL GU16,1,0,FC Wisconsin Soccer Park - Field 1 - Val Olla Field,7,2359,No Club Selection,Michigan Hawks
U16,Midwest,172107,2020-09-12 11:00,20189,20380,Eclipse Select SC North ECNL GU16,Vardar ECNL GU16,4,1,FC Wisconsin Soccer Park - Field 2 - Hegarty Field,43,109,Eclipse Select Soccer Club,Vardar
U16,Midwest,172109,2020-09-13 11:00,11096,11283,Gretna Elite Academy ECNL GU16,SLSG Navy ECNL GU16,0,4,College Boulevard Athletic Complex - Field 1,7,97,No Club Selection,St. Louis Scott Gallagher
U16,Midwest,172110,2020-09-13 11:00,11102,20380,FC Wisconsin ECNL GU16,Vardar ECNL GU16,3,0,FC Wisconsin Soccer Park - Field 1 - Val Olla Field,7,109,No Club Selection,Vardar
U16,Midwest,172108,2020-09-13 13:00,19372,12529,Kansas City Athletics ECNL GU16,SLSG White ECNL GU16,2,0,College Boulevard Activity Complex - Football Field,2330,97,KC Athletics,St. Louis Scott Gallagher
U16,Midwest,172111,2020-09-13 13:00,20189,11290,Eclipse Select SC North ECNL GU16,Michigan Hawks Magic ECNL GU16,0,2,FC Wisconsin Soccer Park - Field 2 - Hegarty Field,43,2359,Eclipse Select Soccer Club,Michigan Hawks
U16,Midwest,172113,2020-09-19 14:00,20380,19897,Vardar ECNL GU16,Michigan Hawks ECNL GU16,0,8,Oakland University - Field 1,109,2359,Vardar,Michigan Hawks
U16,Midwest,172112,2020-09-19 15:00,11290,12526,Michigan Hawks Magic ECNL GU16,Eclipse Select SC ECNL GU16,0,0,,2359,43,Michigan Hawks,Eclipse Select Soccer Club
U16,Midwest,172114,2020-09-20 15:00,20380,12526,Vardar ECNL GU16,Eclipse Select SC ECNL GU16,0,2,The Plex - Field 8,109,43,Vardar,Eclipse Select Soccer Club
U16,Midwest,172103,2020-10-03 14:00,19897,11290,Michigan Hawks ECNL GU16,Michigan Hawks Magic ECNL GU16,2,0,Schoolcraft Turf - SC Turf,2359,2359,Michigan Hawks,Michigan Hawks
U16,Midwest,172116,2020-10-10 11:00,11283,19897,SLSG Navy ECNL GU16,Michigan Hawks ECNL GU16,3,3,Grand Park Sports Campus - Field 2,97,2359,St. Louis Scott Gallagher,Michigan Hawks
U16,Midwest,172120,2020-10-10 11:00,19372,20380,Kansas City Athletics ECNL GU16,Vardar ECNL GU16,4,2,Indiana Elite FC Soccer Complex - Field 1,2330,109,KC Athletics,Vardar
U16,Midwest,172122,2020-10-10 11:00,12529,11290,SLSG White ECNL GU16,Michigan Hawks Magic ECNL GU16,2,0,Grand Park Sports Campus - Field 3,97,2359,St. Louis Scott Gallagher,Michigan Hawks
U16,Midwest,172147,2020-10-10 11:00,11096,11102,Gretna Elite Academy ECNL GU16,FC Wisconsin ECNL GU16,3,0,Indiana Elite FC Soccer Complex - Field 3,7,7,No Club Selection,No Club Selection
U16,Midwest,172125,2020-10-11 10:15,19897,12529,Michigan Hawks ECNL GU16,SLSG White ECNL GU16,1,0,Grand Park Sports Campus - Field 2,2359,97,Michigan Hawks,St. Louis Scott Gallagher
U16,Midwest,172131,2020-10-11 10:15,11290,11283,Michigan Hawks Magic ECNL GU16,SLSG Navy ECNL GU16,0,2,Grand Park Sports Campus - Field 3,2359,97,Michigan Hawks,St. Louis Scott Gallagher
U16,Midwest,172133,2020-10-11 10:15,20380,11096,Vardar ECNL GU16,Gretna Elite Academy ECNL GU16,0,2,Indiana Elite Soccer Complex - Field 1,109,7,Vardar,No Club Selection
U16,Midwest,172148,2020-10-11 10:15,11102,19372,FC Wisconsin ECNL GU16,Kansas City Athletics ECNL GU16,1,2,Indiana Elite FC Soccer Complex - Field 3,7,2330,No Club Selection,KC Athletics
U16,Midwest,172136,2020-10-24 10:45,12529,20189,SLSG White ECNL GU16,Eclipse Select SC North ECNL GU16,3,1,Trinity Sports Park - Field 1,97,43,St. Louis Scott Gallagher,Eclipse Select Soccer Club
U16,Midwest,172135,2020-10-24 13:45,11283,12526,SLSG Navy ECNL GU16,Eclipse Select SC ECNL GU16,1,0,Heartland Sports Memorial Stadium - Field 1,97,43,St. Louis Scott Gallagher,Eclipse Select Soccer Club
U16,Midwest,172137,2020-10-25 09:00,11102,19897,FC Wisconsin ECNL GU16,Michigan Hawks ECNL GU16,0,7,FC Wisconsin Soccer Park - Field 1 - Val Olla Field,7,2359,No Club Selection,Michigan Hawks
U16,Midwest,172149,2020-10-25 09:30,20189,11283,Eclipse Select SC North ECNL GU16,SLSG Navy ECNL GU16,,,Trinity Sports Park - Field 2,43,97,Eclipse Select Soccer Club,St. Louis Scott Gallagher
U16,Midwest,172134,2020-10-25 12:00,11096,19372,Gretna Elite Academy ECNL GU16,Kansas City Athletics ECNL GU16,1,3,Papillion Landing - #1 Turf,7,2330,No Club Selection,KC Athletics
U16,Midwest,172138,2020-10-25 12:30,11290,20380,Michigan Hawks Magic ECNL GU16,Vardar ECNL GU16,2,0,St. Joe's Sports Complex - Outdoor Turf,2359,109,Michigan Hawks,Vardar
U16,Midwest,172119,2020-10-31,20189,11102,Eclipse Select SC North ECNL GU16,FC Wisconsin ECNL GU16,,,,43,7,Eclipse Select Soccer Club,No Club Selection
U16,Midwest,172118,2020-10-31 11:00,11096,11290,Gretna Elite Academy ECNL GU16,Michigan Hawks Magic ECNL GU16,2,1,The TBK Bank Sports Complex LLC - Field 8,7,2359,No Club Selection,Michigan Hawks
U16,Midwest,172127,2020-10-31 11:00,11283,20380,SLSG Navy ECNL GU16,Vardar ECNL GU16,6,0,"The TBK Bank Sports Complex, LLC - Field 3",97,109,St. Louis Scott Gallagher,Vardar
U16,Midwest,172130,2020-10-31 11:00,19372,19897,Kansas City Athletics ECNL GU16,Michigan Hawks ECNL GU16,1,0,"The TBK Bank Sports Complex, LLC - Field 7",2330,2359,KC Athletics,Michigan Hawks
U16,Midwest,172132,2020-10-31 11:00,12529,11102,SLSG White ECNL GU16,FC Wisconsin ECNL GU16,2,1,"The TBK Bank Sports Complex, LLC - Field 4",97,7,St. Louis Scott Gallagher,No Club Selection
U16,Midwest,172117,2020-11-01 10:15,20380,12529,Vardar ECNL GU16,SLSG White ECNL GU16,0,4,"The TBK Bank Sports Complex, LLC - Field 7",109,97,Vardar,St. Louis Scott Gallagher
U16,Midwest,172121,2020-11-01 10:15,19897,11096,Michigan Hawks ECNL GU16,Gretna Elite Academy ECNL GU16,2,0,"The TBK Bank Sports Complex, LLC - Field 4",2359,7,Michigan Hawks,No Club Selection
U16,Midwest,172124,2020-11-01 10:15,11102,11283,FC Wisconsin ECNL GU16,SLSG Navy ECNL GU16,1,4,"The TBK Bank Sports Complex, LLC - Field 3",7,97,No Club Selection,St. Louis Scott Gallagher
U16,Midwest,172126,2020-11-01 10:15,11290,19372,Michigan Hawks Magic ECNL GU16,Kansas City Athletics ECNL GU16,0,2,"The TBK Bank Sports Complex, LLC - Field 8",2359,2330,Michigan Hawks,KC Athletics
U16,Midwest,172129,2020-11-04 18:00,11102,12526,FC Wisconsin ECNL GU16,Eclipse Select SC ECNL GU16,1,0,FC Wisconsin Soccer Park - Field 2 - Hegarty Field,7,43,No Club Selection,Eclipse Select Soccer Club
U16,Midwest,172139,2020-11-07 14:00,12526,19897,Eclipse Select SC ECNL GU16,Michigan Hawks ECNL GU16,0,2,Jr Irish Fields - Field 2,43,2359,Eclipse Select Soccer Club,Michigan Hawks
U16,Midwest,172141,2020-11-08 09:00,11096,12530,Gretna Elite Academy ECNL GU16,Minnesota Thunder ECNL GU16,0,3,Papillion Landing - #1 Turf,7,7,No Club Selection,No Club Selection
U16,Midwest,172143,2020-11-22 10:45,11283,12529,SLSG Navy ECNL GU16,SLSG White ECNL GU16,2,1,WWT Soccer Park - Field 1,97,97,St. Louis Scott Gallagher,St. Louis Scott Gallagher
U16,Midwest,172152,2021-01-16 09:45,12530,20189,Minnesota Thunder ECNL GU16,Eclipse Select SC North ECNL GU16,,,Academy of Holy Angels - South Turf 1 (11v11),7,43,No Club Selection,Eclipse Select Soccer Club
U16,Midwest,172154,2021-01-30 10:00,12530,19372,Minnesota Thunder ECNL GU16,Kansas City Athletics ECNL GU16,0,1,Academy of Holy Angels - South Turf 1 (11v11),7,2330,No Club Selection,KC Athletics
U16,Midwest,172145,2021-02-20 11:45,11283,12530,SLSG Navy ECNL GU16,Minnesota Thunder ECNL GU16,,,MO RUSH Sports Park - Field 3,97,7,St. Louis Scott Gallagher,No Club Selection
U16,Midwest,172150,2021-02-21 09:00,12530,12529,Minnesota Thunder ECNL GU16,SLSG White ECNL GU16,,,Missouri Rush Sports Park - Field 4,7,97,No Club Selection,St. Louis Scott Gallagher
U16,Midwest,172115,2021-02-27 10:45,12526,19372,Eclipse Select SC ECNL GU16,Kansas City Athletics ECNL GU16,1,3,Swope Soccer Village - Field 5,43,2330,Eclipse Select Soccer Club,KC Athletics
U16,Midwest,172128,2021-02-27 11:00,11096,20189,Gretna Elite Academy ECNL GU16,Eclipse Select SC North ECNL GU16,3,1,,7,43,No Club Selection,Eclipse Select Soccer Club
U16,Midwest,172155,2021-02-27 17:45,20380,12530,Vardar ECNL GU16,Minnesota Thunder ECNL GU16,0,10,Evolution Sportsplex Dome - Field 1,109,7,Vardar,No Club Selection
U16,Midwest,172151,2021-02-28 09:45,11096,12526,Gretna Elite Academy ECNL GU16,Eclipse Select SC ECNL GU16,2,1,,7,43,No Club Selection,Eclipse Select Soccer Club
U16,Midwest,172144,2021-02-28 10:00,19372,20189,Kansas City Athletics ECNL GU16,Eclipse Select SC North ECNL GU16,5,1,Swope Soccer Village - Field 3,2330,43,KC Athletics,Eclipse Select Soccer Club
U16,Midwest,172156,2021-02-28 12:00,11290,12530,Michigan Hawks Magic ECNL GU16,Minnesota Thunder ECNL GU16,1,7,St. Joe's Sports Complex - Dome,2359,7,Michigan Hawks,No Club Selection
U16,Midwest,172140,2021-03-06 10:00,12530,11102,Minnesota Thunder ECNL GU16,FC Wisconsin ECNL GU16,5,1,Academy of Holy Angels - South Turf 1 (11v11),7,7,No Club Selection,No Club Selection
U16,Midwest,172142,2021-03-14 11:30,19897,20189,Michigan Hawks ECNL GU16,Eclipse Select SC North ECNL GU16,4,0,Dowling Park - Field 1,2359,43,Michigan Hawks,Eclipse Select Soccer Club
U16,Midwest,172123,2021-03-16 18:00,20189,12526,Eclipse Select SC North ECNL GU16,Eclipse Select SC ECNL GU16,1,2,Techny Park - Field 2,43,43,Eclipse Select Soccer Club,Eclipse Select Soccer Club
U16,Midwest,172146,2021-03-20 15:00,12526,12529,Eclipse Select SC ECNL GU16,SLSG White ECNL GU16,2,2,O'Fallon Sports Park - Field 4,43,97,Eclipse Select Soccer Club,St. Louis Scott Gallagher
U16,Midwest,172153,2021-04-25 12:30,12530,12526,Minnesota Thunder ECNL GU16,Eclipse Select SC ECNL GU16,,,Academy of Holy Angels - South Turf 1 (11v11),7,43,No Club Selection,Eclipse Select Soccer Club
U16,Midwest,172157,2021-05-01 09:45,19897,12530,Michigan Hawks ECNL GU16,Minnesota Thunder ECNL GU16,4,0,Stuarts Sports Complex - Field 22,2359,7,Michigan Hawks,No Club Selection
U16,Mountain,209156,2020-09-13 09:00,11901,46446,Colorado Rapids ECNL GU16,Real Colorado Athletico ECNL GU16,0,3,Gates South Soccer Complex - 6,29,81,Colorado Storm,Real Colorado
U16,Mountain,209150,2020-09-13 11:15,45856,35222,Real Colorado National ECNL GU16,Pride SC ECNL GU16,6,0,Real Colorado Soccer Complex - RCSC 1,81,7,Real Colorado,No Club Selection
U16,Mountain,210447,2020-09-19 09:00,45856,46446,Real Colorado National ECNL GU16,Real Colorado Athletico ECNL GU16,4,0,Real Colorado Soccer Complex - RCSC Grass,81,81,Real Colorado,Real Colorado
U16,Mountain,209162,2020-09-19 12:00,35222,11901,Pride SC ECNL GU16,Colorado Rapids ECNL GU16,2,2,Pride Soccer Complex - Field 2,7,29,No Club Selection,Colorado Storm
U16,Mountain,207240,2020-09-26 09:00,46446,35222,Real Colorado Athletico ECNL GU16,Pride SC ECNL GU16,5,0,Real Colorado Soccer Complex - RCSC 1,81,7,Real Colorado,No Club Selection
U16,Mountain,207241,2020-09-26 09:00,11901,45856,Colorado Rapids ECNL GU16,Real Colorado National ECNL GU16,0,2,Gates South Soccer Complex - 5,29,81,Colorado Storm,Real Colorado
U16,Mountain,207242,2020-10-03 09:00,46446,11901,Real Colorado Athletico ECNL GU16,Colorado Rapids ECNL GU16,2,1,Real Colorado Soccer Complex - RCSC Grass,81,29,Real Colorado,Colorado Storm
U16,Mountain,207243,2020-10-03 12:00,35222,45856,Pride SC ECNL GU16,Real Colorado National ECNL GU16,0,7,Pride Soccer Complex - Field 2,7,81,No Club Selection,Real Colorado
U16,Mountain,207245,2020-10-24 09:00,46446,45856,Real Colorado Athletico ECNL GU16,Real Colorado National ECNL GU16,1,3,Real Colorado Soccer Complex - RCSC Grass,81,81,Real Colorado,Real Colorado
U16,Mountain,207244,2020-10-24 11:15,11901,35222,Colorado Rapids ECNL GU16,Pride SC ECNL GU16,2,0,Gates South Soccer Complex - 6,29,7,Colorado Storm,No Club Selection
U16,Mountain,207256,2021-02-27 11:15,11901,12594,Colorado Rapids ECNL GU16,Utah Avalanche ECNL GU16,4,0,Douglas County Fairgrounds - Field #5,29,107,Colorado Storm,Utah Avalanche
U16,Mountain,207257,2021-02-27 13:00,35222,45850,Pride SC ECNL GU16,La Roca FC ECNL GU16,1,2,Pride Soccer Complex - Field 1,7,1760,No Club Selection,La Roca FC
U16,Mountain,207258,2021-02-28 09:00,35222,12594,Pride SC ECNL GU16,Utah Avalanche ECNL GU16,0,3,Pride Soccer Complex - Field 1,7,107,No Club Selection,Utah Avalanche
U16,Mountain,207259,2021-02-28 11:15,11901,45850,Colorado Rapids ECNL GU16,La Roca FC ECNL GU16,1,3,Dick's Sporting Goods Park - DSGP - 8,29,1760,Colorado Storm,La Roca FC
U16,Mountain,207247,2021-03-21 09:00,35222,46446,Pride SC ECNL GU16,Real Colorado Athletico ECNL GU16,1,2,Pride Soccer Complex - Field 2,7,81,No Club Selection,Real Colorado
U16,Mountain,207264,2021-03-27 11:00,12594,46446,Utah Avalanche ECNL GU16,Real Colorado Athletico ECNL GU16,0,0,Legacy Events Center - Field 2,107,81,Utah Avalanche,Real Colorado
U16,Mountain,207265,2021-03-27 12:00,45850,45856,La Roca FC ECNL GU16,Real Colorado National ECNL GU16,0,1,Spence Eccles Ogden Community Sports Complex - Field 1,1760,81,La Roca FC,Real Colorado
U16,Mountain,207266,2021-03-28 12:00,45850,46446,La Roca FC ECNL GU16,Real Colorado Athletico ECNL GU16,1,1,La Roca Park - Field 1,1760,81,La Roca FC,Real Colorado
U16,Mountain,207267,2021-03-28 13:00,12594,45856,Utah Avalanche ECNL GU16,Real Colorado National ECNL GU16,0,6,Legacy Events Center - Field 2,107,81,Utah Avalanche,Real Colorado
U16,Mountain,207246,2021-04-03 09:00,45856,11901,Real Colorado National ECNL GU16,Colorado Rapids ECNL GU16,4,0,Real Colorado Soccer Complex - RCSC Grass,81,29,Real Colorado,Colorado Storm
U16,Mountain,207252,2021-04-17 09:00,45856,12594,Real Colorado National ECNL GU16,Utah Avalanche ECNL GU16,2,0,Real Colorado Soccer Complex - RCSC Grass,81,107,Real Colorado,Utah Avalanche
U16,Mountain,207253,2021-04-17 09:00,46446,45850,Real Colorado Athletico ECNL GU16,La Roca FC ECNL GU16,0,0,Highland Heritage Regional Park - HHRP Stadium,81,1760,Real Colorado,La Roca FC
U16,Mountain,207254,2021-04-18 09:00,46446,12594,Real Colorado Athletico ECNL GU16,Utah Avalanche ECNL GU16,1,0,Highland Heritage Regional Park - HHRP Stadium,81,107,Real Colorado,Utah Avalanche
U16,Mountain,207255,2021-04-18 09:00,45856,45850,Real Colorado National ECNL GU16,La Roca FC ECNL GU16,2,0,Real Colorado Soccer Complex - RCSC Grass,81,1760,Real Colorado,La Roca FC
U16,Mountain,207249,2021-04-24 08:30,45850,35222,La Roca FC ECNL GU16,Pride SC ECNL GU16,2,1,La Roca Park - Field 1,1760,7,La Roca FC,No Club Selection
U16,Mountain,207248,2021-04-24 13:00,12594,11901,Utah Avalanche ECNL GU16,Colorado Rapids ECNL GU16,2,1,Woods Cross High School - Field 1,107,29,Utah Avalanche,Colorado Storm
U16,Mountain,207250,2021-04-25 11:30,45850,11901,La Roca FC ECNL GU16,Colorado Rapids ECNL GU16,0,1,Legacy Events Center - Field 2 #2022,1760,29,La Roca FC,Colorado Storm
U16,Mountain,207251,2021-04-25 13:00,12594,35222,Utah Avalanche ECNL GU16,Pride SC ECNL GU16,2,1,Legacy Events Center - Field 2,107,7,Utah Avalanche,No Club Selection
U16,Mountain,207272,2021-05-16 11:30,45850,12594,La Roca FC ECNL GU16,Utah Avalanche ECNL GU16,0,0,Legacy Events Center - Field 3 #2025,1760,107,La Roca FC,Utah Avalanche
U16,Mountain,207273,2021-05-23 11:30,12594,45850,Utah Avalanche ECNL GU16,La Roca FC ECNL GU16,0,2,Legacy Events Center - Field 2,107,1760,Utah Avalanche,La Roca FC
U16,New England,173211,2020-12-05 13:00,12266,12262,East Meadow SC ECNL GU16,World Class FC ECNL GU16,0,4,East Meadow Field of Dreams - North Turf,42,116,East Meadow Soccer Club,World Class FC
U16,New England,173188,2020-12-12 11:00,12262,19409,World Class FC ECNL GU16,SUSA FC ECNL GU16,4,0,Orangetown Soccer Complex - Field 5,116,9,World Class FC,SUSA FC
U16,New England,173195,2021-03-06 10:15,12258,12266,Connecticut FC ECNL GU16,East Meadow SC ECNL GU16,2,1,CFC Park - Field 2,31,42,Connecticut FC,East Meadow Soccer Club
U16,New England,173196,2021-03-06 14:30,12259,12262,FSA FC ECNL GU16,World Class FC ECNL GU16,1,6,FSA-Farmington Sports Arena - Field 7,431,116,FSA FC,World Class FC
U16,New England,173194,2021-03-08 18:00,19892,11665,FC Stars Blue ECNL GU16,FC Stars White ECNL GU16,2,1,FC Stars Complex - Field 1,52,52,FC Stars,FC Stars
U16,New England,173199,2021-03-20 14:30,12259,1866,FSA FC ECNL GU16,PDA White ECNL GU16,0,1,FSA-Farmington Sports Arena - Field 7,431,78,FSA FC,Players Development Academy
U16,New England,173209,2021-03-27 09:45,12257,19892,Scorpions Soccer ECNL GU16,FC Stars Blue ECNL GU16,0,2,Fruit Street Fields - Field 2,94,52,Scorpions SC,FC Stars
U16,New England,173210,2021-03-27 13:00,12258,11665,Connecticut FC ECNL GU16,FC Stars White ECNL GU16,4,0,CFC Park - Field 1,31,52,Connecticut FC,FC Stars
U16,New England,173213,2021-03-28 10:00,12258,19892,Connecticut FC ECNL GU16,FC Stars Blue ECNL GU16,1,1,CFC Park - Field 1,31,52,Connecticut FC,FC Stars
U16,New England,173214,2021-03-28 11:00,12257,11665,Scorpions Soccer ECNL GU16,FC Stars White ECNL GU16,3,1,Medway High School - Lamson Field(Middle Field),94,52,Scorpions SC,FC Stars
U16,New England,173215,2021-03-28 15:50,19409,12262,SUSA FC ECNL GU16,World Class FC ECNL GU16,0,2,SUSA - Orlin & Cohen Sports Complex - Field 2,9,116,SUSA FC,World Class FC
U16,New England,173203,2021-04-10 10:00,12259,19409,FSA FC ECNL GU16,SUSA FC ECNL GU16,2,0,FSA-Farmington Sports Arena - Field 7,431,9,FSA FC,SUSA FC
U16,New England,173216,2021-04-10 13:00,12266,1866,East Meadow SC ECNL GU16,PDA White ECNL GU16,1,1,Cantiague Park - West,42,78,East Meadow Soccer Club,Players Development Academy
U16,New England,173208,2021-04-11 10:00,19892,12258,FC Stars Blue ECNL GU16,Connecticut FC ECNL GU16,4,0,FC Stars Complex - Field 3,52,31,FC Stars,Connecticut FC
U16,New England,173218,2021-04-17 10:30,12262,1866,World Class FC ECNL GU16,PDA White ECNL GU16,1,2,Orangetown Soccer Complex - Field 5,116,78,World Class FC,Players Development Academy
U16,New England,173220,2021-04-17 14:00,19409,12266,SUSA FC ECNL GU16,East Meadow SC ECNL GU16,2,0,SUSA - Orlin & Cohen Sports Complex - Field 2,9,42,SUSA FC,East Meadow Soccer Club
U16,New England,173217,2021-04-17 14:15,11665,12258,FC Stars White ECNL GU16,Connecticut FC ECNL GU16,1,3,FC Stars Soccer Complex - Field 1,52,31,FC Stars,Connecticut FC
U16,New England,173219,2021-04-17 14:45,12257,12259,Scorpions Soccer ECNL GU16,FSA FC ECNL GU16,2,1,Medway High School - Hanlon Field (Stadium),94,431,Scorpions SC,FSA FC
U16,New England,173223,2021-04-18 09:40,12257,12258,Scorpions Soccer ECNL GU16,Connecticut FC ECNL GU16,3,1,Progin Park - Field 7,94,31,Scorpions SC,Connecticut FC
U16,New England,173222,2021-04-18 12:00,12262,12266,World Class FC ECNL GU16,East Meadow SC ECNL GU16,2,1,Orangetown Soccer Complex - Field 5,116,42,World Class FC,East Meadow Soccer Club
U16,New England,173224,2021-04-18 12:10,19409,1866,SUSA FC ECNL GU16,PDA White ECNL GU16,1,1,SUSA - Orlin & Cohen Sports Complex - Field 2,9,78,SUSA FC,Players Development Academy
U16,New England,173221,2021-04-18 14:15,11665,12259,FC Stars White ECNL GU16,FSA FC ECNL GU16,1,0,FC Stars Soccer Complex - Field 1,52,431,FC Stars,FSA FC
U16,New England,173198,2021-04-24 13:15,12257,12262,Scorpions Soccer ECNL GU16,World Class FC ECNL GU16,2,2,Medway High School - Lamson Field(Middle Field),94,116,Scorpions SC,World Class FC
U16,New England,173225,2021-04-24 13:15,19892,19409,FC Stars Blue ECNL GU16,SUSA FC ECNL GU16,5,0,FC Stars Complex - Field 1,52,9,FC Stars,SUSA FC
U16,New England,173227,2021-04-24 14:00,1866,12258,PDA White ECNL GU16,Connecticut FC ECNL GU16,0,3,PDA - Field 1,78,31,Players Development Academy,Connecticut FC
U16,New England,173226,2021-04-24 15:00,11665,12266,FC Stars White ECNL GU16,East Meadow SC ECNL GU16,2,1,FC Stars Soccer Complex - Field 2,52,42,FC Stars,East Meadow Soccer Club
U16,New England,173190,2021-04-25 11:30,12258,1866,Connecticut FC ECNL GU16,PDA White ECNL GU16,1,2,CFC Park - Field 1,31,78,Connecticut FC,Players Development Academy
U16,New England,173228,2021-04-25 13:15,19892,12266,FC Stars Blue ECNL GU16,East Meadow SC ECNL GU16,4,0,FC Stars Complex - Field 1,52,42,FC Stars,East Meadow Soccer Club
U16,New England,173229,2021-04-25 13:15,11665,19409,FC Stars White ECNL GU16,SUSA FC ECNL GU16,2,3,FC Stars Soccer Complex - Field 2,52,9,FC Stars,SUSA FC
U16,New England,173233,2021-05-01 09:00,19409,12259,SUSA FC ECNL GU16,FSA FC ECNL GU16,2,0,SUSA - Orlin & Cohen Sports Complex - Field 2,9,431,SUSA FC,FSA FC
U16,New England,173230,2021-05-01 10:30,1866,19892,PDA White ECNL GU16,FC Stars Blue ECNL GU16,0,1,PDA - Field 1,78,52,Players Development Academy,FC Stars
U16,New England,173231,2021-05-01 12:00,12262,11665,World Class FC ECNL GU16,FC Stars White ECNL GU16,4,0,Orangetown Soccer Complex - Field 5,116,52,World Class FC,FC Stars
U16,New England,173232,2021-05-01 13:00,12266,12257,East Meadow SC ECNL GU16,Scorpions Soccer ECNL GU16,0,2,East Meadow Field of Dreams - North Turf,42,94,East Meadow Soccer Club,Scorpions SC
U16,New England,173235,2021-05-02 08:30,12262,19892,World Class FC ECNL GU16,FC Stars Blue ECNL GU16,2,2,Orangetown Soccer Complex - Field 5,116,52,World Class FC,FC Stars
U16,New England,173237,2021-05-02 09:30,19409,12257,SUSA FC ECNL GU16,Scorpions Soccer ECNL GU16,2,1,SUSA - Orlin & Cohen Sports Complex - Field 2,9,94,SUSA FC,Scorpions SC
U16,New England,173234,2021-05-02 11:30,1866,11665,PDA White ECNL GU16,FC Stars White ECNL GU16,0,2,Morningside Farm - Field 14,78,52,Players Development Academy,FC Stars
U16,New England,173207,2021-05-02 14:30,12259,12266,FSA FC ECNL GU16,East Meadow SC ECNL GU16,3,0,FSA-Farmington Sports Arena - Field 7,431,42,FSA FC,East Meadow Soccer Club
U16,New England,173238,2021-05-08 11:00,12266,11665,East Meadow SC ECNL GU16,FC Stars White ECNL GU16,2,2,East Meadow Field of Dreams - North Turf,42,52,East Meadow Soccer Club,FC Stars
U16,New England,173241,2021-05-08 12:00,1866,12257,PDA White ECNL GU16,Scorpions Soccer ECNL GU16,1,0,PDA - Field 3,78,94,Players Development Academy,Scorpions SC
U16,New England,173239,2021-05-08 13:50,19409,19892,SUSA FC ECNL GU16,FC Stars Blue ECNL GU16,0,4,SUSA - Orlin & Cohen Sports Complex - Field 2,9,52,SUSA FC,FC Stars
U16,New England,173240,2021-05-08 15:40,12262,12259,World Class FC ECNL GU16,FSA FC ECNL GU16,3,1,Orangetown Soccer Complex - Field 5,116,431,World Class FC,FSA FC
U16,New England,173243,2021-05-09 09:40,19409,11665,SUSA FC ECNL GU16,FC Stars White ECNL GU16,0,2,SUSA - Orlin & Cohen Sports Complex - Field 2,9,52,SUSA FC,FC Stars
U16,New England,173245,2021-05-09 10:00,1866,12259,PDA White ECNL GU16,FSA FC ECNL GU16,3,0,Morningside Farm - Field 12,78,431,Players Development Academy,FSA FC
U16,New England,173244,2021-05-09 10:40,12262,12257,World Class FC ECNL GU16,Scorpions Soccer ECNL GU16,1,2,Orangetown Soccer Complex - Field 5,116,94,World Class FC,Scorpions SC
U16,New England,173242,2021-05-09 11:00,12266,19892,East Meadow SC ECNL GU16,FC Stars Blue ECNL GU16,0,3,East Meadow Field of Dreams - North Turf,42,52,East Meadow Soccer Club,FC Stars
U16,New England,173248,2021-05-15 09:45,12258,12262,Connecticut FC ECNL GU16,World Class FC ECNL GU16,0,3,CFC Park - Field 1,31,116,Connecticut FC,World Class FC
U16,New England,173247,2021-05-15 10:45,11665,12257,FC Stars White ECNL GU16,Scorpions Soccer ECNL GU16,0,0,FC Stars Soccer Complex - Field 1,52,94,FC Stars,Scorpions SC
U16,New England,173249,2021-05-15 14:00,1866,12266,PDA White ECNL GU16,East Meadow SC ECNL GU16,4,1,PDA - Field 1,78,42,Players Development Academy,East Meadow Soccer Club
U16,New England,173246,2021-05-15 16:30,12259,19892,FSA FC ECNL GU16,FC Stars Blue ECNL GU16,1,4,FSA-Farmington Sports Arena - Field 7,431,52,FSA FC,FC Stars
U16,New England,173206,2021-05-16 10:45,12257,19409,Scorpions Soccer ECNL GU16,SUSA FC ECNL GU16,1,1,Progin Park - Field 8,94,9,Scorpions SC,SUSA FC
U16,New England,173257,2021-05-16 16:00,1866,12262,PDA White ECNL GU16,World Class FC ECNL GU16,1,0,Morningside Farm - Field 13,78,116,Players Development Academy,World Class FC
U16,New England,173193,2021-05-16 16:30,12259,12258,FSA FC ECNL GU16,Connecticut FC ECNL GU16,0,1,FSA-Farmington Sports Arena - Field 7,431,31,FSA FC,Connecticut FC
U16,New England,173250,2021-05-22 12:00,11665,19892,FC Stars White ECNL GU16,FC Stars Blue ECNL GU16,0,1,FC Stars Soccer Complex - Field 1,52,52,FC Stars,FC Stars
U16,New England,173252,2021-05-22 14:00,12259,12257,FSA FC ECNL GU16,Scorpions Soccer ECNL GU16,1,2,FSA-Farmington Sports Arena - Field 6,431,94,FSA FC,Scorpions SC
U16,New England,173253,2021-05-22 15:00,12266,19409,East Meadow SC ECNL GU16,SUSA FC ECNL GU16,0,2,East Meadow Field of Dreams - North Turf,42,9,East Meadow Soccer Club,SUSA FC
U16,New England,173251,2021-05-22 16:00,12262,12258,World Class FC ECNL GU16,Connecticut FC ECNL GU16,2,2,Orangetown Soccer Complex - Field 5,116,31,World Class FC,Connecticut FC
U16,New England,173254,2021-05-23 10:30,12259,11665,FSA FC ECNL GU16,FC Stars White ECNL GU16,2,1,FSA-Farmington Sports Arena - Field 8,431,52,FSA FC,FC Stars
U16,New England,173212,2021-05-23 12:00,1866,19409,PDA White ECNL GU16,SUSA FC ECNL GU16,3,0,Morningside Farm - Field 12,78,9,Players Development Academy,SUSA FC
U16,New England,173202,2021-05-23 15:00,12257,12266,Scorpions Soccer ECNL GU16,East Meadow SC ECNL GU16,1,0,Walpole Soccer Complex - Field 1,94,42,Scorpions SC,East Meadow Soccer Club
U16,New England,173191,2021-05-26 18:15,19892,12257,FC Stars Blue ECNL GU16,Scorpions Soccer ECNL GU16,0,0,FC Stars Complex - Field 1,52,94,FC Stars,Scorpions SC
U16,New England,173192,2021-05-27 18:00,12258,12259,Connecticut FC ECNL GU16,FSA FC ECNL GU16,1,3,CFC Park - Field 1,31,431,Connecticut FC,FSA FC
U16,New England,173201,2021-05-29 13:45,11665,12262,FC Stars White ECNL GU16,World Class FC ECNL GU16,0,1,Acton Boxboro HS - Field 1,52,116,FC Stars,World Class FC
U16,New England,173189,2021-05-29 15:00,12258,19409,Connecticut FC ECNL GU16,SUSA FC ECNL GU16,1,0,CFC Park - Field 1,31,9,Connecticut FC,SUSA FC
U16,New England,173236,2021-05-30 12:00,12266,12259,East Meadow SC ECNL GU16,FSA FC ECNL GU16,1,1,East Meadow Field of Dreams - North Turf,42,431,East Meadow Soccer Club,FSA FC
U16,New England,173256,2021-05-31 13:20,19409,12258,SUSA FC ECNL GU16,Connecticut FC ECNL GU16,1,1,SUSA - Orlin & Cohen Sports Complex - Field 2,9,31,SUSA FC,Connecticut FC
U16,New England,173204,2021-06-06 09:45,19892,12262,FC Stars Blue ECNL GU16,World Class FC ECNL GU16,,,FC Stars Complex - Field 1,52,116,FC Stars,World Class FC
U16,New England,173205,2021-06-06 09:45,11665,1866,FC Stars White ECNL GU16,PDA White ECNL GU16,,,FC Stars Soccer Complex - Field 2,52,78,FC Stars,Players Development Academy
U16,New England,173186,2021-06-12 10:30,19892,12259,FC Stars Blue ECNL GU16,FSA FC ECNL GU16,2,1,FC Stars Complex - Field 3,52,431,FC Stars,FSA FC
U16,New England,173187,2021-06-12 13:00,12266,12258,East Meadow SC ECNL GU16,Connecticut FC ECNL GU16,0,2,East Meadow Field of Dreams - North Turf,42,31,East Meadow Soccer Club,Connecticut FC
U16,New England,173197,2021-06-12 14:30,12257,1866,Scorpions Soccer ECNL GU16,PDA White ECNL GU16,,,Medway High School - North Field (Lower Turf),94,78,Scorpions SC,Players Development Academy
U16,New England,173200,2021-06-13 10:45,19892,1866,FC Stars Blue ECNL GU16,PDA White ECNL GU16,,,FC Stars Complex - Field 3,52,78,FC Stars,Players Development Academy
U16,New England,173255,2021-06-13 10:45,12258,12257,Connecticut FC ECNL GU16,Scorpions Soccer ECNL GU16,1,5,CFC Park - Field 1,31,94,Connecticut FC,Scorpions SC
U16,North Atlantic,173732,2021-02-06 19:00,11808,11974,FC Delco ECNL GU16,FC Bucks ECNL GU16,0,3,Proving Grounds - 2,598,46,FC DELCO,HEX FC
U16,North Atlantic,173709,2021-02-27 14:30,45830,11883,Pipeline SC ECNL GU16,Bethesda SC ECNL GU16,0,0,Mercy High School - Field 1,7,17,No Club Selection,Bethesda SC
U16,North Atlantic,173712,2021-02-28 15:15,11808,12265,FC Delco ECNL GU16,Maryland United ECNL GU16,0,1,Delaware Sports Turf Complex - Field 2,598,7,FC DELCO,No Club Selection
U16,North Atlantic,173717,2021-03-06 14:00,1792,1814,PDA Blue ECNL GU16,PDA South ECNL GU16,7,0,PDA Main Complex - Field 5,2357,2628,PDA Blue (North),PDA South
U16,North Atlantic,173735,2021-03-06 14:30,44734,11974,Penn Fusion ECNL GU16,FC Bucks ECNL GU16,2,1,USTC - Zach Steffen Field,79,46,Penn Fusion Soccer Academy,HEX FC
U16,North Atlantic,173714,2021-03-07 12:00,12263,1814,Match Fit Academy ECNL GU16,PDA South ECNL GU16,5,1,Morris Catholic High School - Field 2 Lower,64,2628,Match Fit Surf,PDA South
U16,North Atlantic,173719,2021-03-07 13:30,11808,45830,FC Delco ECNL GU16,Pipeline SC ECNL GU16,0,2,Proving Grounds - 1,598,7,FC DELCO,No Club Selection
U16,North Atlantic,173722,2021-03-13 13:30,44734,11808,Penn Fusion ECNL GU16,FC Delco ECNL GU16,2,1,USTC - Zach Steffen Field,79,598,Penn Fusion Soccer Academy,FC DELCO
U16,North Atlantic,173721,2021-03-13 16:00,1792,12263,PDA Blue ECNL GU16,Match Fit Academy ECNL GU16,4,0,PDA Main Complex - Field 5,2357,64,PDA Blue (North),Match Fit Surf
U16,North Atlantic,173701,2021-03-20 12:00,1792,44734,PDA Blue ECNL GU16,Penn Fusion ECNL GU16,2,1,PDA Main Complex - Field 5,2357,79,PDA Blue (North),Penn Fusion Soccer Academy
U16,North Atlantic,173702,2021-03-20 12:00,12263,11808,Match Fit Academy ECNL GU16,FC Delco ECNL GU16,5,0,Morris Catholic High School - Field 2 Lower,64,598,Match Fit Surf,FC DELCO
U16,North Atlantic,173723,2021-03-20 16:00,1814,11974,PDA South ECNL GU16,FC Bucks ECNL GU16,1,4,Westampton Sports Complex - Field 2,2628,46,PDA South,HEX FC
U16,North Atlantic,173705,2021-03-21 12:00,1792,11808,PDA Blue ECNL GU16,FC Delco ECNL GU16,4,0,PDA Main Complex - Field 5,2357,598,PDA Blue (North),FC DELCO
U16,North Atlantic,173706,2021-03-21 12:00,12263,44734,Match Fit Academy ECNL GU16,Penn Fusion ECNL GU16,3,0,Morris Catholic High School - Field 2 Lower,64,79,Match Fit Surf,Penn Fusion Soccer Academy
U16,North Atlantic,173724,2021-03-27 10:00,11883,1792,Bethesda SC ECNL GU16,PDA Blue ECNL GU16,1,2,Walter Johnson High School - Stadium,17,2357,Bethesda SC,PDA Blue (North)
U16,North Atlantic,173718,2021-03-27 12:00,12263,11974,Match Fit Academy ECNL GU16,FC Bucks ECNL GU16,1,0,Morris Catholic High School - Field 2 Lower,64,46,Match Fit Surf,HEX FC
U16,North Atlantic,173725,2021-03-27 12:30,44734,12265,Penn Fusion ECNL GU16,Maryland United ECNL GU16,1,1,USTC - Zach Steffen Field,79,7,Penn Fusion Soccer Academy,No Club Selection
U16,North Atlantic,173726,2021-03-27 15:30,45830,1814,Pipeline SC ECNL GU16,PDA South ECNL GU16,1,0,Mercy High School - Field 1,7,2628,No Club Selection,PDA South
U16,North Atlantic,173695,2021-03-28 10:30,1814,44734,PDA South ECNL GU16,Penn Fusion ECNL GU16,0,3,Westampton Sports Complex - Field 2,2628,79,PDA South,Penn Fusion Soccer Academy
U16,North Atlantic,173728,2021-04-10 14:30,45830,11974,Pipeline SC ECNL GU16,FC Bucks ECNL GU16,1,2,Mercy High School - Field 1,7,46,No Club Selection,HEX FC
U16,North Atlantic,173730,2021-04-17 13:30,12263,45830,Match Fit Academy ECNL GU16,Pipeline SC ECNL GU16,1,0,Morris Catholic High School - Field 2 Lower,64,7,Match Fit Surf,No Club Selection
U16,North Atlantic,173729,2021-04-17 14:00,1792,12265,PDA Blue ECNL GU16,Maryland United ECNL GU16,,,PDA Main Complex - Field 5,2357,7,PDA Blue (North),No Club Selection
U16,North Atlantic,173731,2021-04-17 14:30,44734,1814,Penn Fusion ECNL GU16,PDA South ECNL GU16,6,1,USTC - Zach Steffen Field,79,2628,Penn Fusion Soccer Academy,PDA South
U16,North Atlantic,173747,2021-04-17 17:15,11883,11808,Bethesda SC ECNL GU16,FC Delco ECNL GU16,1,1,Wootton High School - Stadium,17,598,Bethesda SC,FC DELCO
U16,North Atlantic,173736,2021-04-18 13:15,11808,1814,FC Delco ECNL GU16,PDA South ECNL GU16,0,1,Proving Grounds - 1,598,2628,FC DELCO,PDA South
U16,North Atlantic,173720,2021-04-18 14:30,44734,11883,Penn Fusion ECNL GU16,Bethesda SC ECNL GU16,4,3,USTC - Zach Steffen Field,79,17,Penn Fusion Soccer Academy,Bethesda SC
U16,North Atlantic,173734,2021-04-18 16:30,12263,12265,Match Fit Academy ECNL GU16,Maryland United ECNL GU16,0,1,Morris Catholic High School - Field 2 Lower,64,7,Match Fit Surf,No Club Selection
U16,North Atlantic,173699,2021-04-24 10:30,1814,11808,PDA South ECNL GU16,FC Delco ECNL GU16,1,1,Westampton Sports Complex - Field 2,2628,598,PDA South,FC DELCO
U16,North Atlantic,173693,2021-04-24 16:00,45830,12263,Pipeline SC ECNL GU16,Match Fit Academy ECNL GU16,2,2,Mercy High School - Field 1,7,64,No Club Selection,Match Fit Surf
U16,North Atlantic,173694,2021-04-24 16:00,12265,1792,Maryland United ECNL GU16,PDA Blue ECNL GU16,1,4,Indian Creek - Field 1,7,2357,No Club Selection,PDA Blue (North)
U16,North Atlantic,173704,2021-04-24 17:30,11883,11974,Bethesda SC ECNL GU16,FC Bucks ECNL GU16,1,1,Walter Johnson High School - Stadium,17,46,Bethesda SC,HEX FC
U16,North Atlantic,173700,2021-04-25 10:45,11974,44734,FC Bucks ECNL GU16,Penn Fusion ECNL GU16,2,3,Council Rock North High School - Turf Field,46,79,HEX FC,Penn Fusion Soccer Academy
U16,North Atlantic,173708,2021-04-25 11:00,11883,1814,Bethesda SC ECNL GU16,PDA South ECNL GU16,3,1,Walter Johnson High School - Stadium,17,2628,Bethesda SC,PDA South
U16,North Atlantic,173698,2021-04-25 13:00,12265,12263,Maryland United ECNL GU16,Match Fit Academy ECNL GU16,0,2,Indian Creek - Field 1,7,64,No Club Selection,Match Fit Surf
U16,North Atlantic,173697,2021-04-25 15:00,45830,1792,Pipeline SC ECNL GU16,PDA Blue ECNL GU16,0,4,Mercy High School - Field 1,7,2357,No Club Selection,PDA Blue (North)
U16,North Atlantic,173740,2021-05-01 13:30,1814,12265,PDA South ECNL GU16,Maryland United ECNL GU16,0,3,Westampton Sports Complex - Field 2,2628,7,PDA South,No Club Selection
U16,North Atlantic,173737,2021-05-01 14:30,44734,1792,Penn Fusion ECNL GU16,PDA Blue ECNL GU16,1,5,USTC - Zach Steffen Field,79,2357,Penn Fusion Soccer Academy,PDA Blue (North)
U16,North Atlantic,173738,2021-05-01 15:45,11808,12263,FC Delco ECNL GU16,Match Fit Academy ECNL GU16,2,1,Proving Grounds - 2,598,64,FC DELCO,Match Fit Surf
U16,North Atlantic,173739,2021-05-01 16:15,11974,11883,FC Bucks ECNL GU16,Bethesda SC ECNL GU16,1,1,Bryn Athyn College - Turf,46,17,HEX FC,Bethesda SC
U16,North Atlantic,173743,2021-05-02 10:15,11974,12265,FC Bucks ECNL GU16,Maryland United ECNL GU16,1,3,Bryn Athyn College - Turf,46,7,HEX FC,No Club Selection
U16,North Atlantic,173742,2021-05-02 11:45,11808,1792,FC Delco ECNL GU16,PDA Blue ECNL GU16,0,5,Proving Grounds - 1,598,2357,FC DELCO,PDA Blue (North)
U16,North Atlantic,173744,2021-05-02 13:30,1814,11883,PDA South ECNL GU16,Bethesda SC ECNL GU16,0,4,Westampton Sports Complex - Field 2,2628,17,PDA South,Bethesda SC
U16,North Atlantic,173741,2021-05-02 14:30,44734,12263,Penn Fusion ECNL GU16,Match Fit Academy ECNL GU16,1,1,USTC - Zach Steffen Field,79,64,Penn Fusion Soccer Academy,Match Fit Surf
U16,North Atlantic,173746,2021-05-08 10:30,1814,12263,PDA South ECNL GU16,Match Fit Academy ECNL GU16,0,2,Westampton Sports Complex - Field 2,2628,64,PDA South,Match Fit Surf
U16,North Atlantic,173715,2021-05-08 14:15,11808,11883,FC Delco ECNL GU16,Bethesda SC ECNL GU16,3,3,Proving Grounds - 2,598,17,FC DELCO,Bethesda SC
U16,North Atlantic,173745,2021-05-08 14:30,11974,1792,FC Bucks ECNL GU16,PDA Blue ECNL GU16,1,7,Council Rock North High School - Turf Field,46,2357,HEX FC,PDA Blue (North)
U16,North Atlantic,173748,2021-05-08 15:30,45830,44734,Pipeline SC ECNL GU16,Penn Fusion ECNL GU16,3,1,Mercy High School - Field 1,7,79,No Club Selection,Penn Fusion Soccer Academy
U16,North Atlantic,173750,2021-05-09 10:30,1814,1792,PDA South ECNL GU16,PDA Blue ECNL GU16,0,5,Westampton Sports Complex - Field 2,2628,2357,PDA South,PDA Blue (North)
U16,North Atlantic,173749,2021-05-09 10:45,11974,12263,FC Bucks ECNL GU16,Match Fit Academy ECNL GU16,2,4,Bryn Athyn College - Turf,46,64,HEX FC,Match Fit Surf
U16,North Atlantic,173751,2021-05-09 10:45,11883,44734,Bethesda SC ECNL GU16,Penn Fusion ECNL GU16,1,0,Walter Johnson High School - Stadium,17,79,Bethesda SC,Penn Fusion Soccer Academy
U16,North Atlantic,173752,2021-05-09 15:30,45830,11808,Pipeline SC ECNL GU16,FC Delco ECNL GU16,2,0,Mercy High School - Field 1,7,598,No Club Selection,FC DELCO
U16,North Atlantic,173716,2021-05-15 09:00,44734,45830,Penn Fusion ECNL GU16,Pipeline SC ECNL GU16,2,1,USTC - Zach Steffen Field,79,7,Penn Fusion Soccer Academy,No Club Selection
U16,North Atlantic,173755,2021-05-15 12:45,11974,1814,FC Bucks ECNL GU16,PDA South ECNL GU16,5,3,Bryn Athyn College - Turf,46,2628,HEX FC,PDA South
U16,North Atlantic,173754,2021-05-15 13:15,11808,44734,FC Delco ECNL GU16,Penn Fusion ECNL GU16,1,3,Proving Grounds - 1,598,79,FC DELCO,Penn Fusion Soccer Academy
U16,North Atlantic,173756,2021-05-15 14:30,12265,45830,Maryland United ECNL GU16,Pipeline SC ECNL GU16,0,1,Indian Creek - Field 1,7,7,No Club Selection,No Club Selection
U16,North Atlantic,173727,2021-05-16 09:00,11883,12263,Bethesda SC ECNL GU16,Match Fit Academy ECNL GU16,1,2,Walter Johnson High School - Stadium,17,64,Bethesda SC,Match Fit Surf
U16,North Atlantic,173713,2021-05-16 12:00,1792,11974,PDA Blue ECNL GU16,FC Bucks ECNL GU16,8,1,PDA Main Complex - Field 5,2357,46,PDA Blue (North),HEX FC
U16,North Atlantic,173710,2021-05-18 18:15,12265,11883,Maryland United ECNL GU16,Bethesda SC ECNL GU16,1,1,Maryland Soccerplex - Field,7,17,No Club Selection,Bethesda SC
U16,North Atlantic,173759,2021-05-22 13:00,1814,45830,PDA South ECNL GU16,Pipeline SC ECNL GU16,0,4,Westampton Sports Complex - Field 2,2628,7,PDA South,No Club Selection
U16,North Atlantic,173758,2021-05-22 17:45,12265,44734,Maryland United ECNL GU16,Penn Fusion ECNL GU16,2,0,Indian Creek - Field 1,7,79,No Club Selection,Penn Fusion Soccer Academy
U16,North Atlantic,173760,2021-05-23 09:00,12263,11883,Match Fit Academy ECNL GU16,Bethesda SC ECNL GU16,3,0,Morris Catholic High School - Field 2 Lower,64,17,Match Fit Surf,Bethesda SC
U16,North Atlantic,173761,2021-05-23 10:45,11974,45830,FC Bucks ECNL GU16,Pipeline SC ECNL GU16,1,6,Bryn Athyn College - Turf,46,7,HEX FC,No Club Selection
U16,North Atlantic,173692,2021-05-29 09:00,11883,12265,Bethesda SC ECNL GU16,Maryland United ECNL GU16,2,2,Walter Johnson High School - Stadium,17,7,Bethesda SC,No Club Selection
U16,North Atlantic,173733,2021-05-29 10:00,1792,45830,PDA Blue ECNL GU16,Pipeline SC ECNL GU16,6,0,PDA Main Complex - Field 5,2357,7,PDA Blue (North),No Club Selection
U16,North Atlantic,173696,2021-05-29 11:45,11974,11808,FC Bucks ECNL GU16,FC Delco ECNL GU16,2,0,Council Rock North High School - Turf Field,46,598,HEX FC,FC DELCO
U16,North Atlantic,173762,2021-05-30 17:30,12265,11808,Maryland United ECNL GU16,FC Delco ECNL GU16,3,0,Bowie High School - Field 1,7,598,No Club Selection,FC DELCO
U16,North Atlantic,173753,2021-05-30 23:00,12263,1792,Match Fit Academy ECNL GU16,PDA Blue ECNL GU16,1,3,Drew University - Field,64,2357,Match Fit Surf,PDA Blue (North)
U16,North Atlantic,173757,2021-06-05 12:00,1792,11883,PDA Blue ECNL GU16,Bethesda SC ECNL GU16,,,PDA Main Complex - Field 3,2357,17,PDA Blue (North),Bethesda SC
U16,North Atlantic,173711,2021-06-09 19:15,45830,12265,Pipeline SC ECNL GU16,Maryland United ECNL GU16,2,0,Mercy High School - Field 1,7,7,No Club Selection,No Club Selection
U16,North Atlantic,173691,2021-06-12 09:00,11883,45830,Bethesda SC ECNL GU16,Pipeline SC ECNL GU16,1,1,Walter Johnson High School - Stadium,17,7,Bethesda SC,No Club Selection
U16,North Atlantic,173703,2021-06-12 12:30,12265,1814,Maryland United ECNL GU16,PDA South ECNL GU16,0,2,Indian Creek - Field 1,7,2628,No Club Selection,PDA South
U16,North Atlantic,173707,2021-06-13 10:45,12265,11974,Maryland United ECNL GU16,FC Bucks ECNL GU16,1,1,Indian Creek - Field 1,7,46,No Club Selection,HEX FC
U16,Northern Cal,207638,2021-04-17 10:00,35164,12596,Marin FC ECNL GU16,Santa Rosa United ECNL GU16,1,3,Trione Fields - Trione West,1585,91,Marin FC,Santa Rosa United Soccer
U16,Northern Cal,207685,2021-04-17 11:00,12598,11855,Mustang SC ECNL GU16,Pleasanton Rage ECNL GU16,3,2,Provident Field @ MSC - Upper,69,80,Mustang Soccer,Pleasanton Rage
U16,Northern Cal,207635,2021-04-17 15:00,12024,45844,MVLA ECNL GU16,DeAnza Force ECNL GU16,3,0,Crittenden - Field 1,294,2510,MVLA,Force
U16,Northern Cal,207676,2021-04-24 09:00,11855,45844,Pleasanton Rage ECNL GU16,DeAnza Force ECNL GU16,0,1,Val Vista - Field 3,80,2510,Pleasanton Rage,Force
U16,Northern Cal,207636,2021-04-24 12:00,11107,12597,Davis Legacy ECNL GU16,San Juan SC ECNL GU16,1,1,Davis Legacy Soccer Complex - Field 10,1425,88,Davis Legacy Soccer Club,San Juan Soccer Club
U16,Northern Cal,207653,2021-05-01 12:00,12596,11855,Santa Rosa United ECNL GU16,Pleasanton Rage ECNL GU16,0,1,Trione Fields - Trione East,91,80,Santa Rosa United Soccer,Pleasanton Rage
U16,Northern Cal,207657,2021-05-01 13:30,35164,12598,Marin FC ECNL GU16,Mustang SC ECNL GU16,0,3,Red Hill Community Park - Field 1,1585,69,Marin FC,Mustang Soccer
U16,Northern Cal,207651,2021-05-01 15:00,12597,12024,San Juan SC ECNL GU16,MVLA ECNL GU16,3,2,San Juan Soccer Complex - Tiemann Law Firm White Field,88,294,San Juan Soccer Club,MVLA
U16,Northern Cal,207688,2021-05-01 18:00,45844,11107,DeAnza Force ECNL GU16,Davis Legacy ECNL GU16,0,3,Morgan Hill Outdoor Sports Center - Field 2 (Soccer),2510,1425,Force,Davis Legacy Soccer Club
U16,Northern Cal,207643,2021-05-08 14:00,12596,12598,Santa Rosa United ECNL GU16,Mustang SC ECNL GU16,1,8,Trione Fields - Trione East,91,69,Santa Rosa United Soccer,Mustang Soccer
U16,Northern Cal,207645,2021-05-08 15:00,11855,35164,Pleasanton Rage ECNL GU16,Marin FC ECNL GU16,1,0,Val Vista - Field 2,80,1585,Pleasanton Rage,Marin FC
U16,Northern Cal,207663,2021-05-08 15:00,12024,11107,MVLA ECNL GU16,Davis Legacy ECNL GU16,2,3,Crittenden - Field 1,294,1425,MVLA,Davis Legacy Soccer Club
U16,Northern Cal,207641,2021-05-08 17:00,45844,12597,DeAnza Force ECNL GU16,San Juan SC ECNL GU16,1,2,Morgan Hill Outdoor Sports Center - Field 1 (Football),2510,88,Force,San Juan Soccer Club
U16,Northern Cal,207639,2021-05-15 13:00,12598,45844,Mustang SC ECNL GU16,DeAnza Force ECNL GU16,0,2,Provident Field @ MSC - Upper,69,2510,Mustang Soccer,Force
U16,Northern Cal,207640,2021-05-15 14:15,35164,11107,Marin FC ECNL GU16,Davis Legacy ECNL GU16,0,5,College of Marin - Stadium,1585,1425,Marin FC,Davis Legacy Soccer Club
U16,Northern Cal,207658,2021-05-15 15:00,12024,12596,MVLA ECNL GU16,Santa Rosa United ECNL GU16,0,1,Crittenden - Field 1,294,91,MVLA,Santa Rosa United Soccer
U16,Northern Cal,207689,2021-05-15 15:00,12597,11855,San Juan SC ECNL GU16,Pleasanton Rage ECNL GU16,2,0,San Juan Soccer Complex - Tiemann Law Firm White Field,88,80,San Juan Soccer Club,Pleasanton Rage
U16,Northern Cal,207667,2021-05-22 09:00,11855,12024,Pleasanton Rage ECNL GU16,MVLA ECNL GU16,1,3,Val Vista - Field 3,80,294,Pleasanton Rage,MVLA
U16,Northern Cal,207654,2021-05-22 12:00,45844,35164,DeAnza Force ECNL GU16,Marin FC ECNL GU16,3,1,Morgan Hill Outdoor Sports Center - Field 2 (Soccer),2510,1585,Force,Marin FC
U16,Northern Cal,207681,2021-05-22 12:00,11107,12598,Davis Legacy ECNL GU16,Mustang SC ECNL GU16,1,0,Davis Legacy Soccer Complex - Field 9,1425,69,Davis Legacy Soccer Club,Mustang Soccer
U16,Northern Cal,207646,2021-05-22 15:00,12597,12596,San Juan SC ECNL GU16,Santa Rosa United ECNL GU16,2,0,San Juan Soccer Complex - Tiemann Law Firm White Field,88,91,San Juan Soccer Club,Santa Rosa United Soccer
U16,Northern Cal,207672,2021-05-23 09:00,12598,12597,Mustang SC ECNL GU16,San Juan SC ECNL GU16,2,0,Provident Field @ MSC - Upper,69,88,Mustang Soccer,San Juan Soccer Club
U16,Northern Cal,207659,2021-05-23 14:00,12596,11107,Santa Rosa United ECNL GU16,Davis Legacy ECNL GU16,1,5,Davis Legacy Soccer Complex - Field 9,91,1425,Santa Rosa United Soccer,Davis Legacy Soccer Club
U16,Northern Cal,207674,2021-05-23 17:30,12024,35164,MVLA ECNL GU16,Marin FC ECNL GU16,6,0,Los Altos High School - Turf,294,1585,MVLA,Marin FC
U16,Northern Cal,207662,2021-06-04 17:00,12597,35164,San Juan SC ECNL GU16,Marin FC ECNL GU16,1,0,Silverlakes Complex - Field 1,88,1585,San Juan Soccer Club,Marin FC
U16,Northern Cal,207648,2021-06-05 14:00,12596,45844,Santa Rosa United ECNL GU16,DeAnza Force ECNL GU16,1,9,Trione Fields - Trione West,91,2510,Santa Rosa United Soccer,Force
U16,Northern Cal,207675,2021-06-11 19:00,12598,12024,Mustang SC ECNL GU16,MVLA ECNL GU16,2,1,Provident Field @ MSC - Upper,69,294,Mustang Soccer,MVLA
U16,Northern Cal,207649,2021-06-12 11:00,11107,11855,Davis Legacy ECNL GU16,Pleasanton Rage ECNL GU16,5,2,Davis Legacy Soccer Complex - Field 9,1425,80,Davis Legacy Soccer Club,Pleasanton Rage
U16,Northwest,208128,2020-11-07 09:00,7129,45862,Crossfire United ECNL GU16,Portland Thorns Academy ECNL GU16,2,1,Mountain View Champions Park - Field 2,737,3406,Oregon Surf SC,Portland Thorns FC
U16,Northwest,208165,2020-11-14 09:00,45862,12592,Portland Thorns Academy ECNL GU16,FC Portland ECNL GU16,2,0,Mt View Champions Park - Field 3,3406,603,Portland Thorns FC,FC Portland Academy
U16,Northwest,208118,2020-11-21 09:00,12592,45862,FC Portland ECNL GU16,Portland Thorns Academy ECNL GU16,0,3,Mountain View Champions Park - Field 3,603,3406,FC Portland Academy,Portland Thorns FC
U16,Northwest,208166,2020-12-05 09:30,7129,12592,Crossfire United ECNL GU16,FC Portland ECNL GU16,2,0,Mountain View Champions Park - Field 3,737,603,Oregon Surf SC,FC Portland Academy
U16,Northwest,208134,2020-12-06 11:30,12592,7129,FC Portland ECNL GU16,Crossfire United ECNL GU16,1,2,Liberty High School - Clive Charles Field,603,737,FC Portland Academy,Oregon Surf SC
U16,Northwest,208161,2020-12-13 14:00,45862,7129,Portland Thorns Academy ECNL GU16,Crossfire United ECNL GU16,0,1,Mt View Champions Park - Field 3,3406,737,Portland Thorns FC,Oregon Surf SC
U16,Northwest,208175,2021-02-06 11:00,19373,19792,Pacific Northwest SC ECNL GU16,Seattle United ECNL GU16,1,1,Starfire Sports - Field 3,2331,1643,PacNW,Seattle United
U16,Northwest,208139,2021-02-06 15:00,12363,33076,Washington Premier ECNL GU16,Eastside FC ECNL GU16,3,0,WPFC Field Complex - Field 3,112,398,Washington Premier FC,Eastside FC (WA)
U16,Northwest,208126,2021-02-20 11:00,19792,12590,Seattle United ECNL GU16,Crossfire Premier ECNL GU16,1,2,Shoreline A/B fields - Field B,1643,3476,Seattle United,Crossfire Premier
U16,Northwest,208135,2021-02-21 09:00,19373,33076,Pacific Northwest SC ECNL GU16,Eastside FC ECNL GU16,2,1,Starfire Sports - Field 4,2331,398,PacNW,Eastside FC (WA)
U16,Northwest,208154,2021-02-28 09:00,12590,19373,Crossfire Premier ECNL GU16,Pacific Northwest SC ECNL GU16,7,1,Marymoor Park - #3 (Turf),3476,2331,Crossfire Premier,PacNW
U16,Northwest,208159,2021-02-28 11:00,33076,19792,Eastside FC ECNL GU16,Seattle United ECNL GU16,0,1,PRESTON PARK ATHLETIC FIELDS - Field 1,398,1643,Eastside FC (WA),Seattle United
U16,Northwest,208133,2021-03-06 15:00,33076,12363,Eastside FC ECNL GU16,Washington Premier ECNL GU16,3,1,PRESTON PARK ATHLETIC FIELDS - Field 2,398,112,Eastside FC (WA),Washington Premier FC
U16,Northwest,208115,2021-03-13 15:00,12363,19792,Washington Premier ECNL GU16,Seattle United ECNL GU16,0,1,WPFC Field Complex - Field 3,112,1643,Washington Premier FC,Seattle United
U16,Northwest,208158,2021-03-14 09:00,19373,12590,Pacific Northwest SC ECNL GU16,Crossfire Premier ECNL GU16,1,4,Starfire Sports - Field 4,2331,3476,PacNW,Crossfire Premier
U16,Northwest,208127,2021-03-21 13:00,33076,19373,Eastside FC ECNL GU16,Pacific Northwest SC ECNL GU16,2,1,PRESTON PARK ATHLETIC FIELDS - Field 2,398,2331,Eastside FC (WA),PacNW
U16,Northwest,208172,2021-03-21 15:00,12590,19792,Crossfire Premier ECNL GU16,Seattle United ECNL GU16,1,2,Marymoor Park - #2 (Turf),3476,1643,Crossfire Premier,Seattle United
U16,Northwest,208174,2021-04-18 11:00,12363,12590,Washington Premier ECNL GU16,Crossfire Premier ECNL GU16,1,9,WPFC Field Complex - Field 3,112,3476,Washington Premier FC,Crossfire Premier
U16,Northwest,208176,2021-04-18 13:00,19792,33076,Seattle United ECNL GU16,Eastside FC ECNL GU16,2,0,Nathan Hale High School - Stadium,1643,398,Seattle United,Eastside FC (WA)
U16,Northwest,208137,2021-04-24 11:00,12590,45862,Crossfire Premier ECNL GU16,Portland Thorns Academy ECNL GU16,2,1,Marymoor Park - #2 (Turf),3476,3406,Crossfire Premier,Portland Thorns FC
U16,Northwest,208138,2021-04-24 14:00,19792,12593,Seattle United ECNL GU16,Boise Thorns FC ECNL GU16,0,0,Ingraham High School - South,1643,51,Seattle United,Boise Timbers | Thorns
U16,Northwest,208146,2021-04-25 09:00,12363,19373,Washington Premier ECNL GU16,Pacific Northwest SC ECNL GU16,2,2,WPFC Field Complex - Field 3,112,2331,Washington Premier FC,PacNW
U16,Northwest,208141,2021-04-25 11:00,12590,12593,Crossfire Premier ECNL GU16,Boise Thorns FC ECNL GU16,2,1,Marymoor Park - #2 (Turf),3476,51,Crossfire Premier,Boise Timbers | Thorns
U16,Northwest,208140,2021-04-25 15:15,19792,45862,Seattle United ECNL GU16,Portland Thorns Academy ECNL GU16,0,1,Nathan Hale High School - Stadium,1643,3406,Seattle United,Portland Thorns FC
U16,Northwest,233514,2021-05-01 09:30,7129,45862,Crossfire United ECNL GU16,Portland Thorns Academy ECNL GU16,0,1,Mountain View Champions Park - Field 2,737,3406,Oregon Surf SC,Portland Thorns FC
U16,Northwest,208163,2021-05-01 11:00,19792,19373,Seattle United ECNL GU16,Pacific Northwest SC ECNL GU16,2,1,Genesee Park Playfield - Lower,1643,2331,Seattle United,PacNW
U16,Northwest,208186,2021-05-01 11:30,12592,12593,FC Portland ECNL GU16,Boise Thorns FC ECNL GU16,2,2,Liberty High School - Clive Charles Field,603,51,FC Portland Academy,Boise Timbers | Thorns
U16,Northwest,208162,2021-05-01 12:00,33076,12590,Eastside FC ECNL GU16,Crossfire Premier ECNL GU16,0,6,PRESTON PARK ATHLETIC FIELDS - Field 1,398,3476,Eastside FC (WA),Crossfire Premier
U16,Northwest,233521,2021-05-02 09:00,45862,12592,Portland Thorns Academy ECNL GU16,FC Portland ECNL GU16,2,1,Mt View Champions Park - Field 3,3406,603,Portland Thorns FC,FC Portland Academy
U16,Northwest,208153,2021-05-02 13:30,19792,12363,Seattle United ECNL GU16,Washington Premier ECNL GU16,0,1,Nathan Hale High School - Stadium,1643,112,Seattle United,Washington Premier FC
U16,Northwest,208184,2021-05-02 14:00,7129,12593,Crossfire United ECNL GU16,Boise Thorns FC ECNL GU16,3,1,Tigard High School - 1,737,51,Oregon Surf SC,Boise Timbers | Thorns
U16,Northwest,208149,2021-05-08 09:00,19792,12592,Seattle United ECNL GU16,FC Portland ECNL GU16,0,1,Shoreline A/B fields - Field A,1643,603,Seattle United,FC Portland Academy
U16,Northwest,208148,2021-05-08 13:00,12590,7129,Crossfire Premier ECNL GU16,Crossfire United ECNL GU16,1,0,Marymoor Park - #1 (Turf),3476,737,Crossfire Premier,Oregon Surf SC
U16,Northwest,232619,2021-05-08 13:00,19373,12363,Pacific Northwest SC ECNL GU16,Washington Premier ECNL GU16,1,0,Starfire Sports - Field 1,2331,112,PacNW,Washington Premier FC
U16,Northwest,208123,2021-05-08 16:00,33076,45862,Eastside FC ECNL GU16,Portland Thorns Academy ECNL GU16,0,4,PRESTON PARK ATHLETIC FIELDS - Field 2,398,3406,Eastside FC (WA),Portland Thorns FC
U16,Northwest,208151,2021-05-09 11:00,12590,12592,Crossfire Premier ECNL GU16,FC Portland ECNL GU16,5,1,Marymoor Park - #1 (Turf),3476,603,Crossfire Premier,FC Portland Academy
U16,Northwest,208150,2021-05-09 11:30,19792,7129,Seattle United ECNL GU16,Crossfire United ECNL GU16,0,1,Jane Addams - East/West,1643,737,Seattle United,Oregon Surf SC
U16,Northwest,208116,2021-05-09 15:00,12593,33076,Boise Thorns FC ECNL GU16,Eastside FC ECNL GU16,4,0,Boise Timbers|Thorns - Soccer Complex - Field 2,51,398,Boise Timbers | Thorns,Eastside FC (WA)
U16,Northwest,208177,2021-05-15 11:30,12592,12363,FC Portland ECNL GU16,Washington Premier ECNL GU16,3,1,Hillsboro High School (Hillhi) Stadium Turf Field - Field 1,603,112,FC Portland Academy,Washington Premier FC
U16,Northwest,208179,2021-05-15 13:00,12593,45862,Boise Thorns FC ECNL GU16,Portland Thorns Academy ECNL GU16,0,1,Boise Timbers|Thorns - Soccer Complex - Field 3,51,3406,Boise Timbers | Thorns,Portland Thorns FC
U16,Northwest,208178,2021-05-15 14:00,7129,19373,Crossfire United ECNL GU16,Pacific Northwest SC ECNL GU16,3,0,PCC Rock Creek - Field 2,737,2331,Oregon Surf SC,PacNW
U16,Northwest,208180,2021-05-16 11:30,7129,12363,Crossfire United ECNL GU16,Washington Premier ECNL GU16,1,0,PCC Rock Creek - Field 2,737,112,Oregon Surf SC,Washington Premier FC
U16,Northwest,208181,2021-05-16 11:30,12592,19373,FC Portland ECNL GU16,Pacific Northwest SC ECNL GU16,2,0,Liberty High School - Clive Charles Field,603,2331,FC Portland Academy,PacNW
U16,Northwest,208185,2021-05-22 11:30,7129,33076,Crossfire United ECNL GU16,Eastside FC ECNL GU16,0,1,PCC Rock Creek - Field 2,737,398,Oregon Surf SC,Eastside FC (WA)
U16,Northwest,208152,2021-05-22 17:00,12590,12363,Crossfire Premier ECNL GU16,Washington Premier ECNL GU16,4,0,Grass Lawn Park - Field 1,3476,112,Crossfire Premier,Washington Premier FC
U16,Northwest,208183,2021-05-23 11:30,12592,33076,FC Portland ECNL GU16,Eastside FC ECNL GU16,2,1,Liberty High School - Clive Charles Field,603,398,FC Portland Academy,Eastside FC (WA)
U16,Northwest,233527,2021-05-25 19:30,12592,7129,FC Portland ECNL GU16,Crossfire United ECNL GU16,2,1,Liberty High School - Clive Charles Field,603,737,FC Portland Academy,Oregon Surf SC
U16,Northwest,208156,2021-05-27 19:30,12590,33076,Crossfire Premier ECNL GU16,Eastside FC ECNL GU16,4,0,PRESTON PARK ATHLETIC FIELDS - Field 1,3476,398,Crossfire Premier,Eastside FC (WA)
U16,Northwest,208167,2021-06-12 11:00,12593,12363,Boise Thorns FC ECNL GU16,Washington Premier ECNL GU16,4,1,Buckman Sports Complex (Football) - Field 1,51,112,Boise Timbers | Thorns,Washington Premier FC
U16,Northwest,208168,2021-06-12 11:00,45862,19373,Portland Thorns Academy ECNL GU16,Pacific Northwest SC ECNL GU16,3,2,Buckman Field Park - Field 1 Soccer,3406,2331,Portland Thorns FC,PacNW
U16,Northwest,208169,2021-06-13 09:00,45862,12363,Portland Thorns Academy ECNL GU16,Washington Premier ECNL GU16,7,0,Buckman Field Park - Field 1 Soccer,3406,112,Portland Thorns FC,Washington Premier FC
U16,Northwest,208170,2021-06-13 09:00,12593,19373,Boise Thorns FC ECNL GU16,Pacific Northwest SC ECNL GU16,2,0,Buckman Sports Complex (Football) - Field 1,51,2331,Boise Timbers | Thorns,PacNW
U16,Ohio Valley,172699,2020-11-21 10:45,7589,11643,Ohio Elite Soccer Academy ECNL GU16,Tennessee Soccer Club ECNL GU16,3,1,Seven Hills School - Lower Field,75,1354,Ohio Elite Soccer Academy,Tennessee SC
U16,Ohio Valley,172701,2020-11-21 11:45,12300,12534,Ohio Premier ECNL GU16,Internationals SC ECNL GU16,1,0,OP Training Facility - Field 1,437,58,Ohio Premier,Internationals SC
U16,Ohio Valley,172700,2020-11-21 12:00,45896,12536,Racing Louisville Academy ECNL GU16,FC Alliance ECNL GU16,2,5,Lynn Family Sports Vision & Training Facility - Field 1,3408,1693,Racing Louisville Academy,FC Alliance TN
U16,Ohio Valley,172704,2020-11-22 10:45,7589,12536,Ohio Elite Soccer Academy ECNL GU16,FC Alliance ECNL GU16,1,1,Seven Hills School - Lower Field,75,1693,Ohio Elite Soccer Academy,FC Alliance TN
U16,Ohio Valley,172705,2020-11-22 10:45,45896,11643,Racing Louisville Academy ECNL GU16,Tennessee Soccer Club ECNL GU16,0,1,Lynn Family Sports Vision & Training Facility - Field 1,3408,1354,Racing Louisville Academy,Tennessee SC
U16,Ohio Valley,172711,2020-12-12 12:00,11110,20362,FC Pride Elite ECNL GU16,Indiana Fire ECNL GU16,1,0,Pride Performance Center (Turf) - Field 1,7,436,No Club Selection,Indy Eleven Academy
U16,Ohio Valley,172710,2020-12-12 13:00,45896,7589,Racing Louisville Academy ECNL GU16,Ohio Elite Soccer Academy ECNL GU16,0,3,Lynn Family Sports Vision & Training Facility - Field 1,3408,75,Racing Louisville Academy,Ohio Elite Soccer Academy
U16,Ohio Valley,172715,2020-12-12 16:00,12536,11643,FC Alliance ECNL GU16,Tennessee Soccer Club ECNL GU16,2,0,Mayor Bob Leonard Park - Field 1,1693,1354,FC Alliance TN,Tennessee SC
U16,Ohio Valley,172717,2020-12-19 12:00,11110,7589,FC Pride Elite ECNL GU16,Ohio Elite Soccer Academy ECNL GU16,1,2,Pride Performance Center (Turf) - Field 1,7,75,No Club Selection,Ohio Elite Soccer Academy
U16,Ohio Valley,172716,2020-12-19 12:45,20362,45896,Indiana Fire ECNL GU16,Racing Louisville Academy ECNL GU16,2,1,Grand Park - Field 3,436,3408,Indy Eleven Academy,Racing Louisville Academy
U16,Ohio Valley,172720,2020-12-20 11:45,20362,7589,Indiana Fire ECNL GU16,Ohio Elite Soccer Academy ECNL GU16,1,4,Grand Park - Field 3,436,75,Indy Eleven Academy,Ohio Elite Soccer Academy
U16,Ohio Valley,172721,2020-12-20 12:00,11110,45896,FC Pride Elite ECNL GU16,Racing Louisville Academy ECNL GU16,1,2,Pride Performance Center (Turf) - Field 1,7,3408,No Club Selection,Racing Louisville Academy
U16,Ohio Valley,172724,2021-02-27 10:15,11643,20362,Tennessee Soccer Club ECNL GU16,Indiana Fire ECNL GU16,2,0,Richard Siegel Soccer Complex - Field 2,1354,436,Tennessee SC,Indy Eleven Academy
U16,Ohio Valley,172725,2021-02-27 10:45,12536,11110,FC Alliance ECNL GU16,FC Pride Elite ECNL GU16,1,1,Hardin Valley Academy Stadium - Field 1,1693,7,FC Alliance TN,No Club Selection
U16,Ohio Valley,172726,2021-02-28 08:45,11643,11110,Tennessee Soccer Club ECNL GU16,FC Pride Elite ECNL GU16,1,1,Richard Siegel Soccer Complex - Field 2,1354,7,Tennessee SC,No Club Selection
U16,Ohio Valley,172727,2021-02-28 09:00,12536,20362,FC Alliance ECNL GU16,Indiana Fire ECNL GU16,5,0,Hardin Valley Academy Stadium - Field 1,1693,436,FC Alliance TN,Indy Eleven Academy
U16,Ohio Valley,172729,2021-03-06 09:00,12536,12533,FC Alliance ECNL GU16,Pittsburgh Riverhounds ECNL GU16,6,0,Mayor Bob Leonard Park - Field 1,1693,538,FC Alliance TN,Pittsburgh Riverhounds
U16,Ohio Valley,172731,2021-03-06 10:45,7589,20362,Ohio Elite Soccer Academy ECNL GU16,Indiana Fire ECNL GU16,3,0,Seven Hills School - Lower Field,75,436,Ohio Elite Soccer Academy,Indy Eleven Academy
U16,Ohio Valley,172732,2021-03-06 11:45,12534,12300,Internationals SC ECNL GU16,Ohio Premier ECNL GU16,2,1,Pinnacle Sports - Field 1,58,437,Internationals SC,Ohio Premier
U16,Ohio Valley,172730,2021-03-06 13:00,45896,11110,Racing Louisville Academy ECNL GU16,FC Pride Elite ECNL GU16,0,2,Lynn Family Sports Vision & Training Facility - Field 1,3408,7,Racing Louisville Academy,No Club Selection
U16,Ohio Valley,172728,2021-03-06 14:30,11643,12532,Tennessee Soccer Club ECNL GU16,WNY Flash Academy ECNL GU16,1,4,Richard Siegel Soccer Complex - Field 1,1354,343,Tennessee SC,WNY Flash Academy
U16,Ohio Valley,172734,2021-03-07 09:00,12536,12532,FC Alliance ECNL GU16,WNY Flash Academy ECNL GU16,0,2,Mayor Bob Leonard Park - Field 1,1693,343,FC Alliance TN,WNY Flash Academy
U16,Ohio Valley,172733,2021-03-07 10:45,11643,12533,Tennessee Soccer Club ECNL GU16,Pittsburgh Riverhounds ECNL GU16,2,1,Williamson County Sports Complex - Field 22,1354,538,Tennessee SC,Pittsburgh Riverhounds
U16,Ohio Valley,172736,2021-03-07 10:45,7589,11110,Ohio Elite Soccer Academy ECNL GU16,FC Pride Elite ECNL GU16,1,1,Seven Hills School - Seven Hills Lower #1,75,7,Ohio Elite Soccer Academy,No Club Selection
U16,Ohio Valley,172735,2021-03-07 13:00,45896,20362,Racing Louisville Academy ECNL GU16,Indiana Fire ECNL GU16,0,1,Lynn Family Sports Vision & Training Facility - Field 1,3408,436,Racing Louisville Academy,Indy Eleven Academy
U16,Ohio Valley,172741,2021-03-13 11:30,20362,12533,Indiana Fire ECNL GU16,Pittsburgh Riverhounds ECNL GU16,1,3,Grand Park - Field 7,436,538,Indy Eleven Academy,Pittsburgh Riverhounds
U16,Ohio Valley,172743,2021-03-13 11:45,7589,45896,Ohio Elite Soccer Academy ECNL GU16,Racing Louisville Academy ECNL GU16,1,1,Seven Hills School - Lower Field,75,3408,Ohio Elite Soccer Academy,Racing Louisville Academy
U16,Ohio Valley,172742,2021-03-13 13:00,11110,12532,FC Pride Elite ECNL GU16,WNY Flash Academy ECNL GU16,2,3,Pride Performance Center (Turf) - Field 1,7,343,No Club Selection,WNY Flash Academy
U16,Ohio Valley,172745,2021-03-14 09:00,11110,12533,FC Pride Elite ECNL GU16,Pittsburgh Riverhounds ECNL GU16,0,0,Pride Performance Center (Turf) - Field 1,7,538,No Club Selection,Pittsburgh Riverhounds
U16,Ohio Valley,172744,2021-03-14 11:30,20362,12532,Indiana Fire ECNL GU16,WNY Flash Academy ECNL GU16,0,5,Grand Park - Field 7,436,343,Indy Eleven Academy,WNY Flash Academy
U16,Ohio Valley,172738,2021-03-20 10:45,7589,12300,Ohio Elite Soccer Academy ECNL GU16,Ohio Premier ECNL GU16,1,2,Seven Hills School - Lower Field,75,437,Ohio Elite Soccer Academy,Ohio Premier
U16,Ohio Valley,172737,2021-03-20 11:00,45896,12534,Racing Louisville Academy ECNL GU16,Internationals SC ECNL GU16,3,3,Lynn Family Sports Vision & Training Facility - Field 1,3408,58,Racing Louisville Academy,Internationals SC
U16,Ohio Valley,172740,2021-03-21 10:45,7589,12534,Ohio Elite Soccer Academy ECNL GU16,Internationals SC ECNL GU16,1,3,Seven Hills School - Lower Field,75,58,Ohio Elite Soccer Academy,Internationals SC
U16,Ohio Valley,172739,2021-03-21 11:00,45896,12300,Racing Louisville Academy ECNL GU16,Ohio Premier ECNL GU16,2,3,Lynn Family Sports Vision & Training Facility - Field 1,3408,437,Racing Louisville Academy,Ohio Premier
U16,Ohio Valley,172703,2021-03-27 10:15,12533,20362,Pittsburgh Riverhounds ECNL GU16,Indiana Fire ECNL GU16,6,1,Highmark Stadium - Field 1,538,436,Pittsburgh Riverhounds,Indy Eleven Academy
U16,Ohio Valley,172713,2021-03-27 10:45,12536,12300,FC Alliance ECNL GU16,Ohio Premier ECNL GU16,2,2,Powell High School Stadium - Field 1,1693,437,FC Alliance TN,Ohio Premier
U16,Ohio Valley,172702,2021-03-27 11:00,12532,11110,WNY Flash Academy ECNL GU16,FC Pride Elite ECNL GU16,4,0,Flash Fields - Field A,343,7,WNY Flash Academy,No Club Selection
U16,Ohio Valley,172707,2021-03-28 10:15,12533,11110,Pittsburgh Riverhounds ECNL GU16,FC Pride Elite ECNL GU16,3,0,Highmark Stadium - Field 1,538,7,Pittsburgh Riverhounds,No Club Selection
U16,Ohio Valley,172709,2021-03-28 10:15,11643,12300,Tennessee Soccer Club ECNL GU16,Ohio Premier ECNL GU16,1,3,Richard Siegel Soccer Complex - Field 2,1354,437,Tennessee SC,Ohio Premier
U16,Ohio Valley,172708,2021-03-28 10:45,12536,12534,FC Alliance ECNL GU16,Internationals SC ECNL GU16,1,0,Hardin Valley Academy Stadium - Field 1,1693,58,FC Alliance TN,Internationals SC
U16,Ohio Valley,172706,2021-03-28 11:00,12532,20362,WNY Flash Academy ECNL GU16,Indiana Fire ECNL GU16,10,0,Flash Fields - Field A,343,436,WNY Flash Academy,Indy Eleven Academy
U16,Ohio Valley,172767,2021-04-02 10:45,12532,12533,WNY Flash Academy ECNL GU16,Pittsburgh Riverhounds ECNL GU16,1,3,Flash Fields - Field A,343,538,WNY Flash Academy,Pittsburgh Riverhounds
U16,Ohio Valley,172712,2021-04-03 10:45,12533,12532,Pittsburgh Riverhounds ECNL GU16,WNY Flash Academy ECNL GU16,1,1,Highmark Stadium - Field 1,538,343,Pittsburgh Riverhounds,WNY Flash Academy
U16,Ohio Valley,172714,2021-04-10 13:45,11643,12534,Tennessee Soccer Club ECNL GU16,Internationals SC ECNL GU16,2,4,Riverside Park - Field 1,1354,58,Tennessee SC,Internationals SC
U16,Ohio Valley,172748,2021-04-17 09:00,12533,7589,Pittsburgh Riverhounds ECNL GU16,Ohio Elite Soccer Academy ECNL GU16,3,2,Highmark Stadium - Field 1,538,75,Pittsburgh Riverhounds,Ohio Elite Soccer Academy
U16,Ohio Valley,172749,2021-04-17 10:30,12532,45896,WNY Flash Academy ECNL GU16,Racing Louisville Academy ECNL GU16,4,1,Flash Fields - Field A,343,3408,WNY Flash Academy,Racing Louisville Academy
U16,Ohio Valley,172747,2021-04-17 10:45,12534,12536,Internationals SC ECNL GU16,FC Alliance ECNL GU16,0,4,Pinnacle Sports - Field 1,58,1693,Internationals SC,FC Alliance TN
U16,Ohio Valley,172746,2021-04-17 11:00,12300,11643,Ohio Premier ECNL GU16,Tennessee Soccer Club ECNL GU16,0,0,OP Training Facility - Field 1,437,1354,Ohio Premier,Tennessee SC
U16,Ohio Valley,172750,2021-04-17 12:00,20362,11110,Indiana Fire ECNL GU16,FC Pride Elite ECNL GU16,0,0,Grand Park - Field 31,436,7,Indy Eleven Academy,No Club Selection
U16,Ohio Valley,172753,2021-04-18 09:00,12533,45896,Pittsburgh Riverhounds ECNL GU16,Racing Louisville Academy ECNL GU16,3,2,Montour Junction Sports Complex - Field 1,538,3408,Pittsburgh Riverhounds,Racing Louisville Academy
U16,Ohio Valley,172752,2021-04-18 09:45,12534,11643,Internationals SC ECNL GU16,Tennessee Soccer Club ECNL GU16,0,1,Pinnacle Sports - Field 1,58,1354,Internationals SC,Tennessee SC
U16,Ohio Valley,172754,2021-04-18 10:30,12532,7589,WNY Flash Academy ECNL GU16,Ohio Elite Soccer Academy ECNL GU16,3,0,Flash Fields - Field A,343,75,WNY Flash Academy,Ohio Elite Soccer Academy
U16,Ohio Valley,172751,2021-04-18 11:00,12300,12536,Ohio Premier ECNL GU16,FC Alliance ECNL GU16,1,0,OP Training Facility - Field 1,437,1693,Ohio Premier,FC Alliance TN
U16,Ohio Valley,172755,2021-04-24 10:00,20362,12536,Indiana Fire ECNL GU16,FC Alliance ECNL GU16,1,2,Grand Park - Field 5,436,1693,Indy Eleven Academy,FC Alliance TN
U16,Ohio Valley,172757,2021-04-24 11:00,12533,12534,Pittsburgh Riverhounds ECNL GU16,Internationals SC ECNL GU16,2,0,Montour Junction Sports Complex - Field 1,538,58,Pittsburgh Riverhounds,Internationals SC
U16,Ohio Valley,172758,2021-04-24 11:00,12532,12300,WNY Flash Academy ECNL GU16,Ohio Premier ECNL GU16,5,1,Flash Fields - Field A,343,437,WNY Flash Academy,Ohio Premier
U16,Ohio Valley,172756,2021-04-24 12:30,11110,11643,FC Pride Elite ECNL GU16,Tennessee Soccer Club ECNL GU16,1,3,Pride Performance Center (Turf) - Field 1,7,1354,No Club Selection,Tennessee SC
U16,Ohio Valley,172759,2021-04-25 10:00,20362,11643,Indiana Fire ECNL GU16,Tennessee Soccer Club ECNL GU16,0,1,Grand Park - Field 5,436,1354,Indy Eleven Academy,Tennessee SC
U16,Ohio Valley,172761,2021-04-25 10:15,12533,12300,Pittsburgh Riverhounds ECNL GU16,Ohio Premier ECNL GU16,1,1,Highmark Stadium - Field 1,538,437,Pittsburgh Riverhounds,Ohio Premier
U16,Ohio Valley,172760,2021-04-25 10:45,11110,12536,FC Pride Elite ECNL GU16,FC Alliance ECNL GU16,2,3,Pride Performance Center (Turf) - Field 1,7,1693,No Club Selection,FC Alliance TN
U16,Ohio Valley,172762,2021-04-25 10:45,12532,12534,WNY Flash Academy ECNL GU16,Internationals SC ECNL GU16,3,3,Flash Fields - Field A,343,58,WNY Flash Academy,Internationals SC
U16,Ohio Valley,172764,2021-05-01 11:00,12536,45896,FC Alliance ECNL GU16,Racing Louisville Academy ECNL GU16,3,0,Mayor Bob Leonard Park - Field 2,1693,3408,FC Alliance TN,Racing Louisville Academy
U16,Ohio Valley,172765,2021-05-01 13:00,20362,12534,Indiana Fire ECNL GU16,Internationals SC ECNL GU16,0,0,Grand Park - Field 31,436,58,Indy Eleven Academy,Internationals SC
U16,Ohio Valley,172763,2021-05-01 14:30,11643,7589,Tennessee Soccer Club ECNL GU16,Ohio Elite Soccer Academy ECNL GU16,2,0,Richard Siegel Soccer Complex - Field 1,1354,75,Tennessee SC,Ohio Elite Soccer Academy
U16,Ohio Valley,172766,2021-05-01 15:00,11110,12300,FC Pride Elite ECNL GU16,Ohio Premier ECNL GU16,1,1,Pride Performance Center (Turf) - Field 1,7,437,No Club Selection,Ohio Premier
U16,Ohio Valley,172768,2021-05-02 10:45,11643,45896,Tennessee Soccer Club ECNL GU16,Racing Louisville Academy ECNL GU16,1,0,Williamson County Sports Complex - Field 22,1354,3408,Tennessee SC,Racing Louisville Academy
U16,Ohio Valley,172769,2021-05-02 10:45,12536,7589,FC Alliance ECNL GU16,Ohio Elite Soccer Academy ECNL GU16,3,1,Mayor Bob Leonard Park - Field 1,1693,75,FC Alliance TN,Ohio Elite Soccer Academy
U16,Ohio Valley,172771,2021-05-02 11:00,11110,12534,FC Pride Elite ECNL GU16,Internationals SC ECNL GU16,2,1,Pride Performance Center (Turf) - Field 1,7,58,No Club Selection,Internationals SC
U16,Ohio Valley,172770,2021-05-02 14:00,20362,12300,Indiana Fire ECNL GU16,Ohio Premier ECNL GU16,1,1,Grand Park - Field 31,436,437,Indy Eleven Academy,Ohio Premier
U16,Ohio Valley,172772,2021-05-15 09:45,12532,12536,WNY Flash Academy ECNL GU16,FC Alliance ECNL GU16,6,1,Flash Fields - Field A,343,1693,WNY Flash Academy,FC Alliance TN
U16,Ohio Valley,172773,2021-05-15 09:45,12533,11643,Pittsburgh Riverhounds ECNL GU16,Tennessee Soccer Club ECNL GU16,0,1,Highmark Stadium - Field 1,538,1354,Pittsburgh Riverhounds,Tennessee SC
U16,Ohio Valley,172774,2021-05-15 13:00,12534,45896,Internationals SC ECNL GU16,Racing Louisville Academy ECNL GU16,1,0,Pinnacle Sports - Field 1,58,3408,Internationals SC,Racing Louisville Academy
U16,Ohio Valley,172775,2021-05-15 13:00,12300,7589,Ohio Premier ECNL GU16,Ohio Elite Soccer Academy ECNL GU16,1,1,OP Training Facility - Field 1,437,75,Ohio Premier,Ohio Elite Soccer Academy
U16,Ohio Valley,172778,2021-05-16 09:00,12534,7589,Internationals SC ECNL GU16,Ohio Elite Soccer Academy ECNL GU16,1,2,Pinnacle Sports - Field 1,58,75,Internationals SC,Ohio Elite Soccer Academy
U16,Ohio Valley,172776,2021-05-16 09:45,12532,11643,WNY Flash Academy ECNL GU16,Tennessee Soccer Club ECNL GU16,2,2,Flash Fields - Field A,343,1354,WNY Flash Academy,Tennessee SC
U16,Ohio Valley,172777,2021-05-16 09:45,12533,12536,Pittsburgh Riverhounds ECNL GU16,FC Alliance ECNL GU16,1,0,Highmark Stadium - Field 1,538,1693,Pittsburgh Riverhounds,FC Alliance TN
U16,Ohio Valley,172779,2021-05-16 11:00,12300,45896,Ohio Premier ECNL GU16,Racing Louisville Academy ECNL GU16,1,0,OP Training Facility - Field 1,437,3408,Ohio Premier,Racing Louisville Academy
U16,Ohio Valley,172781,2021-05-22 10:45,7589,12533,Ohio Elite Soccer Academy ECNL GU16,Pittsburgh Riverhounds ECNL GU16,3,0,Ohio Elite Training Center - Field 9,75,538,Ohio Elite Soccer Academy,Pittsburgh Riverhounds
U16,Ohio Valley,172782,2021-05-22 11:00,45896,12532,Racing Louisville Academy ECNL GU16,WNY Flash Academy ECNL GU16,2,1,Lynn Family Sports Vision & Training Facility - Field 3,3408,343,Racing Louisville Academy,WNY Flash Academy
U16,Ohio Valley,172784,2021-05-22 13:00,12300,11110,Ohio Premier ECNL GU16,FC Pride Elite ECNL GU16,0,1,OP Training Facility - Field 1,437,7,Ohio Premier,No Club Selection
U16,Ohio Valley,172783,2021-05-22 14:45,12534,20362,Internationals SC ECNL GU16,Indiana Fire ECNL GU16,4,1,Pinnacle Sports - Field 1,58,436,Internationals SC,Indy Eleven Academy
U16,Ohio Valley,172787,2021-05-23 09:00,12534,11110,Internationals SC ECNL GU16,FC Pride Elite ECNL GU16,2,2,Pinnacle Sports - Field 1,58,7,Internationals SC,No Club Selection
U16,Ohio Valley,172785,2021-05-23 10:45,7589,12532,Ohio Elite Soccer Academy ECNL GU16,WNY Flash Academy ECNL GU16,1,0,Ohio Elite Training Center - Field 10,75,343,Ohio Elite Soccer Academy,WNY Flash Academy
U16,Ohio Valley,172780,2021-05-23 11:00,11643,12536,Tennessee Soccer Club ECNL GU16,FC Alliance ECNL GU16,1,0,Williamson County Sports Complex - Field 23,1354,1693,Tennessee SC,FC Alliance TN
U16,Ohio Valley,172786,2021-05-23 11:00,45896,12533,Racing Louisville Academy ECNL GU16,Pittsburgh Riverhounds ECNL GU16,1,2,Lynn Family Sports Vision & Training Facility - Field 3,3408,538,Racing Louisville Academy,Pittsburgh Riverhounds
U16,Ohio Valley,172788,2021-05-23 11:00,12300,20362,Ohio Premier ECNL GU16,Indiana Fire ECNL GU16,3,1,OP Training Facility - Field 1,437,436,Ohio Premier,Indy Eleven Academy
U16,Ohio Valley,172718,2021-06-05 14:00,12300,12532,Ohio Premier ECNL GU16,WNY Flash Academy ECNL GU16,1,2,OP Training Facility - Field 1,437,343,Ohio Premier,WNY Flash Academy
U16,Ohio Valley,172722,2021-06-06 13:00,12300,12533,Ohio Premier ECNL GU16,Pittsburgh Riverhounds ECNL GU16,5,0,OP Training Facility - Field 1,437,538,Ohio Premier,Pittsburgh Riverhounds
U16,Ohio Valley,172719,2021-06-12 12:45,12534,12533,Internationals SC ECNL GU16,Pittsburgh Riverhounds ECNL GU16,1,0,Pinnacle Sports - Field 1,58,538,Internationals SC,Pittsburgh Riverhounds
U16,Ohio Valley,172723,2021-06-13 12:30,12534,12532,Internationals SC ECNL GU16,WNY Flash Academy ECNL GU16,3,1,Pinnacle Sports - Field 1,58,343,Internationals SC,WNY Flash Academy
U16,Southeast,168889,2020-08-22 09:00,19902,12255,Concorde Fire Platinum ECNL GU16,Concorde Fire Premier ECNL GU16,0,1,Georgia Soccer Park - Field 1,30,30,Concorde Fire,Concorde Fire
U16,Southeast,168890,2020-08-22 14:00,11636,11332,GSA ECNL GU16,Alabama FC ECNL GU16,3,0,GSA South - Schrader,56,18,Gwinnett Soccer Academy,Alabama FC
U16,Southeast,168893,2020-08-23 10:00,19902,11332,Concorde Fire Platinum ECNL GU16,Alabama FC ECNL GU16,3,1,Georgia Soccer Park - Field 2,30,18,Concorde Fire,Alabama FC
U16,Southeast,168894,2020-08-23 14:00,11636,12255,GSA ECNL GU16,Concorde Fire Premier ECNL GU16,3,0,GSA South - Schrader,56,30,Gwinnett Soccer Academy,Concorde Fire
U16,Southeast,173981,2020-08-30 09:00,45837,11274,United Futbol Academy ECNL GU16,Atlanta Fire United ECNL GU16,3,1,Fowler Park - Field 6,3407,14,United Futbol Academy,Atlanta Fire United
U16,Southeast,168896,2020-09-12 09:00,12255,11636,Concorde Fire Premier ECNL GU16,GSA ECNL GU16,2,5,Georgia Soccer Park - Field 3,30,56,Concorde Fire,Gwinnett Soccer Academy
U16,Southeast,168895,2020-09-12 14:00,11332,19902,Alabama FC ECNL GU16,Concorde Fire Platinum ECNL GU16,1,2,Dunnavant Valley Fields (DVF) - Field #1,18,30,Alabama FC,Concorde Fire
U16,Southeast,168898,2020-09-13 14:00,11332,11636,Alabama FC ECNL GU16,GSA ECNL GU16,1,5,Dunnavant Valley Fields (DVF) - Field #1,18,56,Alabama FC,Gwinnett Soccer Academy
U16,Southeast,168897,2020-09-13 15:00,12255,19902,Concorde Fire Premier ECNL GU16,Concorde Fire Platinum ECNL GU16,1,1,Georgia Soccer Park - Field 4,30,30,Concorde Fire,Concorde Fire
U16,Southeast,168899,2020-09-19 08:00,11546,45837,Florida Elite SA ECNL GU16,United Futbol Academy ECNL GU16,1,0,Veterans Park - Field 1,1353,3407,Sporting SA,United Futbol Academy
U16,Southeast,168900,2020-09-19 08:30,12063,11274,Jacksonville FC ECNL GU16,Atlanta Fire United ECNL GU16,2,0,Patton Park - Field 3,7,14,No Club Selection,Atlanta Fire United
U16,Southeast,168903,2020-09-19 09:00,11636,19371,GSA ECNL GU16,Sunrise Prime FC ECNL GU16,0,0,Silverbacks Park - Stadium Field,56,2329,Gwinnett Soccer Academy,Athletic Club Florida
U16,Southeast,168905,2020-09-20 08:00,11546,11274,Florida Elite SA ECNL GU16,Atlanta Fire United ECNL GU16,2,0,Veterans Park - Field 1,1353,14,Sporting SA,Atlanta Fire United
U16,Southeast,168904,2020-09-20 09:00,12063,45837,Jacksonville FC ECNL GU16,United Futbol Academy ECNL GU16,1,3,Patton Park - Field 3,7,3407,No Club Selection,United Futbol Academy
U16,Southeast,168907,2020-09-20 09:00,19902,19371,Concorde Fire Platinum ECNL GU16,Sunrise Prime FC ECNL GU16,1,1,Georgia Soccer Park - Field 4,30,2329,Concorde Fire,Athletic Club Florida
U16,Southeast,168909,2020-09-26 02:00,12255,12063,Concorde Fire Premier ECNL GU16,Jacksonville FC ECNL GU16,1,2,Georgia Soccer Park - Field 3,30,7,Concorde Fire,No Club Selection
U16,Southeast,168908,2020-09-26 09:00,11332,11546,Alabama FC ECNL GU16,Florida Elite SA ECNL GU16,1,3,Dunnavant Valley Fields (DVF) - Field # 5,18,1353,Alabama FC,Sporting SA
U16,Southeast,168910,2020-09-26 11:00,11274,11093,Atlanta Fire United ECNL GU16,Florida Krush ECNL GU16,1,1,Pinecrest Academy - Grass,14,7,Atlanta Fire United,No Club Selection
U16,Southeast,168911,2020-09-26 11:00,45837,11637,United Futbol Academy ECNL GU16,Orlando City ECNL GU16,3,2,Fowler Park - Field 6,3407,77,United Futbol Academy,Seminole United
U16,Southeast,168912,2020-09-27 09:00,11332,12063,Alabama FC ECNL GU16,Jacksonville FC ECNL GU16,5,1,Dunnavant Valley Fields (DVF) - Field # 5,18,7,Alabama FC,No Club Selection
U16,Southeast,168913,2020-09-27 11:00,12255,11546,Concorde Fire Premier ECNL GU16,Florida Elite SA ECNL GU16,0,1,Georgia Soccer Park - Field 3,30,1353,Concorde Fire,Sporting SA
U16,Southeast,168914,2020-09-27 11:00,45837,11093,United Futbol Academy ECNL GU16,Florida Krush ECNL GU16,1,0,Fowler Park - Field 6,3407,7,United Futbol Academy,No Club Selection
U16,Southeast,168915,2020-09-27 11:00,11274,11637,Atlanta Fire United ECNL GU16,Orlando City ECNL GU16,1,1,Pinecrest Academy - Grass,14,77,Atlanta Fire United,Seminole United
U16,Southeast,168824,2020-10-03 09:00,11274,45837,Atlanta Fire United ECNL GU16,United Futbol Academy ECNL GU16,2,2,Pinecrest Academy - Turf,14,3407,Atlanta Fire United,United Futbol Academy
U16,Southeast,168823,2020-10-03 11:00,19371,11332,Sunrise Prime FC ECNL GU16,Alabama FC ECNL GU16,2,1,Max K. Rodes Park - Field 4,2329,18,Athletic Club Florida,Alabama FC
U16,Southeast,168820,2020-10-03 12:00,11093,19902,Florida Krush ECNL GU16,Concorde Fire Platinum ECNL GU16,0,2,Central Winds - Field B,7,30,No Club Selection,Concorde Fire
U16,Southeast,168822,2020-10-03 13:00,11775,12255,Tampa Bay United Rowdies ECNL GU16,Concorde Fire Premier ECNL GU16,2,1,Waters Sportsplex - Field 2,874,30,Tampa Bay United,Concorde Fire
U16,Southeast,168831,2020-10-04 09:00,11093,11636,Florida Krush ECNL GU16,GSA ECNL GU16,0,2,Central Winds - Field B,7,56,No Club Selection,Gwinnett Soccer Academy
U16,Southeast,168833,2020-10-04 09:00,11775,11332,Tampa Bay United Rowdies ECNL GU16,Alabama FC ECNL GU16,1,1,Waters Sportsplex - Field 3,874,18,Tampa Bay United,Alabama FC
U16,Southeast,168834,2020-10-04 11:00,19371,12255,Sunrise Prime FC ECNL GU16,Concorde Fire Premier ECNL GU16,0,1,Max K. Rodes Park - Field 4,2329,30,Athletic Club Florida,Concorde Fire
U16,Southeast,168902,2020-10-10 11:00,19902,11775,Concorde Fire Platinum ECNL GU16,Tampa Bay United Rowdies ECNL GU16,2,3,Georgia Soccer Park - Field 1,30,874,Concorde Fire,Tampa Bay United
U16,Southeast,168906,2020-10-11 13:00,11636,11775,GSA ECNL GU16,Tampa Bay United Rowdies ECNL GU16,2,1,Rabbit Hill Park - Field 1,56,874,Gwinnett Soccer Academy,Tampa Bay United
U16,Southeast,168808,2020-10-17 09:00,11332,11093,Alabama FC ECNL GU16,Florida Krush ECNL GU16,3,2,Dunnavant Valley Fields (DVF) - Field #1,18,7,Alabama FC,No Club Selection
U16,Southeast,168920,2020-10-17 09:00,11775,45837,Tampa Bay United Rowdies ECNL GU16,United Futbol Academy ECNL GU16,2,3,Waters Sportsplex - Field 2,874,3407,Tampa Bay United,United Futbol Academy
U16,Southeast,168921,2020-10-17 11:00,19371,11274,Sunrise Prime FC ECNL GU16,Atlanta Fire United ECNL GU16,2,0,Chapel Trail Park - CTSP 4,2329,14,Athletic Club Florida,Atlanta Fire United
U16,Southeast,168809,2020-10-17 12:00,12255,11637,Concorde Fire Premier ECNL GU16,Orlando City ECNL GU16,1,1,Georgia Soccer Park - Field 3,30,77,Concorde Fire,Seminole United
U16,Southeast,168815,2020-10-18 09:00,11332,11637,Alabama FC ECNL GU16,Orlando City ECNL GU16,3,2,Dunnavant Valley Fields (DVF) - Field # 5,18,77,Alabama FC,Seminole United
U16,Southeast,168926,2020-10-18 09:00,11775,11274,Tampa Bay United Rowdies ECNL GU16,Atlanta Fire United ECNL GU16,2,1,Waters Sportsplex - Field 2,874,14,Tampa Bay United,Atlanta Fire United
U16,Southeast,168814,2020-10-18 11:00,12255,11093,Concorde Fire Premier ECNL GU16,Florida Krush ECNL GU16,0,0,Georgia Soccer Park - Field 5,30,7,Concorde Fire,No Club Selection
U16,Southeast,168927,2020-10-18 11:00,19371,45837,Sunrise Prime FC ECNL GU16,United Futbol Academy ECNL GU16,0,1,Chapel Trail Park - CTSP 4,2329,3407,Athletic Club Florida,United Futbol Academy
U16,Southeast,168886,2020-10-25 08:00,11546,12063,Florida Elite SA ECNL GU16,Jacksonville FC ECNL GU16,3,2,Veterans Park - Field 1,1353,7,Sporting SA,No Club Selection
U16,Southeast,168819,2020-10-25 11:00,12255,11332,Concorde Fire Premier ECNL GU16,Alabama FC ECNL GU16,2,2,Georgia Soccer Park - Field 1,30,18,Concorde Fire,Alabama FC
U16,Southeast,168856,2020-10-31 09:00,45837,11636,United Futbol Academy ECNL GU16,GSA ECNL GU16,0,1,Fowler Park - Field 6,3407,56,United Futbol Academy,Gwinnett Soccer Academy
U16,Southeast,168855,2020-10-31 11:00,11274,19902,Atlanta Fire United ECNL GU16,Concorde Fire Platinum ECNL GU16,1,0,Notre Dame Academy - Turf,14,30,Atlanta Fire United,Concorde Fire
U16,Southeast,168863,2020-10-31 11:00,11546,11093,Florida Elite SA ECNL GU16,Florida Krush ECNL GU16,3,0,Veterans Park - Field 1,1353,7,Sporting SA,No Club Selection
U16,Southeast,168864,2020-10-31 14:30,12063,11637,Jacksonville FC ECNL GU16,Orlando City ECNL GU16,2,4,Patton Park - Field 3,7,77,No Club Selection,Seminole United
U16,Southeast,168858,2020-11-01 10:00,11274,11636,Atlanta Fire United ECNL GU16,GSA ECNL GU16,1,2,Pinecrest Academy - Turf,14,56,Atlanta Fire United,Gwinnett Soccer Academy
U16,Southeast,168865,2020-11-01 11:00,11546,11637,Florida Elite SA ECNL GU16,Orlando City ECNL GU16,3,1,Veterans Park - Field 1,1353,77,Sporting SA,Seminole United
U16,Southeast,168866,2020-11-01 13:00,12063,11093,Jacksonville FC ECNL GU16,Florida Krush ECNL GU16,0,2,Patton Park - Field 2,7,7,No Club Selection,No Club Selection
U16,Southeast,168857,2020-11-01 15:00,45837,19902,United Futbol Academy ECNL GU16,Concorde Fire Platinum ECNL GU16,1,2,Fowler Park - Field 6,3407,30,United Futbol Academy,Concorde Fire
U16,Southeast,168846,2020-11-07 15:00,12255,45837,Concorde Fire Premier ECNL GU16,United Futbol Academy ECNL GU16,0,0,Georgia Soccer Park - Field 4,30,3407,Concorde Fire,United Futbol Academy
U16,Southeast,168848,2020-11-08 13:00,11332,45837,Alabama FC ECNL GU16,United Futbol Academy ECNL GU16,0,1,Dunnavant Valley Fields (DVF) - Field #1,18,3407,Alabama FC,United Futbol Academy
U16,Southeast,168832,2020-11-15 11:00,11637,19902,Orlando City ECNL GU16,Concorde Fire Platinum ECNL GU16,1,3,Seminole - Field 2,77,30,Seminole United,Concorde Fire
U16,Southeast,168841,2020-11-21 09:00,19902,45837,Concorde Fire Platinum ECNL GU16,United Futbol Academy ECNL GU16,1,2,Georgia Soccer Park - Field 3,30,3407,Concorde Fire,United Futbol Academy
U16,Southeast,168842,2020-11-21 13:00,11636,11274,GSA ECNL GU16,Atlanta Fire United ECNL GU16,1,0,GSA South - Spencer,56,14,Gwinnett Soccer Academy,Atlanta Fire United
U16,Southeast,168843,2020-11-21 13:00,11332,12255,Alabama FC ECNL GU16,Concorde Fire Premier ECNL GU16,1,2,Dunnavant Valley Fields (DVF) - Field #1,18,30,Alabama FC,Concorde Fire
U16,Southeast,168844,2020-11-22 13:00,19902,11274,Concorde Fire Platinum ECNL GU16,Atlanta Fire United ECNL GU16,2,1,Georgia Soccer Park - Field 4,30,14,Concorde Fire,Atlanta Fire United
U16,Southeast,168845,2020-11-22 13:00,11636,45837,GSA ECNL GU16,United Futbol Academy ECNL GU16,3,0,GSA South - Spencer,56,3407,Gwinnett Soccer Academy,United Futbol Academy
U16,Southeast,168851,2020-12-12 12:00,11274,12255,Atlanta Fire United ECNL GU16,Concorde Fire Premier ECNL GU16,0,0,Pinecrest Academy - Grass,14,30,Atlanta Fire United,Concorde Fire
U16,Southeast,168850,2020-12-12 13:00,45837,11332,United Futbol Academy ECNL GU16,Alabama FC ECNL GU16,1,0,Fowler Park - Field 6,3407,18,United Futbol Academy,Alabama FC
U16,Southeast,168853,2020-12-13 09:00,45837,12255,United Futbol Academy ECNL GU16,Concorde Fire Premier ECNL GU16,1,0,Fowler Park - Field 6,3407,30,United Futbol Academy,Concorde Fire
U16,Southeast,168854,2020-12-13 09:00,11274,11332,Atlanta Fire United ECNL GU16,Alabama FC ECNL GU16,3,0,Pinecrest Academy - Grass,14,18,Atlanta Fire United,Alabama FC
U16,Southeast,168849,2021-01-16 10:00,12255,11274,Concorde Fire Premier ECNL GU16,Atlanta Fire United ECNL GU16,0,5,Georgia Soccer Park - Field 5,30,14,Concorde Fire,Atlanta Fire United
U16,Southeast,168847,2021-01-23 12:00,11332,11274,Alabama FC ECNL GU16,Atlanta Fire United ECNL GU16,4,2,Dunnavant Valley Fields (DVF) - Field #1,18,14,Alabama FC,Atlanta Fire United
U16,Southeast,168872,2021-03-06 08:30,12063,11546,Jacksonville FC ECNL GU16,Florida Elite SA ECNL GU16,,,Patton Park - Field 3,7,1353,No Club Selection,Sporting SA
U16,Southeast,168901,2021-03-13 13:00,11093,11637,Florida Krush ECNL GU16,Orlando City ECNL GU16,0,1,East Orange District Park - Field 2,7,77,No Club Selection,Seminole United
U16,Southeast,168868,2021-03-27 15:00,11093,12063,Florida Krush ECNL GU16,Jacksonville FC ECNL GU16,4,0,Central Winds - Field B,7,7,No Club Selection,No Club Selection
U16,Southeast,168871,2021-03-28 11:00,19371,11775,Sunrise Prime FC ECNL GU16,Tampa Bay United Rowdies ECNL GU16,2,0,Chapel Trail Park - CTSP 4,2329,874,Athletic Club Florida,Tampa Bay United
U16,Southeast,168870,2021-03-28 13:30,11637,12063,Orlando City ECNL GU16,Jacksonville FC ECNL GU16,0,2,Seminole - Field 6,77,7,Seminole United,No Club Selection
U16,Southeast,168874,2021-04-17 08:30,12063,11775,Jacksonville FC ECNL GU16,Tampa Bay United Rowdies ECNL GU16,1,7,Patton Park - Stadium,7,874,No Club Selection,Tampa Bay United
U16,Southeast,168873,2021-04-17 09:00,11546,19371,Florida Elite SA ECNL GU16,Sunrise Prime FC ECNL GU16,0,2,Veterans Park - Field 1,1353,2329,Sporting SA,Athletic Club Florida
U16,Southeast,168875,2021-04-17 09:00,11637,11093,Orlando City ECNL GU16,Florida Krush ECNL GU16,1,3,Seminole - Field 2,77,7,Seminole United,No Club Selection
U16,Southeast,168876,2021-04-18 08:00,11546,11775,Florida Elite SA ECNL GU16,Tampa Bay United Rowdies ECNL GU16,1,0,Veterans Park - Field 1,1353,874,Sporting SA,Tampa Bay United
U16,Southeast,168877,2021-04-18 09:00,12063,19371,Jacksonville FC ECNL GU16,Sunrise Prime FC ECNL GU16,0,3,Patton Park - Stadium,7,2329,No Club Selection,Athletic Club Florida
U16,Southeast,168879,2021-04-24 11:30,11637,19371,Orlando City ECNL GU16,Sunrise Prime FC ECNL GU16,0,3,Seminole - Field 2,77,2329,Seminole United,Athletic Club Florida
U16,Southeast,168878,2021-04-24 13:00,11093,11775,Florida Krush ECNL GU16,Tampa Bay United Rowdies ECNL GU16,1,2,Central Winds - Field A,7,874,No Club Selection,Tampa Bay United
U16,Southeast,168880,2021-04-25 11:00,11093,19371,Florida Krush ECNL GU16,Sunrise Prime FC ECNL GU16,0,2,Central Winds - Field B,7,2329,No Club Selection,Athletic Club Florida
U16,Southeast,168881,2021-04-25 13:00,11637,11775,Orlando City ECNL GU16,Tampa Bay United Rowdies ECNL GU16,1,2,Seminole - Field 1,77,874,Seminole United,Tampa Bay United
U16,Southeast,173988,2021-05-02 09:00,11775,19371,Tampa Bay United Rowdies ECNL GU16,Sunrise Prime FC ECNL GU16,3,3,Waters Sportsplex - Field 2,874,2329,Tampa Bay United,Athletic Club Florida
U16,Southeast,168883,2021-05-15 09:00,11775,11637,Tampa Bay United Rowdies ECNL GU16,Orlando City ECNL GU16,2,1,Waters Sportsplex - Field 2,874,77,Tampa Bay United,Seminole United
U16,Southeast,168882,2021-05-15 12:00,19371,11093,Sunrise Prime FC ECNL GU16,Florida Krush ECNL GU16,4,0,Chapel Trail Park - CTSP 4,2329,7,Athletic Club Florida,No Club Selection
U16,Southeast,168884,2021-05-16 11:00,19371,11637,Sunrise Prime FC ECNL GU16,Orlando City ECNL GU16,2,0,Chapel Trail Park - CTSP 4,2329,77,Athletic Club Florida,Seminole United
U16,Southeast,168885,2021-05-16 11:00,11775,11093,Tampa Bay United Rowdies ECNL GU16,Florida Krush ECNL GU16,3,2,Waters Sportsplex - Field 1,874,7,Tampa Bay United,No Club Selection
U16,Southeast,168859,2021-05-22 09:00,11775,11546,Tampa Bay United Rowdies ECNL GU16,Florida Elite SA ECNL GU16,2,3,Waters Sportsplex - Field 1,874,1353,Tampa Bay United,Sporting SA
U16,Southeast,168860,2021-05-22 11:00,19371,12063,Sunrise Prime FC ECNL GU16,Jacksonville FC ECNL GU16,4,1,Chapel Trail Park - CTSP 3,2329,7,Athletic Club Florida,No Club Selection
U16,Southeast,168862,2021-05-23 09:00,11775,12063,Tampa Bay United Rowdies ECNL GU16,Jacksonville FC ECNL GU16,4,0,Waters Sportsplex - Field 2,874,7,Tampa Bay United,No Club Selection
U16,Southeast,168861,2021-05-23 11:00,19371,11546,Sunrise Prime FC ECNL GU16,Florida Elite SA ECNL GU16,0,1,Chapel Trail Park - CTSP 3,2329,1353,Athletic Club Florida,Sporting SA
U16,Southeast,168821,2021-05-28 17:00,11637,11636,Orlando City ECNL GU16,GSA ECNL GU16,1,3,Seminole - Field 1,77,56,Seminole United,Gwinnett Soccer Academy
U16,Southeast,168810,2021-05-29 12:00,11546,11636,Florida Elite SA ECNL GU16,GSA ECNL GU16,0,0,Veterans Park - Field 1,1353,56,Sporting SA,Gwinnett Soccer Academy
U16,Southeast,200505,2021-05-29 14:30,12063,19902,Jacksonville FC ECNL GU16,Concorde Fire Platinum ECNL GU16,1,0,Patton Park - Field 12,7,30,No Club Selection,Concorde Fire
U16,Southeast,168816,2021-05-30 12:00,11546,19902,Florida Elite SA ECNL GU16,Concorde Fire Platinum ECNL GU16,2,1,Veterans Park - Field 1,1353,30,Sporting SA,Concorde Fire
U16,Southeast,168817,2021-05-30 13:00,12063,11636,Jacksonville FC ECNL GU16,GSA ECNL GU16,0,4,Patton Park - Field 12,7,56,No Club Selection,Gwinnett Soccer Academy
U16,Southeast,168818,2021-06-09 12:00,19902,11636,Concorde Fire Platinum ECNL GU16,GSA ECNL GU16,1,2,Georgia Soccer Park - Field 1,30,56,Concorde Fire,Gwinnett Soccer Academy
U16,Southeast,168867,2021-06-10 19:00,11637,11546,Orlando City ECNL GU16,Florida Elite SA ECNL GU16,0,3,Seminole - Field 1,77,1353,Seminole United,Sporting SA
U16,Southeast,168852,2021-06-12 17:00,11636,19902,GSA ECNL GU16,Concorde Fire Platinum ECNL GU16,5,1,GSA South - Schrader,56,30,Gwinnett Soccer Academy,Concorde Fire
U16,Southeast,168869,2021-06-13 11:00,11093,11546,Florida Krush ECNL GU16,Florida Elite SA ECNL GU16,0,2,Daytona State Game Field - Game Field,7,1353,No Club Selection,Sporting SA
U16,Southwest,209712,2020-10-04,20446,19165,Phoenix Rising ECNL GU16,AZ Arsenal ECNL GU16,7,3,,1141,592,Phoenix Rising FC,Arizona Arsenal Soccer Club
U16,Southwest,209717,2020-10-17,20446,17223,Phoenix Rising ECNL GU16,SLAMMERS FC ECNL GU16,2,1,,1141,96,Phoenix Rising FC,Slammers FC
U16,Southwest,209716,2020-10-17 12:00,19165,10076,AZ Arsenal ECNL GU16,LAFC Slammers ECNL GU16,1,5,Eagle Sports Complex - Field 3,592,1656,Arizona Arsenal Soccer Club,Slammers FC HB Koge
U16,Southwest,209722,2020-10-18,20446,10076,Phoenix Rising ECNL GU16,LAFC Slammers ECNL GU16,0,6,,1141,1656,Phoenix Rising FC,Slammers FC HB Koge
U16,Southwest,209723,2020-10-18 08:00,19165,17223,AZ Arsenal ECNL GU16,SLAMMERS FC ECNL GU16,1,1,Desert Sky Park - Field 3,592,96,Arizona Arsenal Soccer Club,Slammers FC
U16,Southwest,209728,2020-10-24,20446,45890,Phoenix Rising ECNL GU16,Real So Cal ECNL GU16,5,1,,1141,82,Phoenix Rising FC,LAFC So Cal
U16,Southwest,209729,2020-10-24,11814,10076,Heat FC ECNL GU16,LAFC Slammers ECNL GU16,0,2,,57,1656,LV Heat Surf SC,Slammers FC HB Koge
U16,Southwest,209810,2020-10-24 17:00,19165,17811,AZ Arsenal ECNL GU16,So Cal Blues ECNL GU16,1,3,Santos Soccer Complex - Field 4,592,98,Arizona Arsenal Soccer Club,So Cal Blues
U16,Southwest,209733,2020-10-25,19165,45890,AZ Arsenal ECNL GU16,Real So Cal ECNL GU16,2,1,,592,82,Arizona Arsenal Soccer Club,LAFC So Cal
U16,Southwest,209734,2020-10-25,11814,17223,Heat FC ECNL GU16,SLAMMERS FC ECNL GU16,5,1,,57,96,LV Heat Surf SC,Slammers FC
U16,Southwest,209816,2020-10-25,20446,17811,Phoenix Rising ECNL GU16,So Cal Blues ECNL GU16,4,2,,1141,98,Phoenix Rising FC,So Cal Blues
U16,Southwest,209847,2020-10-31,20446,34922,Phoenix Rising ECNL GU16,LA Breakers FC ECNL GU16,2,0,,1141,2289,Phoenix Rising FC,LA Breakers FC
U16,Southwest,209848,2020-10-31,19165,15648,AZ Arsenal ECNL GU16,Arsenal FC ECNL GU16,0,2,,592,13,Arizona Arsenal Soccer Club,Sporting California USA
U16,Southwest,209853,2020-11-01,19165,34922,AZ Arsenal ECNL GU16,LA Breakers FC ECNL GU16,2,1,,592,2289,Arizona Arsenal Soccer Club,LA Breakers FC
U16,Southwest,209854,2020-11-01,20446,15648,Phoenix Rising ECNL GU16,Arsenal FC ECNL GU16,2,0,,1141,13,Phoenix Rising FC,Sporting California USA
U16,Southwest,209739,2020-11-07,45878,19165,San Diego Surf ECNL GU16,AZ Arsenal ECNL GU16,2,0,,87,592,San Diego Surf Soccer Club,Arizona Arsenal Soccer Club
U16,Southwest,209740,2020-11-07,2399,20446,Rebels SC ECNL GU16,Phoenix Rising ECNL GU16,0,5,,300,1141,Rebels Soccer Club,Phoenix Rising FC
U16,Southwest,209745,2020-11-07 10:30,11814,20460,Heat FC ECNL GU16,Strikers FC ECNL GU16,5,1,Heritage Park Sports Complex - Field 5,57,2,LV Heat Surf SC,Strikers FC ECNL
U16,Southwest,209746,2020-11-08,2399,19165,Rebels SC ECNL GU16,AZ Arsenal ECNL GU16,5,4,,300,592,Rebels Soccer Club,Arizona Arsenal Soccer Club
U16,Southwest,209747,2020-11-08,45878,20446,San Diego Surf ECNL GU16,Phoenix Rising ECNL GU16,2,0,,87,1141,San Diego Surf Soccer Club,Phoenix Rising FC
U16,Southwest,209892,2021-03-06,17811,15648,So Cal Blues ECNL GU16,Arsenal FC ECNL GU16,2,2,,98,13,So Cal Blues,Sporting California USA
U16,Southwest,209750,2021-03-06 09:00,5941,34922,Eagles SC ECNL GU16,LA Breakers FC ECNL GU16,2,1,Pleasant Valley Fields - Field 16ss,7,2289,No Club Selection,LA Breakers FC
U16,Southwest,209757,2021-03-06 09:00,45878,10076,San Diego Surf ECNL GU16,LAFC Slammers ECNL GU16,2,2,Surf Sports Park - Field 6,87,1656,San Diego Surf Soccer Club,Slammers FC HB Koge
U16,Southwest,209849,2021-03-06 09:00,16163,20460,Del Mar Sharks ECNL GU16,Strikers FC ECNL GU16,1,1,Surf Sports Park - Field 9,39,2,Legends FC - Del Mar,Strikers FC ECNL
U16,Southwest,209772,2021-03-06 11:00,2399,17223,Rebels SC ECNL GU16,SLAMMERS FC ECNL GU16,2,3,Surf Sports Park - Field 3,300,96,Rebels Soccer Club,Slammers FC
U16,Southwest,209869,2021-03-07,17811,45890,So Cal Blues ECNL GU16,Real So Cal ECNL GU16,2,0,,98,82,So Cal Blues,LAFC So Cal
U16,Southwest,209754,2021-03-07 09:00,45878,17223,San Diego Surf ECNL GU16,SLAMMERS FC ECNL GU16,4,2,Surf Sports Park - Field 6,87,96,San Diego Surf Soccer Club,Slammers FC
U16,Southwest,209792,2021-03-07 09:00,5941,34922,Eagles SC ECNL GU16,LA Breakers FC ECNL GU16,0,0,Pleasant Valley Fields - Field 16ss,7,2289,No Club Selection,LA Breakers FC
U16,Southwest,209825,2021-03-07 09:00,16163,15648,Del Mar Sharks ECNL GU16,Arsenal FC ECNL GU16,2,2,Surf Sports Park - Field 9,39,13,Legends FC - Del Mar,Sporting California USA
U16,Southwest,209769,2021-03-07 13:00,2399,10076,Rebels SC ECNL GU16,LAFC Slammers ECNL GU16,0,4,Surf Sports Park - Field 4,300,1656,Rebels Soccer Club,Slammers FC HB Koge
U16,Southwest,209731,2021-03-13 09:00,15648,2399,Arsenal FC ECNL GU16,Rebels SC ECNL GU16,5,1,Ralph M. Lewis Sports Complex - Field 5,13,300,Sporting California USA,Rebels Soccer Club
U16,Southwest,209822,2021-03-13 09:00,16163,10076,Del Mar Sharks ECNL GU16,LAFC Slammers ECNL GU16,0,7,SoCal Sports Complex - Field 19,39,1656,Legends FC - Del Mar,Slammers FC HB Koge
U16,Southwest,209823,2021-03-13 09:00,17811,17223,So Cal Blues ECNL GU16,SLAMMERS FC ECNL GU16,2,3,OC Great Park - Field 7,98,96,So Cal Blues,Slammers FC
U16,Southwest,209743,2021-03-13 12:00,45890,34922,Real So Cal ECNL GU16,LA Breakers FC ECNL GU16,1,2,Alice C Stelle Middle School - Field 1,82,2289,LAFC So Cal,LA Breakers FC
U16,Southwest,209890,2021-03-13 13:00,20460,45878,Strikers FC ECNL GU16,San Diego Surf ECNL GU16,1,3,SoCal Sports Complex - Field 21,2,87,Strikers FC ECNL,San Diego Surf Soccer Club
U16,Southwest,209727,2021-03-14 09:00,15648,45878,Arsenal FC ECNL GU16,San Diego Surf ECNL GU16,0,0,Galway Downs - Field 19,13,87,Sporting California USA,San Diego Surf Soccer Club
U16,Southwest,209820,2021-03-14 12:30,20460,2399,Strikers FC ECNL GU16,Rebels SC ECNL GU16,4,2,Orange County Great Park - Field 18,2,300,Strikers FC ECNL,Rebels Soccer Club
U16,Southwest,209793,2021-03-14 13:00,17811,10076,So Cal Blues ECNL GU16,LAFC Slammers ECNL GU16,0,5,OC Great Park - Field 7,98,1656,So Cal Blues,Slammers FC HB Koge
U16,Southwest,209794,2021-03-14 15:00,16163,17223,Del Mar Sharks ECNL GU16,SLAMMERS FC ECNL GU16,0,2,Surf Sports Park - Field 9,39,96,Legends FC - Del Mar,Slammers FC
U16,Southwest,209829,2021-03-20 09:00,5941,45890,Eagles SC ECNL GU16,Real So Cal ECNL GU16,0,2,Pleasant Valley Fields - Field 16ss,7,82,No Club Selection,LAFC So Cal
U16,Southwest,209855,2021-03-20 13:00,17811,20460,So Cal Blues ECNL GU16,Strikers FC ECNL GU16,2,4,OC Great Park - Field 7,98,2,So Cal Blues,Strikers FC ECNL
U16,Southwest,209783,2021-03-20 13:45,10076,17223,LAFC Slammers ECNL GU16,SLAMMERS FC ECNL GU16,4,0,Orange County Great Park - Field 18,1656,96,Slammers FC HB Koge,Slammers FC
U16,Southwest,209819,2021-03-21,34922,20460,LA Breakers FC ECNL GU16,Strikers FC ECNL GU16,1,4,,2289,2,LA Breakers FC,Strikers FC ECNL
U16,Southwest,209795,2021-03-21 11:00,17811,16163,So Cal Blues ECNL GU16,Del Mar Sharks ECNL GU16,3,0,OC Great Park - Field 7,98,39,So Cal Blues,Legends FC - Del Mar
U16,Southwest,209790,2021-03-21 12:45,45878,2399,San Diego Surf ECNL GU16,Rebels SC ECNL GU16,2,1,So Cal Sports Complex - Field 15,87,300,San Diego Surf Soccer Club,Rebels Soccer Club
U16,Southwest,209864,2021-03-27 09:00,45878,17811,San Diego Surf ECNL GU16,So Cal Blues ECNL GU16,0,1,So Cal Sports Complex - Field 22,87,98,San Diego Surf Soccer Club,So Cal Blues
U16,Southwest,209779,2021-03-27 10:15,17223,34922,SLAMMERS FC ECNL GU16,LA Breakers FC ECNL GU16,1,1,Orange County Great Park - Field 15,96,2289,Slammers FC,LA Breakers FC
U16,Southwest,209800,2021-03-27 12:00,19165,11814,AZ Arsenal ECNL GU16,Heat FC ECNL GU16,1,4,Santos Soccer Complex - Field 3,592,57,Arizona Arsenal Soccer Club,LV Heat Surf SC
U16,Southwest,209863,2021-03-27 15:00,2399,16163,Rebels SC ECNL GU16,Del Mar Sharks ECNL GU16,1,2,Surf Sports Park - Field 2,300,39,Rebels Soccer Club,Legends FC - Del Mar
U16,Southwest,209802,2021-03-28 10:00,20446,11814,Phoenix Rising ECNL GU16,Heat FC ECNL GU16,0,4,Talking Stick Resort Soccer Facility - North,1141,57,Phoenix Rising FC,LV Heat Surf SC
U16,Southwest,209771,2021-03-28 11:00,20460,34922,Strikers FC ECNL GU16,LA Breakers FC ECNL GU16,0,3,Orange County Great Park - Field 5,2,2289,Strikers FC ECNL,LA Breakers FC
U16,Southwest,209846,2021-03-28 13:15,45890,5941,Real So Cal ECNL GU16,Eagles SC ECNL GU16,1,0,Pleasant Valley Fields - Field 1,82,7,LAFC So Cal,No Club Selection
U16,Southwest,209843,2021-03-28 23:00,15648,17223,Arsenal FC ECNL GU16,SLAMMERS FC ECNL GU16,1,1,Galway Downs - Field 18,13,96,Sporting California USA,Slammers FC
U16,Southwest,209715,2021-04-03 09:00,34922,15648,LA Breakers FC ECNL GU16,Arsenal FC ECNL GU16,2,1,Silverlakes Soccer Complex - Field 2,2289,13,LA Breakers FC,Sporting California USA
U16,Southwest,209859,2021-04-03 09:00,2399,17811,Rebels SC ECNL GU16,So Cal Blues ECNL GU16,1,3,Ryan Park - Field 8,300,98,Rebels Soccer Club,So Cal Blues
U16,Southwest,209827,2021-04-09 17:00,19165,20446,AZ Arsenal ECNL GU16,Phoenix Rising ECNL GU16,1,0,Santos Soccer Complex - Field 2,592,1141,Arizona Arsenal Soccer Club,Phoenix Rising FC
U16,Southwest,209886,2021-04-09 17:00,11814,5941,Heat FC ECNL GU16,Eagles SC ECNL GU16,5,1,Bettye Wilson Soccer Complex - Field 3,57,7,LV Heat Surf SC,No Club Selection
U16,Southwest,209858,2021-04-10 09:00,45878,16163,San Diego Surf ECNL GU16,Del Mar Sharks ECNL GU16,3,0,So Cal Sports Complex - Field 12,87,39,San Diego Surf Soccer Club,Legends FC - Del Mar
U16,Southwest,209796,2021-04-10 13:30,20460,5941,Strikers FC ECNL GU16,Eagles SC ECNL GU16,2,2,Bettye Wilson Soccer Complex - Field 7,2,7,Strikers FC ECNL,No Club Selection
U16,Southwest,209826,2021-04-11 12:00,11814,20460,Heat FC ECNL GU16,Strikers FC ECNL GU16,2,1,Bettye Wilson Soccer Complex - Field 3,57,2,LV Heat Surf SC,Strikers FC ECNL
U16,Southwest,209780,2021-04-11 12:30,15648,10076,Arsenal FC ECNL GU16,LAFC Slammers ECNL GU16,1,3,Galway Downs - Field 11,13,1656,Sporting California USA,Slammers FC HB Koge
U16,Southwest,209830,2021-04-17 09:00,16163,34922,Del Mar Sharks ECNL GU16,LA Breakers FC ECNL GU16,0,0,Surf Sports Park - Field 4,39,2289,Legends FC - Del Mar,LA Breakers FC
U16,Southwest,209865,2021-04-17 09:30,45890,10076,Real So Cal ECNL GU16,LAFC Slammers ECNL GU16,1,2,Conejo Creek South - Field 10,82,1656,LAFC So Cal,Slammers FC HB Koge
U16,Southwest,209803,2021-04-17 10:30,11814,20446,Heat FC ECNL GU16,Phoenix Rising ECNL GU16,2,2,Heritage Park Sports Complex - Field 5,57,1141,LV Heat Surf SC,Phoenix Rising FC
U16,Southwest,209866,2021-04-17 13:15,5941,17223,Eagles SC ECNL GU16,SLAMMERS FC ECNL GU16,3,0,Pleasant Valley Fields - Field 11,7,96,No Club Selection,Slammers FC
U16,Southwest,209804,2021-04-18 08:30,11814,19165,Heat FC ECNL GU16,AZ Arsenal ECNL GU16,6,1,Heritage Park Sports Complex - Field 5,57,592,LV Heat Surf SC,Arizona Arsenal Soccer Club
U16,Southwest,209882,2021-04-18 09:00,45878,34922,San Diego Surf ECNL GU16,LA Breakers FC ECNL GU16,5,0,So Cal Sports Complex - Field 12,87,2289,San Diego Surf Soccer Club,LA Breakers FC
U16,Southwest,209764,2021-04-18 10:30,45890,17223,Real So Cal ECNL GU16,SLAMMERS FC ECNL GU16,1,1,Agoura High School - Field 1,82,96,LAFC So Cal,Slammers FC
U16,Southwest,209860,2021-04-18 13:15,5941,10076,Eagles SC ECNL GU16,LAFC Slammers ECNL GU16,0,3,Pleasant Valley Fields - Field 11,7,1656,No Club Selection,Slammers FC HB Koge
U16,Southwest,209799,2021-05-01 08:00,20446,5941,Phoenix Rising ECNL GU16,Eagles SC ECNL GU16,2,0,Talking Stick Resort Soccer Facility - North,1141,7,Phoenix Rising FC,No Club Selection
U16,Southwest,209841,2021-05-01 10:30,11814,2399,Heat FC ECNL GU16,Rebels SC ECNL GU16,4,2,Heritage Park Sports Complex - Field 7,57,300,LV Heat Surf SC,Rebels Soccer Club
U16,Southwest,209871,2021-05-01 10:45,10076,20460,LAFC Slammers ECNL GU16,Strikers FC ECNL GU16,4,0,Surf Sports Park - Field 11,1656,2,Slammers FC HB Koge,Strikers FC ECNL
U16,Southwest,209713,2021-05-01 13:15,45890,16163,Real So Cal ECNL GU16,Del Mar Sharks ECNL GU16,0,0,Conejo Creek South - Field 10,82,39,LAFC So Cal,Legends FC - Del Mar
U16,Southwest,209889,2021-05-01 15:00,34922,17811,LA Breakers FC ECNL GU16,So Cal Blues ECNL GU16,0,2,St. Bernards High School - Field 1,2289,98,LA Breakers FC,So Cal Blues
U16,Southwest,209801,2021-05-02 10:00,19165,5941,AZ Arsenal ECNL GU16,Eagles SC ECNL GU16,2,2,Desert Sky Park - Field 1,592,7,Arizona Arsenal Soccer Club,No Club Selection
U16,Southwest,209877,2021-05-02 14:30,17223,20460,SLAMMERS FC ECNL GU16,Strikers FC ECNL GU16,2,1,Surf Sports Park - Field 11,96,2,Slammers FC,Strikers FC ECNL
U16,Southwest,209768,2021-05-08 09:00,20460,15648,Strikers FC ECNL GU16,Arsenal FC ECNL GU16,3,4,Orange County Great Park - Field 17,2,13,Strikers FC ECNL,Sporting California USA
U16,Southwest,209778,2021-05-08 10:00,45890,45878,Real So Cal ECNL GU16,San Diego Surf ECNL GU16,1,1,Conejo Creek South - Field 10,82,87,LAFC So Cal,San Diego Surf Soccer Club
U16,Southwest,209850,2021-05-08 10:45,17811,11814,So Cal Blues ECNL GU16,Heat FC ECNL GU16,2,4,OC Great Park - Field 7,98,57,So Cal Blues,LV Heat Surf SC
U16,Southwest,209876,2021-05-09 11:00,17811,5941,So Cal Blues ECNL GU16,Eagles SC ECNL GU16,2,1,OC Great Park - Field 7,98,7,So Cal Blues,No Club Selection
U16,Southwest,209856,2021-05-09 13:00,16163,11814,Del Mar Sharks ECNL GU16,Heat FC ECNL GU16,0,1,SoCal Sports Complex - Field 18,39,57,Legends FC - Del Mar,LV Heat Surf SC
U16,Southwest,209862,2021-05-15 09:00,20460,19165,Strikers FC ECNL GU16,AZ Arsenal ECNL GU16,4,0,Orange County Great Park - Field 24,2,592,Strikers FC ECNL,Arizona Arsenal Soccer Club
U16,Southwest,209809,2021-05-15 14:00,16163,20446,Del Mar Sharks ECNL GU16,Phoenix Rising ECNL GU16,2,0,Francis Ryan Park - Field 5,39,1141,Legends FC - Del Mar,Phoenix Rising FC
U16,Southwest,209821,2021-05-15 19:00,15648,5941,Arsenal FC ECNL GU16,Eagles SC ECNL GU16,2,0,Ralph M. Lewis Sports Complex - Field 2,13,7,Sporting California USA,No Club Selection
U16,Southwest,209857,2021-05-16 09:30,20460,20446,Strikers FC ECNL GU16,Phoenix Rising ECNL GU16,3,0,Orange County Great Park - Field 20,2,1141,Strikers FC ECNL,Phoenix Rising FC
U16,Southwest,209815,2021-05-16 12:15,16163,19165,Del Mar Sharks ECNL GU16,AZ Arsenal ECNL GU16,0,0,Torrey Pines High School - Field 1,39,592,Legends FC - Del Mar,Arizona Arsenal Soccer Club
U16,Southwest,209774,2021-05-16 15:00,5941,45878,Eagles SC ECNL GU16,San Diego Surf ECNL GU16,0,2,Pleasant Valley Fields - Field 16ss,7,87,No Club Selection,San Diego Surf Soccer Club
U16,Southwest,209761,2021-05-22 10:30,11814,15648,Heat FC ECNL GU16,Arsenal FC ECNL GU16,2,3,Heritage Park Sports Complex - Field 5,57,13,LV Heat Surf SC,Sporting California USA
U16,Southwest,209842,2021-05-22 13:15,34922,10076,LA Breakers FC ECNL GU16,LAFC Slammers ECNL GU16,1,3,St. Bernards High School - Field 1,2289,1656,LA Breakers FC,Slammers FC HB Koge
U16,Southwest,209773,2021-05-22 13:45,45890,2399,Real So Cal ECNL GU16,Rebels SC ECNL GU16,0,1,Conejo Creek South - Field 10,82,300,LAFC So Cal,Rebels Soccer Club
U16,Southwest,209835,2021-05-23 10:30,11814,45878,Heat FC ECNL GU16,San Diego Surf ECNL GU16,0,0,Heritage Park Sports Complex - Field 5,57,87,LV Heat Surf SC,San Diego Surf Soccer Club
U16,Southwest,209791,2021-05-23 12:45,20460,45890,Strikers FC ECNL GU16,Real So Cal ECNL GU16,0,1,El Dorado High School - EDHS Turf Field,2,82,Strikers FC ECNL,LAFC So Cal
U16,Southwest,209777,2021-05-23 13:00,5941,2399,Eagles SC ECNL GU16,Rebels SC ECNL GU16,2,2,Pleasant Valley Fields - Field 11,7,300,No Club Selection,Rebels Soccer Club
U16,Southwest,209751,2021-06-12 11:00,45890,15648,Real So Cal ECNL GU16,Arsenal FC ECNL GU16,2,2,Ralph M Lewis Sport Complex - Field 6,82,13,LAFC So Cal,Sporting California USA
U16,Southwest,209870,2021-06-12 12:00,16163,5941,Del Mar Sharks ECNL GU16,Eagles SC ECNL GU16,1,2,San Dieguito Academy - Field 1,39,7,Legends FC - Del Mar,No Club Selection
U16,Southwest,209814,2021-06-12 13:30,34922,11814,LA Breakers FC ECNL GU16,Heat FC ECNL GU16,0,2,St. Bernards High School - Field 1,2289,57,LA Breakers FC,LV Heat Surf SC
U16,Southwest,209789,2021-06-13 13:00,45890,11814,Real So Cal ECNL GU16,Heat FC ECNL GU16,2,2,Silverlakes Sports Complex - Field 19,82,57,LAFC So Cal,LV Heat Surf SC
U16,Southwest,209726,2021-06-13 13:30,34922,2399,LA Breakers FC ECNL GU16,Rebels SC ECNL GU16,1,0,St. Bernards High School - Field 1,2289,300,LA Breakers FC,Rebels Soccer Club
U16,Texas,171520,2020-08-29 14:00,19415,11872,Oklahoma Celtic ECNL GU16,DKSC ECNL GU16,1,6,Oklahoma Celtic - Field 11,2134,7,Oklahoma Celtic,No Club Selection
U16,Texas,171526,2020-09-05 09:00,11890,46722,Sting Dallas Black ECNL GU16,Sting Dallas Royal ECNL GU16,3,0,Sting Complex - Field 1,36,36,Sting Soccer Club,Sting Soccer Club
U16,Texas,171522,2020-09-05 12:00,12270,12269,Challenge SC ECNL GU16,Classics Elite  ECNL GU16,1,1,Burroughs Park - Field 2,25,1375,Challenge SC,Classics Elite Soccer Academy
U16,Texas,171527,2020-09-05 13:00,11872,46785,DKSC ECNL GU16,FC Dallas ECNL GU16,3,3,Cox Soccer Complex - Field 2,7,47,No Club Selection,FC Dallas Youth
U16,Texas,171524,2020-09-05 15:00,19415,11592,Oklahoma Celtic ECNL GU16,Dallas Texans ECNL GU16,1,2,Oklahoma Celtic - Field 11,2134,37,Oklahoma Celtic,Dallas Texans
U16,Texas,171525,2020-09-05 15:00,11818,11427,Tulsa SC ECNL GU16,Solar ECNL GU16,1,3,ISSC - Field 37,106,101,Tulsa Soccer Club,Solar SC
U16,Texas,171529,2020-09-13 09:00,12271,12269,AHFC ECNL GU16,Classics Elite  ECNL GU16,1,3,Campbell Road Sports Park - Field 1,10,1375,Albion Hurricanes FC,Classics Elite Soccer Academy
U16,Texas,171528,2020-09-13 11:00,12270,11067,Challenge SC ECNL GU16,Sting Austin ECNL GU16,1,0,Burroughs Park - Field 1,25,1690,Challenge SC,Sting Austin
U16,Texas,171532,2020-09-13 11:00,46785,11890,FC Dallas ECNL GU16,Sting Dallas Black ECNL GU16,1,0,Toyota Soccer Center - Field 5,47,36,FC Dallas Youth,Sting Soccer Club
U16,Texas,171530,2020-09-13 15:00,11592,11818,Dallas Texans ECNL GU16,Tulsa SC ECNL GU16,4,2,Ross Stewart Soccer Complex - Field 1,37,106,Dallas Texans,Tulsa Soccer Club
U16,Texas,171531,2020-09-13 15:00,11427,19415,Solar ECNL GU16,Oklahoma Celtic ECNL GU16,4,3,Fairview Soccer Park - Field 2,101,2134,Solar SC,Oklahoma Celtic
U16,Texas,171535,2020-09-19 09:00,11067,19415,Sting Austin ECNL GU16,Oklahoma Celtic ECNL GU16,3,1,1849 Park - Field 3B,1690,2134,Sting Austin,Oklahoma Celtic
U16,Texas,171539,2020-09-19 09:00,11427,11592,Solar ECNL GU16,Dallas Texans ECNL GU16,5,0,Gateway Park - Field 4,101,37,Solar SC,Dallas Texans
U16,Texas,171534,2020-09-19 11:00,12270,12271,Challenge SC ECNL GU16,AHFC ECNL GU16,0,3,Burroughs Park - Field 2,25,10,Challenge SC,Albion Hurricanes FC
U16,Texas,171537,2020-09-19 11:00,11872,11890,DKSC ECNL GU16,Sting Dallas Black ECNL GU16,2,0,Cox Soccer Complex - Field 1,7,36,No Club Selection,Sting Soccer Club
U16,Texas,171538,2020-09-19 11:00,46722,46785,Sting Dallas Royal ECNL GU16,FC Dallas ECNL GU16,0,1,Carpenter Pak - Field C,36,47,Sting Soccer Club,FC Dallas Youth
U16,Texas,171536,2020-09-19 13:00,12269,11818,Classics Elite  ECNL GU16,Tulsa SC ECNL GU16,0,1,CE Soccer Complex - Field 5 d don't use,1375,106,Classics Elite Soccer Academy,Tulsa Soccer Club
U16,Texas,171540,2020-09-20 13:00,12269,19415,Classics Elite  ECNL GU16,Oklahoma Celtic ECNL GU16,6,1,CE Soccer Complex - Field 5 d don't use,1375,2134,Classics Elite Soccer Academy,Oklahoma Celtic
U16,Texas,171541,2020-09-20 13:00,11067,11818,Sting Austin ECNL GU16,Tulsa SC ECNL GU16,2,0,1849 Park - Field 3A,1690,106,Sting Austin,Tulsa Soccer Club
U16,Texas,171542,2020-09-26 11:00,12271,11067,AHFC ECNL GU16,Sting Austin ECNL GU16,0,1,Campbell Road Sports Park - Field 1,10,1690,Albion Hurricanes FC,Sting Austin
U16,Texas,171546,2020-09-26 11:00,46785,11872,FC Dallas ECNL GU16,DKSC ECNL GU16,2,2,Toyota Soccer Center - Field 5,47,7,FC Dallas Youth,No Club Selection
U16,Texas,171545,2020-09-26 13:00,46722,11890,Sting Dallas Royal ECNL GU16,Sting Dallas Black ECNL GU16,2,0,Sting Complex - Field 1,36,36,Sting Soccer Club,Sting Soccer Club
U16,Texas,171543,2020-09-26 15:00,11592,19415,Dallas Texans ECNL GU16,Oklahoma Celtic ECNL GU16,1,2,Ross Stewart Soccer Complex - Field 2,37,2134,Dallas Texans,Oklahoma Celtic
U16,Texas,171547,2020-09-27 15:00,12269,12270,Classics Elite  ECNL GU16,Challenge SC ECNL GU16,4,1,CE Soccer Complex - Field 5,1375,25,Classics Elite Soccer Academy,Challenge SC
U16,Texas,171548,2020-10-04 09:00,12269,12271,Classics Elite  ECNL GU16,AHFC ECNL GU16,2,1,CE Soccer Complex - Field 6 d don't use,1375,10,Classics Elite Soccer Academy,Albion Hurricanes FC
U16,Texas,171549,2020-10-04 11:00,11067,12270,Sting Austin ECNL GU16,Challenge SC ECNL GU16,3,1,1849 Park - Field 3A,1690,25,Sting Austin,Challenge SC
U16,Texas,171552,2020-10-04 11:00,11890,46785,Sting Dallas Black ECNL GU16,FC Dallas ECNL GU16,0,1,Sting Complex - Field 1,36,47,Sting Soccer Club,FC Dallas Youth
U16,Texas,171551,2020-10-04 14:00,11818,11592,Tulsa SC ECNL GU16,Dallas Texans ECNL GU16,0,1,Titan Main - Field 1,106,37,Tulsa Soccer Club,Dallas Texans
U16,Texas,171553,2020-10-04 17:00,11872,46722,DKSC ECNL GU16,Sting Dallas Royal ECNL GU16,5,0,MoneyGram Soccer Park - Field 1,7,36,No Club Selection,Sting Soccer Club
U16,Texas,171556,2020-10-10 09:00,46785,11818,FC Dallas ECNL GU16,Tulsa SC ECNL GU16,4,0,Toyota Soccer Center - Field 6,47,106,FC Dallas Youth,Tulsa Soccer Club
U16,Texas,171557,2020-10-10 09:00,46722,19415,Sting Dallas Royal ECNL GU16,Oklahoma Celtic ECNL GU16,2,2,Field 1,36,2134,Sting Soccer Club,Oklahoma Celtic
U16,Texas,171558,2020-10-10 10:00,11427,11067,Solar ECNL GU16,Sting Austin ECNL GU16,0,3,Gateway Park - Field 5,101,1690,Solar SC,Sting Austin
U16,Texas,171554,2020-10-10 11:00,11890,12270,Sting Dallas Black ECNL GU16,Challenge SC ECNL GU16,0,1,Carpenter Park - Field C,36,25,Sting Soccer Club,Challenge SC
U16,Texas,171555,2020-10-10 11:00,11872,12271,DKSC ECNL GU16,AHFC ECNL GU16,4,0,Cox Soccer Complex - Field 1,7,10,No Club Selection,Albion Hurricanes FC
U16,Texas,171559,2020-10-10 13:00,11592,12269,Dallas Texans ECNL GU16,Classics Elite  ECNL GU16,1,2,Dallas Texans Lewisville - Field 1,37,1375,Dallas Texans,Classics Elite Soccer Academy
U16,Texas,171560,2020-10-11 09:00,11890,12271,Sting Dallas Black ECNL GU16,AHFC ECNL GU16,2,0,Carpenter Park - Field C,36,10,Sting Soccer Club,Albion Hurricanes FC
U16,Texas,171561,2020-10-11 09:00,11872,12270,DKSC ECNL GU16,Challenge SC ECNL GU16,4,1,Cox Soccer Complex - Field 2,7,25,No Club Selection,Challenge SC
U16,Texas,171563,2020-10-11 09:00,46722,11818,Sting Dallas Royal ECNL GU16,Tulsa SC ECNL GU16,0,1,Sting Complex - Field 1,36,106,Sting Soccer Club,Tulsa Soccer Club
U16,Texas,171562,2020-10-11 11:00,46785,19415,FC Dallas ECNL GU16,Oklahoma Celtic ECNL GU16,6,0,Toyota Soccer Center - Field 5,47,2134,FC Dallas Youth,Oklahoma Celtic
U16,Texas,171565,2020-10-11 13:00,11592,11067,Dallas Texans ECNL GU16,Sting Austin ECNL GU16,0,2,Dallas Texans Lewisville - Field 1,37,1690,Dallas Texans,Sting Austin
U16,Texas,171564,2020-10-11 14:00,11427,12269,Solar ECNL GU16,Classics Elite  ECNL GU16,0,0,Fairview Soccer Park - Field 1,101,1375,Solar SC,Classics Elite Soccer Academy
U16,Texas,171567,2020-10-17 11:00,12270,19415,Challenge SC ECNL GU16,Oklahoma Celtic ECNL GU16,0,2,Burroughs Park - Field 2,25,2134,Challenge SC,Oklahoma Celtic
U16,Texas,171568,2020-10-17 11:00,46785,11427,FC Dallas ECNL GU16,Solar ECNL GU16,2,1,Toyota Soccer Center - Field 6,47,101,FC Dallas Youth,Solar SC
U16,Texas,171569,2020-10-17 11:00,46722,11592,Sting Dallas Royal ECNL GU16,Dallas Texans ECNL GU16,0,1,Sting Complex - Field 2,36,37,Sting Soccer Club,Dallas Texans
U16,Texas,171570,2020-10-18 08:30,12271,19415,AHFC ECNL GU16,Oklahoma Celtic ECNL GU16,4,1,Campbell Road Sports Park - Field 1,10,2134,Albion Hurricanes FC,Oklahoma Celtic
U16,Texas,171572,2020-10-18 11:00,46785,11592,FC Dallas ECNL GU16,Dallas Texans ECNL GU16,2,2,Toyota Soccer Center - Field 5,47,37,FC Dallas Youth,Dallas Texans
U16,Texas,171573,2020-10-18 11:00,46722,11427,Sting Dallas Royal ECNL GU16,Solar ECNL GU16,0,4,Sting Complex - Field 2,36,101,Sting Soccer Club,Solar SC
U16,Texas,171574,2020-10-24 09:00,12269,11890,Classics Elite  ECNL GU16,Sting Dallas Black ECNL GU16,3,1,CE Soccer Complex - Field 6,1375,36,Classics Elite Soccer Academy,Sting Soccer Club
U16,Texas,171575,2020-10-24 15:00,11067,11872,Sting Austin ECNL GU16,DKSC ECNL GU16,1,0,1849 Park - Field 3A,1690,7,Sting Austin,No Club Selection
U16,Texas,171576,2020-10-25 09:00,12269,11872,Classics Elite  ECNL GU16,DKSC ECNL GU16,1,1,CE Soccer Complex - Field 6 d don't use,1375,7,Classics Elite Soccer Academy,No Club Selection
U16,Texas,171577,2020-10-25 11:00,11067,11890,Sting Austin ECNL GU16,Sting Dallas Black ECNL GU16,1,1,1849 Park - Field 3B,1690,36,Sting Austin,Sting Soccer Club
U16,Texas,171583,2020-10-31 09:00,11427,11872,Solar ECNL GU16,DKSC ECNL GU16,1,1,Gateway Park - Field 4,101,7,Solar SC,No Club Selection
U16,Texas,171578,2020-10-31 11:00,46785,12271,FC Dallas ECNL GU16,AHFC ECNL GU16,1,1,Toyota Soccer Center - Field 6,47,10,FC Dallas Youth,Albion Hurricanes FC
U16,Texas,171582,2020-10-31 12:00,11592,11890,Dallas Texans ECNL GU16,Sting Dallas Black ECNL GU16,0,0,Arlington Heights High School - Field 1,37,36,Dallas Texans,Sting Soccer Club
U16,Texas,171579,2020-10-31 13:00,46722,12270,Sting Dallas Royal ECNL GU16,Challenge SC ECNL GU16,1,3,Carpenter Pak - Field C,36,25,Sting Soccer Club,Challenge SC
U16,Texas,171584,2020-11-01 09:45,46785,12270,FC Dallas ECNL GU16,Challenge SC ECNL GU16,2,0,Toyota Soccer Center - Field 6,47,25,FC Dallas Youth,Challenge SC
U16,Texas,171588,2020-11-01 12:00,11592,11872,Dallas Texans ECNL GU16,DKSC ECNL GU16,1,1,Arlington Heights High School - Field 1,37,7,Dallas Texans,No Club Selection
U16,Texas,171589,2020-11-01 13:00,11427,11890,Solar ECNL GU16,Sting Dallas Black ECNL GU16,1,0,John Paul II High School - Field 1,101,36,Solar SC,Sting Soccer Club
U16,Texas,171585,2020-11-01 15:00,46722,12271,Sting Dallas Royal ECNL GU16,AHFC ECNL GU16,0,2,Carpenter Pak - Field C,36,10,Sting Soccer Club,Albion Hurricanes FC
U16,Texas,171590,2020-11-07 11:00,11872,11818,DKSC ECNL GU16,Tulsa SC ECNL GU16,1,0,Cox Soccer Complex - Field 1,7,106,No Club Selection,Tulsa Soccer Club
U16,Texas,171591,2020-11-07 11:00,11890,19415,Sting Dallas Black ECNL GU16,Oklahoma Celtic ECNL GU16,3,1,Toyota of Lewisville Railroad Park - Field 3,36,2134,Sting Soccer Club,Oklahoma Celtic
U16,Texas,171595,2020-11-08 09:00,12269,11067,Classics Elite  ECNL GU16,Sting Austin ECNL GU16,4,2,CE Soccer Complex - Field 5,1375,1690,Classics Elite Soccer Academy,Sting Austin
U16,Texas,171597,2020-11-08 10:00,11592,11427,Dallas Texans ECNL GU16,Solar ECNL GU16,0,6,Ross Stewart Soccer Complex - Field 2,37,101,Dallas Texans,Solar SC
U16,Texas,171596,2020-11-08 11:00,46785,46722,FC Dallas ECNL GU16,Sting Dallas Royal ECNL GU16,4,0,Toyota Soccer Center - Field 6,47,36,FC Dallas Youth,Sting Soccer Club
U16,Texas,171592,2020-11-08 13:00,11872,19415,DKSC ECNL GU16,Oklahoma Celtic ECNL GU16,3,1,Cox Soccer Complex - Field 2,7,2134,No Club Selection,Oklahoma Celtic
U16,Texas,171593,2020-11-08 13:00,11890,11818,Sting Dallas Black ECNL GU16,Tulsa SC ECNL GU16,0,2,Toyota of Lewisville Railroad Park - Field 3,36,106,Sting Soccer Club,Tulsa Soccer Club
U16,Texas,171600,2020-11-21 09:40,11818,19415,Tulsa SC ECNL GU16,Oklahoma Celtic ECNL GU16,4,0,Mohawk - Field 7,106,2134,Tulsa Soccer Club,Oklahoma Celtic
U16,Texas,171598,2020-11-21 13:00,11592,12270,Dallas Texans ECNL GU16,Challenge SC ECNL GU16,1,3,Ross Stewart Soccer Complex - Field 4,37,25,Dallas Texans,Challenge SC
U16,Texas,171599,2020-11-21 13:00,11427,12271,Solar ECNL GU16,AHFC ECNL GU16,4,0,Fairview Soccer Park - Field 1,101,10,Solar SC,Albion Hurricanes FC
U16,Texas,171601,2020-11-22 11:00,11592,12271,Dallas Texans ECNL GU16,AHFC ECNL GU16,1,0,Ross Stewart Soccer Complex - Field 3,37,10,Dallas Texans,Albion Hurricanes FC
U16,Texas,171602,2020-11-22 13:00,11427,12270,Solar ECNL GU16,Challenge SC ECNL GU16,3,0,Fairview Soccer Park - Field 2,101,25,Solar SC,Challenge SC
U16,Texas,171544,2020-12-05 13:00,11427,11818,Solar ECNL GU16,Tulsa SC ECNL GU16,1,0,Fairview Soccer Park - Field 3,101,106,Solar SC,Tulsa Soccer Club
U16,Texas,171606,2020-12-12 11:00,19415,46785,Oklahoma Celtic ECNL GU16,FC Dallas ECNL GU16,2,5,Oklahoma Celtic - Field 8,2134,47,Oklahoma Celtic,FC Dallas Youth
U16,Texas,171607,2020-12-12 11:00,11818,46722,Tulsa SC ECNL GU16,Sting Dallas Royal ECNL GU16,3,1,ISSC - Field 37,106,36,Tulsa Soccer Club,Sting Soccer Club
U16,Texas,171566,2021-01-23 08:00,12271,11818,AHFC ECNL GU16,Tulsa SC ECNL GU16,2,0,Campbell Road Sports Park - Field 1,10,106,Albion Hurricanes FC,Tulsa Soccer Club
U16,Texas,171571,2021-01-24 09:45,12270,11818,Challenge SC ECNL GU16,Tulsa SC ECNL GU16,0,1,Campbell Rd Sports Park,25,106,Challenge SC,Tulsa Soccer Club
U16,Texas,171550,2021-01-31 11:00,19415,11427,Oklahoma Celtic ECNL GU16,Solar ECNL GU16,0,6,Oklahoma Celtic - Field 11,2134,101,Oklahoma Celtic,Solar SC
U16,Texas,171618,2021-04-17 09:00,12269,46722,Classics Elite  ECNL GU16,Sting Dallas Royal ECNL GU16,4,1,CE Soccer Complex - Field 6,1375,36,Classics Elite Soccer Academy,Sting Soccer Club
U16,Texas,171617,2021-04-17 11:00,11067,46785,Sting Austin ECNL GU16,FC Dallas ECNL GU16,0,0,Charles A. Forbes Middle School - Stadium Field,1690,47,Sting Austin,FC Dallas Youth
U16,Texas,171622,2021-04-18 09:00,12269,46785,Classics Elite  ECNL GU16,FC Dallas ECNL GU16,2,1,CE Soccer Complex - Field 4,1375,47,Classics Elite Soccer Academy,FC Dallas Youth
U16,Texas,171521,2021-04-18 09:45,11818,11890,Tulsa SC ECNL GU16,Sting Dallas Black ECNL GU16,2,4,Mohawk - Field 15,106,36,Tulsa Soccer Club,Sting Soccer Club
U16,Texas,171621,2021-04-18 15:00,11067,46722,Sting Austin ECNL GU16,Sting Dallas Royal ECNL GU16,1,0,East View High School - Stadium Field,1690,36,Sting Austin,Sting Soccer Club
U16,Texas,171603,2021-04-21 19:30,11890,11872,Sting Dallas Black ECNL GU16,DKSC ECNL GU16,1,1,Sting Complex - Field 1,36,7,Sting Soccer Club,No Club Selection
U16,Texas,171624,2021-04-24 09:00,19415,12271,Oklahoma Celtic ECNL GU16,AHFC ECNL GU16,,,Oklahoma Celtic - Field 11,2134,10,Oklahoma Celtic,Albion Hurricanes FC
U16,Texas,171623,2021-04-24 11:00,11818,12270,Tulsa SC ECNL GU16,Challenge SC ECNL GU16,1,0,Titan Main - Field 2,106,25,Tulsa Soccer Club,Challenge SC
U16,Texas,171625,2021-04-24 11:00,11890,11067,Sting Dallas Black ECNL GU16,Sting Austin ECNL GU16,0,1,Carpenter Park - Field A,36,1690,Sting Soccer Club,Sting Austin
U16,Texas,171626,2021-04-24 11:00,11872,12269,DKSC ECNL GU16,Classics Elite  ECNL GU16,2,1,Cox Soccer Complex - Field 1,7,1375,No Club Selection,Classics Elite Soccer Academy
U16,Texas,171627,2021-04-24 14:00,11427,46722,Solar ECNL GU16,Sting Dallas Royal ECNL GU16,6,0,Gateway Park - Field 5,101,36,Solar SC,Sting Soccer Club
U16,Texas,171632,2021-04-25 09:00,11872,11067,DKSC ECNL GU16,Sting Austin ECNL GU16,1,0,Cox Soccer Complex - Field 2,7,1690,No Club Selection,Sting Austin
U16,Texas,171634,2021-04-25 09:00,11592,46722,Dallas Texans ECNL GU16,Sting Dallas Royal ECNL GU16,,,Rolling Hills Soccer Complex - Field 20,37,36,Dallas Texans,Sting Soccer Club
U16,Texas,171629,2021-04-25 10:00,11818,12271,Tulsa SC ECNL GU16,AHFC ECNL GU16,1,1,Titan Main - Field 2,106,10,Tulsa Soccer Club,Albion Hurricanes FC
U16,Texas,171630,2021-04-25 10:15,19415,12270,Oklahoma Celtic ECNL GU16,Challenge SC ECNL GU16,0,3,Oklahoma Celtic - Field 11,2134,25,Oklahoma Celtic,Challenge SC
U16,Texas,171631,2021-04-25 11:00,11890,12269,Sting Dallas Black ECNL GU16,Classics Elite  ECNL GU16,2,0,Sting Complex - Field 1,36,1375,Sting Soccer Club,Classics Elite Soccer Academy
U16,Texas,171637,2021-05-01 09:00,11890,11427,Sting Dallas Black ECNL GU16,Solar ECNL GU16,0,3,Lebanon Trail High School - Stadium FIeld,36,101,Sting Soccer Club,Solar SC
U16,Texas,171638,2021-05-01 09:00,11872,11592,DKSC ECNL GU16,Dallas Texans ECNL GU16,6,0,Cox Soccer Complex - Field 1,7,37,No Club Selection,Dallas Texans
U16,Texas,171616,2021-05-01 11:30,19415,11818,Oklahoma Celtic ECNL GU16,Tulsa SC ECNL GU16,0,3,Oklahoma Celtic - Field 11,2134,106,Oklahoma Celtic,Tulsa Soccer Club
U16,Texas,171636,2021-05-01 15:00,12270,46785,Challenge SC ECNL GU16,FC Dallas ECNL GU16,0,2,Burroughs Park - Field 2,25,47,Challenge SC,FC Dallas Youth
U16,Texas,171641,2021-05-02 11:00,11890,11592,Sting Dallas Black ECNL GU16,Dallas Texans ECNL GU16,2,2,Curtis Middle School - Field 1,36,37,Sting Soccer Club,Dallas Texans
U16,Texas,171643,2021-05-02 11:00,11067,12269,Sting Austin ECNL GU16,Classics Elite  ECNL GU16,,,1849 Park - Field 3A,1690,1375,Sting Austin,Classics Elite Soccer Academy
U16,Texas,171642,2021-05-02 13:00,11872,11427,DKSC ECNL GU16,Solar ECNL GU16,1,0,Cox Soccer Complex - Field 1,7,101,No Club Selection,Solar SC
U16,Texas,171640,2021-05-02 13:15,12270,46722,Challenge SC ECNL GU16,Sting Dallas Royal ECNL GU16,1,3,Burroughs Park - Field 2,25,36,Challenge SC,Sting Soccer Club
U16,Texas,171594,2021-05-05 19:45,12271,12270,AHFC ECNL GU16,Challenge SC ECNL GU16,1,1,Campbell Road Sports Park - Field 1,10,25,Albion Hurricanes FC,Challenge SC
U16,Texas,171533,2021-05-06 19:30,46722,11872,Sting Dallas Royal ECNL GU16,DKSC ECNL GU16,,,Sting Complex - Field 1,36,7,Sting Soccer Club,No Club Selection
U16,Texas,171523,2021-05-08 11:00,11067,12271,Sting Austin ECNL GU16,AHFC ECNL GU16,1,2,Parkway Church - Field 1,1690,10,Sting Austin,Albion Hurricanes FC
U16,Texas,171612,2021-05-08 11:00,19415,46722,Oklahoma Celtic ECNL GU16,Sting Dallas Royal ECNL GU16,1,0,Oklahoma Celtic - Field 8,2134,36,Oklahoma Celtic,Sting Soccer Club
U16,Texas,171613,2021-05-08 13:00,11818,46785,Tulsa SC ECNL GU16,FC Dallas ECNL GU16,1,1,Titan Main - Field 2,106,47,Tulsa Soccer Club,FC Dallas Youth
U16,Texas,171644,2021-05-15 11:00,12271,11592,AHFC ECNL GU16,Dallas Texans ECNL GU16,2,1,Campbell Road Sports Park - Field 1,10,37,Albion Hurricanes FC,Dallas Texans
U16,Texas,171646,2021-05-15 11:00,46785,12269,FC Dallas ECNL GU16,Classics Elite  ECNL GU16,2,0,Toyota Soccer Center - Field 5,47,1375,FC Dallas Youth,Classics Elite Soccer Academy
U16,Texas,171647,2021-05-15 11:00,46722,11067,Sting Dallas Royal ECNL GU16,Sting Austin ECNL GU16,0,4,Sting Complex - Field 2,36,1690,Sting Soccer Club,Sting Austin
U16,Texas,171645,2021-05-15 14:15,12270,11427,Challenge SC ECNL GU16,Solar ECNL GU16,1,4,Burroughs Park - Field 4,25,101,Challenge SC,Solar SC
U16,Texas,171650,2021-05-16 09:45,46785,11067,FC Dallas ECNL GU16,Sting Austin ECNL GU16,2,1,Memorial High School - Field 1,47,1690,FC Dallas Youth,Sting Austin
U16,Texas,171648,2021-05-16 11:00,12271,11427,AHFC ECNL GU16,Solar ECNL GU16,0,2,Campbell Road Sports Park - Field 1,10,101,Albion Hurricanes FC,Solar SC
U16,Texas,171649,2021-05-16 11:00,12270,11592,Challenge SC ECNL GU16,Dallas Texans ECNL GU16,1,2,Burroughs Park - Field 4,25,37,Challenge SC,Dallas Texans
U16,Texas,171620,2021-05-16 12:00,11818,11872,Tulsa SC ECNL GU16,DKSC ECNL GU16,0,1,ISSC - Field 37,106,7,Tulsa Soccer Club,No Club Selection
U16,Texas,171651,2021-05-16 13:00,46722,12269,Sting Dallas Royal ECNL GU16,Classics Elite  ECNL GU16,0,2,Curtis Middle School - Field 1,36,1375,Sting Soccer Club,Classics Elite Soccer Academy
U16,Texas,171619,2021-05-16 14:00,19415,11890,Oklahoma Celtic ECNL GU16,Sting Dallas Black ECNL GU16,,,Oklahoma Celtic - Field 8,2134,36,Oklahoma Celtic,Sting Soccer Club
U16,Texas,171581,2021-05-22 09:00,11818,11067,Tulsa SC ECNL GU16,Sting Austin ECNL GU16,2,3,ISSC - Field 37,106,1690,Tulsa Soccer Club,Sting Austin
U16,Texas,171604,2021-05-22 11:00,12270,11872,Challenge SC ECNL GU16,DKSC ECNL GU16,0,1,Matias Almeyda - Field 1,25,7,Challenge SC,No Club Selection
U16,Texas,171580,2021-05-22 13:00,19415,12269,Oklahoma Celtic ECNL GU16,Classics Elite  ECNL GU16,1,2,Oklahoma Celtic - Field 11,2134,1375,Oklahoma Celtic,Classics Elite Soccer Academy
U16,Texas,171605,2021-05-22 13:00,12271,11890,AHFC ECNL GU16,Sting Dallas Black ECNL GU16,1,2,Campbell Road Sports Park - Field 1,10,36,Albion Hurricanes FC,Sting Soccer Club
U16,Texas,171586,2021-05-23 09:00,19415,11067,Oklahoma Celtic ECNL GU16,Sting Austin ECNL GU16,1,2,Oklahoma Celtic - Field 11,2134,1690,Oklahoma Celtic,Sting Austin
U16,Texas,171611,2021-05-23 09:45,12271,11872,AHFC ECNL GU16,DKSC ECNL GU16,0,4,Campbell Road Sports Park - Field 5,10,7,Albion Hurricanes FC,No Club Selection
U16,Texas,171587,2021-05-23 12:00,11818,12269,Tulsa SC ECNL GU16,Classics Elite  ECNL GU16,1,1,ISSC - Field 37,106,1375,Tulsa Soccer Club,Classics Elite Soccer Academy
U16,Texas,171610,2021-05-23 13:00,12270,11890,Challenge SC ECNL GU16,Sting Dallas Black ECNL GU16,0,3,Matias Almeyda - Field 1,25,36,Challenge SC,Sting Soccer Club
U16,Texas,171633,2021-05-26 18:15,11427,46785,Solar ECNL GU16,FC Dallas ECNL GU16,2,0,Memorial High School - Field 1,101,47,Solar SC,FC Dallas Youth
U16,Texas,171628,2021-06-01 18:30,11592,46785,Dallas Texans ECNL GU16,FC Dallas ECNL GU16,0,1,Arlington Heights High School - Field 1,37,47,Dallas Texans,FC Dallas Youth
U16,Texas,171635,2021-06-04 16:00,12271,46722,AHFC ECNL GU16,Sting Dallas Royal ECNL GU16,2,0,Meyer Park - Field 4,10,36,Albion Hurricanes FC,Sting Soccer Club
U16,Texas,171608,2021-06-05 13:15,11067,11592,Sting Austin ECNL GU16,Dallas Texans ECNL GU16,,,Meyer Park - Field 22,1690,37,Sting Austin,Dallas Texans
U16,Texas,171639,2021-06-05 13:15,12271,46785,AHFC ECNL GU16,FC Dallas ECNL GU16,0,5,Meyer Park - Field 2,10,47,Albion Hurricanes FC,FC Dallas Youth
U16,Texas,171609,2021-06-05 15:45,12269,11427,Classics Elite  ECNL GU16,Solar ECNL GU16,0,5,DUTCH LIONS FIELDS - Field 1,1375,101,Classics Elite Soccer Academy,Solar SC
U16,Texas,171614,2021-06-06 11:20,11067,11427,Sting Austin ECNL GU16,Solar ECNL GU16,0,3,Meyer Park - Field 24,1690,101,Sting Austin,Solar SC
U16,Texas,171615,2021-06-06 13:15,12269,11592,Classics Elite  ECNL GU16,Dallas Texans ECNL GU16,3,1,DUTCH LIONS FIELDS - Field 2,1375,37,Classics Elite Soccer Academy,Dallas Texans
U17,Mid-Atlantic,194334,2020-09-12 13:00,7536,19777,Richmond United ECNL GU17,Loudoun Soccer ECNL GU17,1,0,West Creek - Field 6,417,450,Richmond United,Loudoun Soccer
U17,Mid-Atlantic,194335,2020-09-12 14:00,44732,19667,NC Courage ECNL GU17,Wilmington Hammerheads ECNL GU17,4,0,WRAL Soccer Complex - WRAL 06 Stadium,3404,2181,NC Courage Academy,Wilmington Hammerheads
U17,Mid-Atlantic,194336,2020-09-12 14:00,7645,11509,NCFC Youth ECNL GU17,NC Fusion ECNL GU17,5,2,WRAL Soccer Center - Office Mart #13,22,71,NCFC Youth,NC Fusion
U17,Mid-Atlantic,194338,2020-09-12 15:00,11512,44725,CESA ECNL GU17,Charlotte SA ECNL GU17,3,5,Mesa Soccer Complex - Field 2,380,26,Carolina Elite Soccer Academy,Charlotte Soccer Academy
U17,Mid-Atlantic,194337,2020-09-12 16:00,10705,10988,Charlotte Independence ECNL GU17,South Carolina United ECNL GU17,1,0,Bailey Road Park - Field 1 (upper),1010,1689,Charlotte Independence SC,South Carolina United FC
U17,Mid-Atlantic,194339,2020-09-13 10:00,10699,11504,BRYC Elite Academy ECNL GU17,McLean YSA ECNL GU17,0,2,Robinson High School - Upper Turf,65,65,McLean Youth Soccer,McLean Youth Soccer
U17,Mid-Atlantic,194340,2020-09-13 10:00,11509,44732,NC Fusion ECNL GU17,NC Courage ECNL GU17,3,2,Truist Sports Park - Field 2,71,3404,NC Fusion,NC Courage Academy
U17,Mid-Atlantic,194341,2020-09-13 15:00,19667,7645,Wilmington Hammerheads ECNL GU17,NCFC Youth ECNL GU17,0,1,Cape Fear Regional Soccer Park - Field 4,2181,22,Wilmington Hammerheads,NCFC Youth
U17,Mid-Atlantic,194342,2020-09-13 15:00,10705,11512,Charlotte Independence ECNL GU17,CESA ECNL GU17,2,1,Bailey Road Park - Field 1 (upper),1010,380,Charlotte Independence SC,Carolina Elite Soccer Academy
U17,Mid-Atlantic,194348,2020-09-19 10:00,44725,10705,Charlotte SA ECNL GU17,Charlotte Independence ECNL GU17,2,1,OrthoCarolina Sportsplex - Field 5,26,1010,Charlotte Soccer Academy,Charlotte Independence SC
U17,Mid-Atlantic,194343,2020-09-19 11:00,14649,19777,VDA ECNL GU17,Loudoun Soccer ECNL GU17,3,0,Ali Krieger Sports Complex (AKSC) - Field 7,1785,450,Virginia Development Academy,Loudoun Soccer
U17,Mid-Atlantic,194344,2020-09-19 13:00,7536,10699,Richmond United ECNL GU17,BRYC Elite Academy ECNL GU17,4,0,West Creek - Field 6,417,65,Richmond United,McLean Youth Soccer
U17,Mid-Atlantic,194345,2020-09-19 14:00,44732,10988,NC Courage ECNL GU17,South Carolina United ECNL GU17,1,0,WRAL Soccer Complex - WRAL 06 Stadium,3404,1689,NC Courage Academy,South Carolina United FC
U17,Mid-Atlantic,194346,2020-09-19 14:00,7645,11512,NCFC Youth ECNL GU17,CESA ECNL GU17,1,4,WRAL Soccer Center - visitRaleigh #10,22,380,NCFC Youth,Carolina Elite Soccer Academy
U17,Mid-Atlantic,194347,2020-09-19 14:00,11509,19667,NC Fusion ECNL GU17,Wilmington Hammerheads ECNL GU17,3,1,Truist Soccer Complex at Bryan Park - BP 08 Secret,71,2181,NC Fusion,Wilmington Hammerheads
U17,Mid-Atlantic,194349,2020-09-20 11:00,44732,11512,NC Courage ECNL GU17,CESA ECNL GU17,2,0,WRAL Soccer Complex - WRAL 06 Stadium,3404,380,NC Courage Academy,Carolina Elite Soccer Academy
U17,Mid-Atlantic,194350,2020-09-20 11:00,7645,10988,NCFC Youth ECNL GU17,South Carolina United ECNL GU17,0,0,Wake Competition Center - Field 2,22,1689,NCFC Youth,South Carolina United FC
U17,Mid-Atlantic,194351,2020-09-20 11:00,44725,11509,Charlotte SA ECNL GU17,NC Fusion ECNL GU17,0,1,OrthoCarolina Sportsplex - Field 5,26,71,Charlotte Soccer Academy,NC Fusion
U17,Mid-Atlantic,194353,2020-09-26 11:00,14649,10699,VDA ECNL GU17,BRYC Elite Academy ECNL GU17,3,0,Ali Krieger Sports Complex (AKSC) - Field 7,1785,65,Virginia Development Academy,McLean Youth Soccer
U17,Mid-Atlantic,194352,2020-09-26 15:00,11504,7536,McLean YSA ECNL GU17,Richmond United ECNL GU17,0,2,Lewinsville Park - Field 2,65,417,McLean Youth Soccer,Richmond United
U17,Mid-Atlantic,194356,2020-09-26 15:00,11509,10988,NC Fusion ECNL GU17,South Carolina United ECNL GU17,1,0,Truist Soccer Complex at Bryan Park - BP 08 Secret,71,1689,NC Fusion,South Carolina United FC
U17,Mid-Atlantic,194354,2020-09-26 16:00,44732,44725,NC Courage ECNL GU17,Charlotte SA ECNL GU17,0,3,WRAL Soccer Complex - WRAL 05 First Watch,3404,26,NC Courage Academy,Charlotte Soccer Academy
U17,Mid-Atlantic,194355,2020-09-26 16:00,7645,10705,NCFC Youth ECNL GU17,Charlotte Independence ECNL GU17,0,2,WRAL Soccer Center - Soccer.com #12,22,1010,NCFC Youth,Charlotte Independence SC
U17,Mid-Atlantic,194357,2020-09-27 15:00,10988,44725,South Carolina United ECNL GU17,Charlotte SA ECNL GU17,1,5,Southeastern Freight Lines Complex - Stadium A,1689,26,South Carolina United FC,Charlotte Soccer Academy
U17,Mid-Atlantic,194358,2020-10-03 11:00,7536,14649,Richmond United ECNL GU17,VDA ECNL GU17,4,0,West Creek - Field 6,417,1785,Richmond United,Virginia Development Academy
U17,Mid-Atlantic,194359,2020-10-03 11:00,19667,11512,Wilmington Hammerheads ECNL GU17,CESA ECNL GU17,1,3,Cape Fear Regional Soccer Park - Field 3,2181,380,Wilmington Hammerheads,Carolina Elite Soccer Academy
U17,Mid-Atlantic,194360,2020-10-03 14:00,44725,10988,Charlotte SA ECNL GU17,South Carolina United ECNL GU17,4,1,OrthoCarolina Sportsplex - Field 5,26,1689,Charlotte Soccer Academy,South Carolina United FC
U17,Mid-Atlantic,194362,2020-10-04 11:00,44732,10705,NC Courage ECNL GU17,Charlotte Independence ECNL GU17,4,2,WRAL Soccer Complex - WRAL 04 Accentuate Staffing,3404,1010,NC Courage Academy,Charlotte Independence SC
U17,Mid-Atlantic,194361,2020-10-04 12:00,19777,11504,Loudoun Soccer ECNL GU17,McLean YSA ECNL GU17,1,0,Loudoun Soccer Park - Field 2,450,65,Loudoun Soccer,McLean Youth Soccer
U17,Mid-Atlantic,194363,2020-10-04 13:00,11509,7645,NC Fusion ECNL GU17,NCFC Youth ECNL GU17,5,0,Truist Soccer Complex at Bryan Park - BP 01,71,22,NC Fusion,NCFC Youth
U17,Mid-Atlantic,194364,2020-10-10 14:00,10699,7536,BRYC Elite Academy ECNL GU17,Richmond United ECNL GU17,0,3,Robinson High School - Upper Turf,65,417,McLean Youth Soccer,Richmond United
U17,Mid-Atlantic,194365,2020-10-10 14:00,19777,14649,Loudoun Soccer ECNL GU17,VDA ECNL GU17,0,0,Riverside High School - Stadium,450,1785,Loudoun Soccer,Virginia Development Academy
U17,Mid-Atlantic,194366,2020-10-10 14:00,10705,19667,Charlotte Independence ECNL GU17,Wilmington Hammerheads ECNL GU17,6,1,Bradford Park - Field 2,1010,2181,Charlotte Independence SC,Wilmington Hammerheads
U17,Mid-Atlantic,194367,2020-10-11 13:00,44732,11509,NC Courage ECNL GU17,NC Fusion ECNL GU17,2,1,WRAL Soccer Complex - WRAL 06 Stadium,3404,71,NC Courage Academy,NC Fusion
U17,Mid-Atlantic,194369,2020-10-17 11:00,14649,11504,VDA ECNL GU17,McLean YSA ECNL GU17,1,5,Ali Krieger Sports Complex (AKSC) - Field 7,1785,65,Virginia Development Academy,McLean Youth Soccer
U17,Mid-Atlantic,194368,2020-10-17 12:00,10699,19777,BRYC Elite Academy ECNL GU17,Loudoun Soccer ECNL GU17,0,6,Robinson High School - Upper Turf,65,450,McLean Youth Soccer,Loudoun Soccer
U17,Mid-Atlantic,194370,2020-10-17 12:00,7645,19667,NCFC Youth ECNL GU17,Wilmington Hammerheads ECNL GU17,0,1,WRAL Soccer Center - Stadium #6,22,2181,NCFC Youth,Wilmington Hammerheads
U17,Mid-Atlantic,194371,2020-10-17 13:00,10705,11509,Charlotte Independence ECNL GU17,NC Fusion ECNL GU17,2,1,Bradford Park - Field 3,1010,71,Charlotte Independence SC,NC Fusion
U17,Mid-Atlantic,194372,2020-10-17 14:00,44725,11512,Charlotte SA ECNL GU17,CESA ECNL GU17,1,0,OrthoCarolina Sportsplex - Field 5,26,380,Charlotte Soccer Academy,Carolina Elite Soccer Academy
U17,Mid-Atlantic,194373,2020-10-18 13:00,7645,44725,NCFC Youth ECNL GU17,Charlotte SA ECNL GU17,0,4,WRAL Soccer Center - Stadium #6,22,26,NCFC Youth,Charlotte Soccer Academy
U17,Mid-Atlantic,194374,2020-10-18 13:00,19667,11509,Wilmington Hammerheads ECNL GU17,NC Fusion ECNL GU17,0,2,Cape Fear Regional Soccer Park - Field 4,2181,71,Wilmington Hammerheads,NC Fusion
U17,Mid-Atlantic,194375,2020-10-18 15:00,11512,10705,CESA ECNL GU17,Charlotte Independence ECNL GU17,1,3,Mesa Soccer Complex - Field 2,380,1010,Carolina Elite Soccer Academy,Charlotte Independence SC
U17,Mid-Atlantic,194378,2020-10-24 12:00,44732,7645,NC Courage ECNL GU17,NCFC Youth ECNL GU17,5,0,WRAL Soccer Complex - WRAL 06 Stadium,3404,22,NC Courage Academy,NCFC Youth
U17,Mid-Atlantic,194379,2020-10-24 13:00,19667,10988,Wilmington Hammerheads ECNL GU17,South Carolina United ECNL GU17,0,2,Cape Fear Regional Soccer Park - Field 3,2181,1689,Wilmington Hammerheads,South Carolina United FC
U17,Mid-Atlantic,194377,2020-10-24 14:00,19777,7536,Loudoun Soccer ECNL GU17,Richmond United ECNL GU17,0,1,Loudoun Soccer Park - Field 2,450,417,Loudoun Soccer,Richmond United
U17,Mid-Atlantic,194376,2020-10-24 16:30,11504,10699,McLean YSA ECNL GU17,BRYC Elite Academy ECNL GU17,7,0,Lewinsville Park - Field 2,65,65,McLean Youth Soccer,McLean Youth Soccer
U17,Mid-Atlantic,194385,2020-10-31 11:00,10988,10705,South Carolina United ECNL GU17,Charlotte Independence ECNL GU17,2,0,Southeastern Freight Lines Complex - Stadium A,1689,1010,South Carolina United FC,Charlotte Independence SC
U17,Mid-Atlantic,194382,2020-10-31 12:00,7645,44732,NCFC Youth ECNL GU17,NC Courage ECNL GU17,1,6,WRAL Soccer Center - Stadium #6,22,3404,NCFC Youth,NC Courage Academy
U17,Mid-Atlantic,194383,2020-10-31 14:00,44725,19667,Charlotte SA ECNL GU17,Wilmington Hammerheads ECNL GU17,6,0,OrthoCarolina Sportsplex - Field 5,26,2181,Charlotte Soccer Academy,Wilmington Hammerheads
U17,Mid-Atlantic,194384,2020-10-31 15:00,11509,11512,NC Fusion ECNL GU17,CESA ECNL GU17,2,4,Truist Soccer Complex at Bryan Park - BP 02 Triton Management,71,380,NC Fusion,Carolina Elite Soccer Academy
U17,Mid-Atlantic,194387,2020-11-01 11:00,10705,44725,Charlotte Independence ECNL GU17,Charlotte SA ECNL GU17,3,2,Bailey Road Park - Field 1 (upper),1010,26,Charlotte Independence SC,Charlotte Soccer Academy
U17,Mid-Atlantic,194386,2020-11-01 12:00,7536,11504,Richmond United ECNL GU17,McLean YSA ECNL GU17,1,1,West Creek - Field 6,417,65,Richmond United,McLean Youth Soccer
U17,Mid-Atlantic,194389,2020-11-07 15:00,11512,10988,CESA ECNL GU17,South Carolina United ECNL GU17,3,1,Mesa Soccer Complex - Field 19,380,1689,Carolina Elite Soccer Academy,South Carolina United FC
U17,Mid-Atlantic,194390,2020-11-08 15:00,10988,11512,South Carolina United ECNL GU17,CESA ECNL GU17,1,2,Southeastern Freight Lines Complex - Stadium A,1689,380,South Carolina United FC,Carolina Elite Soccer Academy
U17,Mid-Atlantic,194394,2020-11-14 13:00,10705,7645,Charlotte Independence ECNL GU17,NCFC Youth ECNL GU17,2,1,Manchester Meadows - Field 2,1010,22,Charlotte Independence SC,NCFC Youth
U17,Mid-Atlantic,194395,2020-11-14 15:00,10988,19667,South Carolina United ECNL GU17,Wilmington Hammerheads ECNL GU17,2,2,Southeastern Freight Lines Complex - Stadium B,1689,2181,South Carolina United FC,Wilmington Hammerheads
U17,Mid-Atlantic,194396,2020-11-14 15:00,11512,11509,CESA ECNL GU17,NC Fusion ECNL GU17,1,0,Mesa Soccer Complex - Field 2,380,71,Carolina Elite Soccer Academy,NC Fusion
U17,Mid-Atlantic,194393,2020-11-14 16:00,44725,44732,Charlotte SA ECNL GU17,NC Courage ECNL GU17,2,3,OrthoCarolina Sportsplex - Field 4,26,3404,Charlotte Soccer Academy,NC Courage Academy
U17,Mid-Atlantic,194399,2020-11-15 11:00,11512,19667,CESA ECNL GU17,Wilmington Hammerheads ECNL GU17,3,0,Mesa Soccer Complex - Field 2,380,2181,Carolina Elite Soccer Academy,Wilmington Hammerheads
U17,Mid-Atlantic,194397,2020-11-15 13:00,44725,7645,Charlotte SA ECNL GU17,NCFC Youth ECNL GU17,6,2,OrthoCarolina Sportsplex - Field 5,26,22,Charlotte Soccer Academy,NCFC Youth
U17,Mid-Atlantic,194398,2020-11-15 13:00,10705,44732,Charlotte Independence ECNL GU17,NC Courage ECNL GU17,0,1,Manchester Meadows - Field 2,1010,3404,Charlotte Independence SC,NC Courage Academy
U17,Mid-Atlantic,194400,2020-11-15 13:00,10988,11509,South Carolina United ECNL GU17,NC Fusion ECNL GU17,3,3,Southeastern Freight Lines Complex - Stadium B,1689,71,South Carolina United FC,NC Fusion
U17,Mid-Atlantic,194404,2020-11-21 09:00,19667,44725,Wilmington Hammerheads ECNL GU17,Charlotte SA ECNL GU17,0,3,Cape Fear Regional Soccer Park - Field 4,2181,26,Wilmington Hammerheads,Charlotte Soccer Academy
U17,Mid-Atlantic,194392,2020-11-21 12:00,19777,10699,Loudoun Soccer ECNL GU17,BRYC Elite Academy ECNL GU17,2,0,Riverside High School - Stadium,450,65,Loudoun Soccer,McLean Youth Soccer
U17,Mid-Atlantic,194405,2020-11-21 13:00,11509,10705,NC Fusion ECNL GU17,Charlotte Independence ECNL GU17,0,3,Truist Soccer Complex at Bryan Park - BP 08 Secret,71,1010,NC Fusion,Charlotte Independence SC
U17,Mid-Atlantic,194402,2020-11-21 13:30,11512,7645,CESA ECNL GU17,NCFC Youth ECNL GU17,1,2,CFC - Field 4,380,22,Carolina Elite Soccer Academy,NCFC Youth
U17,Mid-Atlantic,194403,2020-11-21 15:00,10988,44732,South Carolina United ECNL GU17,NC Courage ECNL GU17,1,4,Southeastern Freight Lines Complex - Stadium B,1689,3404,South Carolina United FC,NC Courage Academy
U17,Mid-Atlantic,194408,2020-11-22 10:00,19667,10705,Wilmington Hammerheads ECNL GU17,Charlotte Independence ECNL GU17,0,3,Cape Fear Regional Soccer Park - Field 4,2181,1010,Wilmington Hammerheads,Charlotte Independence SC
U17,Mid-Atlantic,194406,2020-11-22 11:00,11512,44732,CESA ECNL GU17,NC Courage ECNL GU17,1,4,CFC - Field 4,380,3404,Carolina Elite Soccer Academy,NC Courage Academy
U17,Mid-Atlantic,194407,2020-11-22 11:00,10988,7645,South Carolina United ECNL GU17,NCFC Youth ECNL GU17,4,1,Southeastern Freight Lines Complex - Stadium A,1689,22,South Carolina United FC,NCFC Youth
U17,Mid-Atlantic,194409,2020-11-22 13:00,11509,44725,NC Fusion ECNL GU17,Charlotte SA ECNL GU17,0,6,Truist Soccer Complex at Bryan Park - BP 07,71,26,NC Fusion,Charlotte Soccer Academy
U17,Mid-Atlantic,194380,2021-02-06 12:00,19667,44732,Wilmington Hammerheads ECNL GU17,NC Courage ECNL GU17,1,2,Cape Fear Regional Soccer Park - Field 4,2181,3404,Wilmington Hammerheads,NC Courage Academy
U17,Mid-Atlantic,194388,2021-02-27 11:00,14649,7536,VDA ECNL GU17,Richmond United ECNL GU17,0,2,Long Park - Field 6,1785,417,Virginia Development Academy,Richmond United
U17,Mid-Atlantic,194381,2021-03-03 20:15,10699,14649,BRYC Elite Academy ECNL GU17,VDA ECNL GU17,0,3,Robinson High School - Upper Turf,65,1785,McLean Youth Soccer,Virginia Development Academy
U17,Mid-Atlantic,194391,2021-04-10 09:30,11504,19777,McLean YSA ECNL GU17,Loudoun Soccer ECNL GU17,2,0,Lewinsville Park - Field 2,65,450,McLean Youth Soccer,Loudoun Soccer
U17,Mid-Atlantic,194401,2021-05-22 19:30,11504,14649,McLean YSA ECNL GU17,VDA ECNL GU17,1,5,Lewinsville Park - Field 2,65,1785,McLean Youth Soccer,Virginia Development Academy
U17,Midwest,172161,2020-09-12 09:00,11558,11315,FC Wisconsin ECNL GU17,Michigan Hawks Magic ECNL GU17,2,1,FC Wisconsin Soccer Park - Field 1 - Val Olla Field,54,2359,FC Wisconsin Girls,Michigan Hawks
U17,Midwest,172162,2020-09-12 09:00,20190,11556,Eclipse Select SC North ECNL GU17,Vardar ECNL GU17,,,FC Wisconsin Soccer Park - Field 2 - Hegarty Field,43,109,Eclipse Select Soccer Club,Vardar
U17,Midwest,172160,2020-09-12 13:00,10865,11563,Gretna Elite Academy ECNL GU17,SLSG White ECNL GU17,2,2,College Boulevard Athletic Complex - Field 1,7,97,No Club Selection,St. Louis Scott Gallagher
U17,Midwest,172165,2020-09-13 09:00,11558,11556,FC Wisconsin ECNL GU17,Vardar ECNL GU17,1,1,FC Wisconsin Soccer Park - Field 1 - Val Olla Field,54,109,FC Wisconsin Girls,Vardar
U17,Midwest,172166,2020-09-13 09:00,20190,11315,Eclipse Select SC North ECNL GU17,Michigan Hawks Magic ECNL GU17,,,FC Wisconsin Soccer Park - Field 2 - Hegarty Field,43,2359,Eclipse Select Soccer Club,Michigan Hawks
U17,Midwest,172159,2020-09-13 11:00,19378,11284,Kansas City Athletics ECNL GU17,SLSG Navy ECNL GU17,1,2,College Boulevard Activity Complex - Football Field,2330,97,KC Athletics,St. Louis Scott Gallagher
U17,Midwest,172163,2020-09-13 11:00,19378,11563,Kansas City Athletics ECNL GU17,SLSG White ECNL GU17,3,0,College Boulevard Activity Complex - Football Field,2330,97,KC Athletics,St. Louis Scott Gallagher
U17,Midwest,172164,2020-09-13 13:00,10865,11284,Gretna Elite Academy ECNL GU17,SLSG Navy ECNL GU17,1,3,College Boulevard Athletic Complex - Field 1,7,97,No Club Selection,St. Louis Scott Gallagher
U17,Midwest,172168,2020-09-19 10:00,11556,19898,Vardar ECNL GU17,Michigan Hawks ECNL GU17,0,3,Oakland University - Field 1,109,2359,Vardar,Michigan Hawks
U17,Midwest,172167,2020-09-19 13:00,11315,11557,Michigan Hawks Magic ECNL GU17,Eclipse Select SC ECNL GU17,2,2,,2359,43,Michigan Hawks,Eclipse Select Soccer Club
U17,Midwest,172169,2020-09-20 13:00,11556,11557,Vardar ECNL GU17,Eclipse Select SC ECNL GU17,1,0,The Plex - Field 6,109,43,Vardar,Eclipse Select Soccer Club
U17,Midwest,172158,2020-10-02 18:00,19898,11315,Michigan Hawks ECNL GU17,Michigan Hawks Magic ECNL GU17,5,0,Schoolcraft Turf - SC Turf,2359,2359,Michigan Hawks,Michigan Hawks
U17,Midwest,172171,2020-10-10 13:00,11284,19898,SLSG Navy ECNL GU17,Michigan Hawks ECNL GU17,1,1,Grand Park Sports Campus - Field 2,97,2359,St. Louis Scott Gallagher,Michigan Hawks
U17,Midwest,172175,2020-10-10 13:00,19378,11556,Kansas City Athletics ECNL GU17,Vardar ECNL GU17,1,2,Indiana Elite FC Soccer Complex - Field 1,2330,109,KC Athletics,Vardar
U17,Midwest,172177,2020-10-10 13:00,11563,11315,SLSG White ECNL GU17,Michigan Hawks Magic ECNL GU17,1,1,Grand Park Sports Campus - Field 3,97,2359,St. Louis Scott Gallagher,Michigan Hawks
U17,Midwest,172202,2020-10-10 13:00,10865,11558,Gretna Elite Academy ECNL GU17,FC Wisconsin ECNL GU17,2,2,Indiana Elite FC Soccer Complex - Field 3,7,54,No Club Selection,FC Wisconsin Girls
U17,Midwest,172188,2020-10-11 09:00,11556,10865,Vardar ECNL GU17,Gretna Elite Academy ECNL GU17,2,1,Indiana Elite Soccer Complex - Field 3,109,7,Vardar,No Club Selection
U17,Midwest,172180,2020-10-11 12:00,19898,11563,Michigan Hawks ECNL GU17,SLSG White ECNL GU17,5,0,Grand Park Sports Campus - Field 2,2359,97,Michigan Hawks,St. Louis Scott Gallagher
U17,Midwest,172186,2020-10-11 12:00,11315,11284,Michigan Hawks Magic ECNL GU17,SLSG Navy ECNL GU17,0,2,Grand Park Sports Campus - Field 3,2359,97,Michigan Hawks,St. Louis Scott Gallagher
U17,Midwest,172203,2020-10-11 14:00,11558,19378,FC Wisconsin ECNL GU17,Kansas City Athletics ECNL GU17,0,0,Indiana Elite FC Soccer Complex - Field 3,54,2330,FC Wisconsin Girls,KC Athletics
U17,Midwest,172191,2020-10-24 12:30,11563,20190,SLSG White ECNL GU17,Eclipse Select SC North ECNL GU17,,,Trinity Sports Park - Field 1,97,43,St. Louis Scott Gallagher,Eclipse Select Soccer Club
U17,Midwest,172190,2020-10-24 15:30,11284,11557,SLSG Navy ECNL GU17,Eclipse Select SC ECNL GU17,1,0,Heartland Sports Memorial Stadium - Field 1,97,43,St. Louis Scott Gallagher,Eclipse Select Soccer Club
U17,Midwest,172192,2020-10-25 09:00,11558,19898,FC Wisconsin ECNL GU17,Michigan Hawks ECNL GU17,0,2,FC Wisconsin Soccer Park - Field 2 - Hegarty Field,54,2359,FC Wisconsin Girls,Michigan Hawks
U17,Midwest,172204,2020-10-25 13:45,20190,11284,Eclipse Select SC North ECNL GU17,SLSG Navy ECNL GU17,,,Trinity Sports Park - Field 1,43,97,Eclipse Select Soccer Club,St. Louis Scott Gallagher
U17,Midwest,172189,2020-10-25 14:00,10865,19378,Gretna Elite Academy ECNL GU17,Kansas City Athletics ECNL GU17,0,3,Papillion Landing - #1 Turf,7,2330,No Club Selection,KC Athletics
U17,Midwest,172174,2020-10-31,20190,11558,Eclipse Select SC North ECNL GU17,FC Wisconsin ECNL GU17,,,,43,54,Eclipse Select Soccer Club,FC Wisconsin Girls
U17,Midwest,172173,2020-10-31 13:00,10865,11315,Gretna Elite Academy ECNL GU17,Michigan Hawks Magic ECNL GU17,3,0,The TBK Bank Sports Complex LLC - Field 8,7,2359,No Club Selection,Michigan Hawks
U17,Midwest,172182,2020-10-31 13:00,11284,11556,SLSG Navy ECNL GU17,Vardar ECNL GU17,1,1,"The TBK Bank Sports Complex, LLC - Field 3",97,109,St. Louis Scott Gallagher,Vardar
U17,Midwest,172185,2020-10-31 15:00,19378,19898,Kansas City Athletics ECNL GU17,Michigan Hawks ECNL GU17,0,1,"The TBK Bank Sports Complex, LLC - Field 7",2330,2359,KC Athletics,Michigan Hawks
U17,Midwest,172172,2020-11-01 12:00,11556,11563,Vardar ECNL GU17,SLSG White ECNL GU17,,,"The TBK Bank Sports Complex, LLC - Field 7",109,97,Vardar,St. Louis Scott Gallagher
U17,Midwest,172176,2020-11-01 12:00,19898,10865,Michigan Hawks ECNL GU17,Gretna Elite Academy ECNL GU17,1,1,"The TBK Bank Sports Complex, LLC - Field 4",2359,7,Michigan Hawks,No Club Selection
U17,Midwest,172179,2020-11-01 12:00,11558,11284,FC Wisconsin ECNL GU17,SLSG Navy ECNL GU17,0,2,"The TBK Bank Sports Complex, LLC - Field 3",54,97,FC Wisconsin Girls,St. Louis Scott Gallagher
U17,Midwest,172181,2020-11-01 12:00,11315,19378,Michigan Hawks Magic ECNL GU17,Kansas City Athletics ECNL GU17,1,0,"The TBK Bank Sports Complex, LLC - Field 1",2359,2330,Michigan Hawks,KC Athletics
U17,Midwest,172193,2020-11-04 17:30,11315,11556,Michigan Hawks Magic ECNL GU17,Vardar ECNL GU17,0,0,St. Joe's Sports Complex - Outdoor Turf,2359,109,Michigan Hawks,Vardar
U17,Midwest,172194,2020-11-07 12:00,11557,19898,Eclipse Select SC ECNL GU17,Michigan Hawks ECNL GU17,0,3,Jr Irish Fields - Field 2,43,2359,Eclipse Select Soccer Club,Michigan Hawks
U17,Midwest,172196,2020-11-08 15:00,10865,11564,Gretna Elite Academy ECNL GU17,Minnesota Thunder ECNL GU17,1,1,Papillion Landing - #1 Turf,7,7,No Club Selection,No Club Selection
U17,Midwest,172187,2020-11-14 13:00,11563,11558,SLSG White ECNL GU17,FC Wisconsin ECNL GU17,2,3,"The TBK Bank Sports Complex, LLC - Field 1",97,54,St. Louis Scott Gallagher,FC Wisconsin Girls
U17,Midwest,172184,2020-11-18 19:30,11558,11557,FC Wisconsin ECNL GU17,Eclipse Select SC ECNL GU17,0,3,FC Wisconsin Soccer Park - Field 2 - Hegarty Field,54,43,FC Wisconsin Girls,Eclipse Select Soccer Club
U17,Midwest,172198,2020-11-22 12:45,11284,11563,SLSG Navy ECNL GU17,SLSG White ECNL GU17,4,0,WWT Soccer Park - Field 1,97,97,St. Louis Scott Gallagher,St. Louis Scott Gallagher
U17,Midwest,172207,2021-01-16 11:30,11564,20190,Minnesota Thunder ECNL GU17,Eclipse Select SC North ECNL GU17,,,Academy of Holy Angels - South Turf 1 (11v11),7,43,No Club Selection,Eclipse Select Soccer Club
U17,Midwest,172209,2021-01-30 12:00,11564,19378,Minnesota Thunder ECNL GU17,Kansas City Athletics ECNL GU17,7,1,Academy of Holy Angels - South Turf 1 (11v11),7,2330,No Club Selection,KC Athletics
U17,Midwest,172200,2021-02-20 13:30,11284,11564,SLSG Navy ECNL GU17,Minnesota Thunder ECNL GU17,,,MO RUSH Sports Park - Field 3,97,7,St. Louis Scott Gallagher,No Club Selection
U17,Midwest,172205,2021-02-21 10:45,11564,11563,Minnesota Thunder ECNL GU17,SLSG White ECNL GU17,,,Missouri Rush Sports Park - Field 4,7,97,No Club Selection,St. Louis Scott Gallagher
U17,Midwest,172170,2021-02-27 09:00,11557,19378,Eclipse Select SC ECNL GU17,Kansas City Athletics ECNL GU17,1,4,Swope Soccer Village - Field 4,43,2330,Eclipse Select Soccer Club,KC Athletics
U17,Midwest,172183,2021-02-27 13:00,10865,20190,Gretna Elite Academy ECNL GU17,Eclipse Select SC North ECNL GU17,1,0,,7,43,No Club Selection,Eclipse Select Soccer Club
U17,Midwest,172210,2021-02-27 16:00,11556,11564,Vardar ECNL GU17,Minnesota Thunder ECNL GU17,2,2,Evolution Sportsplex Dome - Field 1,109,7,Vardar,No Club Selection
U17,Midwest,172199,2021-02-28 08:00,19378,20190,Kansas City Athletics ECNL GU17,Eclipse Select SC North ECNL GU17,4,0,Swope Soccer Village - Field 4,2330,43,KC Athletics,Eclipse Select Soccer Club
U17,Midwest,172211,2021-02-28 10:00,11315,11564,Michigan Hawks Magic ECNL GU17,Minnesota Thunder ECNL GU17,0,3,St. Joe's Sports Complex - Dome,2359,7,Michigan Hawks,No Club Selection
U17,Midwest,172206,2021-02-28 11:30,10865,11557,Gretna Elite Academy ECNL GU17,Eclipse Select SC ECNL GU17,1,1,,7,43,No Club Selection,Eclipse Select Soccer Club
U17,Midwest,172195,2021-03-06 12:00,11564,11558,Minnesota Thunder ECNL GU17,FC Wisconsin ECNL GU17,6,1,Academy of Holy Angels - South Turf 1 (11v11),7,54,No Club Selection,FC Wisconsin Girls
U17,Midwest,172197,2021-03-14 13:30,19898,20190,Michigan Hawks ECNL GU17,Eclipse Select SC North ECNL GU17,3,0,Dowling Park - Field 1,2359,43,Michigan Hawks,Eclipse Select Soccer Club
U17,Midwest,172178,2021-03-16 19:30,20190,11557,Eclipse Select SC North ECNL GU17,Eclipse Select SC ECNL GU17,2,5,Techny Park - Field 1,43,43,Eclipse Select Soccer Club,Eclipse Select Soccer Club
U17,Midwest,172201,2021-03-20 15:00,11557,11563,Eclipse Select SC ECNL GU17,SLSG White ECNL GU17,,,O'Fallon Sports Park - Field 4,43,97,Eclipse Select Soccer Club,St. Louis Scott Gallagher
U17,Midwest,172208,2021-04-25 10:30,11564,11557,Minnesota Thunder ECNL GU17,Eclipse Select SC ECNL GU17,1,0,UW River Falls Ramer Field - Field 1,7,43,No Club Selection,Eclipse Select Soccer Club
U17,Midwest,172212,2021-05-01 11:30,19898,11564,Michigan Hawks ECNL GU17,Minnesota Thunder ECNL GU17,6,0,Stuarts Sports Complex - Field 22,2359,7,Michigan Hawks,No Club Selection
U17,Mountain,209151,2020-09-13 09:00,45857,35223,Real Colorado National ECNL GU17,Pride SC ECNL GU17,6,1,Real Colorado Soccer Complex - RCSC Grass,81,7,Real Colorado,No Club Selection
U17,Mountain,209157,2020-09-13 11:15,6883,46447,Colorado Rapids ECNL GU17,Real Colorado Athletico ECNL GU17,1,2,Gates South Soccer Complex - 6,29,81,Colorado Storm,Real Colorado
U17,Mountain,210448,2020-09-19 11:15,45857,46447,Real Colorado National ECNL GU17,Real Colorado Athletico ECNL GU17,6,0,Real Colorado Soccer Complex - RCSC Grass,81,81,Real Colorado,Real Colorado
U17,Mountain,209163,2020-09-19 14:00,35223,6883,Pride SC ECNL GU17,Colorado Rapids ECNL GU17,0,6,Pride Soccer Complex - Field 2,7,29,No Club Selection,Colorado Storm
U17,Mountain,207302,2020-09-26 09:00,46447,35223,Real Colorado Athletico ECNL GU17,Pride SC ECNL GU17,2,2,Real Colorado Soccer Complex - RCSC Grass,81,7,Real Colorado,No Club Selection
U17,Mountain,207303,2020-09-26 09:00,6883,45857,Colorado Rapids ECNL GU17,Real Colorado National ECNL GU17,0,3,Gates South Soccer Complex - 6,29,81,Colorado Storm,Real Colorado
U17,Mountain,207304,2020-10-03 11:15,46447,6883,Real Colorado Athletico ECNL GU17,Colorado Rapids ECNL GU17,2,3,Real Colorado Soccer Complex - RCSC Grass,81,29,Real Colorado,Colorado Storm
U17,Mountain,207305,2020-10-03 14:00,35223,45857,Pride SC ECNL GU17,Real Colorado National ECNL GU17,1,5,Pride Soccer Complex - Field 2,7,81,No Club Selection,Real Colorado
U17,Mountain,207306,2020-10-24 09:00,6883,35223,Colorado Rapids ECNL GU17,Pride SC ECNL GU17,4,1,Gates South Soccer Complex - 6,29,7,Colorado Storm,No Club Selection
U17,Mountain,207307,2020-10-24 11:15,46447,45857,Real Colorado Athletico ECNL GU17,Real Colorado National ECNL GU17,0,4,Real Colorado Soccer Complex - RCSC Grass,81,81,Real Colorado,Real Colorado
U17,Mountain,207318,2021-02-27 09:00,6883,11580,Colorado Rapids ECNL GU17,Utah Avalanche ECNL GU17,0,2,Douglas County Fairgrounds - Field #6,29,107,Colorado Storm,Utah Avalanche
U17,Mountain,207319,2021-02-27 15:00,35223,45851,Pride SC ECNL GU17,La Roca FC ECNL GU17,2,2,Pride Soccer Complex - Field 1,7,1760,No Club Selection,La Roca FC
U17,Mountain,207321,2021-02-28 09:00,6883,45851,Colorado Rapids ECNL GU17,La Roca FC ECNL GU17,2,0,Dick's Sporting Goods Park - DSGP - 10,29,1760,Colorado Storm,La Roca FC
U17,Mountain,207320,2021-02-28 11:00,35223,11580,Pride SC ECNL GU17,Utah Avalanche ECNL GU17,0,8,Pride Soccer Complex - Field 2,7,107,No Club Selection,Utah Avalanche
U17,Mountain,207309,2021-03-21 11:00,35223,46447,Pride SC ECNL GU17,Real Colorado Athletico ECNL GU17,1,3,Pride Soccer Complex - Field 2,7,81,No Club Selection,Real Colorado
U17,Mountain,207327,2021-03-27 10:00,45851,45857,La Roca FC ECNL GU17,Real Colorado National ECNL GU17,0,4,Spence Eccles Ogden Community Sports Complex - Field 1,1760,81,La Roca FC,Real Colorado
U17,Mountain,207326,2021-03-27 11:00,11580,46447,Utah Avalanche ECNL GU17,Real Colorado Athletico ECNL GU17,2,0,Legacy Events Center - Field 1,107,81,Utah Avalanche,Real Colorado
U17,Mountain,207328,2021-03-28 10:00,45851,46447,La Roca FC ECNL GU17,Real Colorado Athletico ECNL GU17,2,2,La Roca Park - Field 1,1760,81,La Roca FC,Real Colorado
U17,Mountain,207329,2021-03-28 11:00,11580,45857,Utah Avalanche ECNL GU17,Real Colorado National ECNL GU17,0,1,Legacy Events Center - Field 1,107,81,Utah Avalanche,Real Colorado
U17,Mountain,207308,2021-04-03 11:15,45857,6883,Real Colorado National ECNL GU17,Colorado Rapids ECNL GU17,2,1,Real Colorado Soccer Complex - RCSC Grass,81,29,Real Colorado,Colorado Storm
U17,Mountain,207314,2021-04-17 11:15,45857,11580,Real Colorado National ECNL GU17,Utah Avalanche ECNL GU17,3,0,Real Colorado Soccer Complex - RCSC Grass,81,107,Real Colorado,Utah Avalanche
U17,Mountain,207315,2021-04-17 11:15,46447,45851,Real Colorado Athletico ECNL GU17,La Roca FC ECNL GU17,2,2,Highland Heritage Regional Park - HHRP Stadium,81,1760,Real Colorado,La Roca FC
U17,Mountain,207316,2021-04-18 11:15,46447,11580,Real Colorado Athletico ECNL GU17,Utah Avalanche ECNL GU17,0,2,Highland Heritage Regional Park - HHRP Stadium,81,107,Real Colorado,Utah Avalanche
U17,Mountain,207317,2021-04-18 11:15,45857,45851,Real Colorado National ECNL GU17,La Roca FC ECNL GU17,2,1,Real Colorado Soccer Complex - RCSC Grass,81,1760,Real Colorado,La Roca FC
U17,Mountain,207310,2021-04-24 13:00,11580,6883,Utah Avalanche ECNL GU17,Colorado Rapids ECNL GU17,3,3,Davis High School - Field 1,107,29,Utah Avalanche,Colorado Storm
U17,Mountain,207311,2021-04-24 13:30,45851,35223,La Roca FC ECNL GU17,Pride SC ECNL GU17,1,2,La Roca Park - Field 1,1760,7,La Roca FC,No Club Selection
U17,Mountain,207312,2021-04-25 09:00,45851,6883,La Roca FC ECNL GU17,Colorado Rapids ECNL GU17,4,5,Legacy Events Center - Field 1 #2021,1760,29,La Roca FC,Colorado Storm
U17,Mountain,207313,2021-04-25 11:00,11580,35223,Utah Avalanche ECNL GU17,Pride SC ECNL GU17,8,0,Legacy Events Center - Field 1,107,7,Utah Avalanche,No Club Selection
U17,Mountain,207334,2021-05-16 09:00,45851,11580,La Roca FC ECNL GU17,Utah Avalanche ECNL GU17,1,5,Legacy Events Center - Field 3 #2025,1760,107,La Roca FC,Utah Avalanche
U17,Mountain,207335,2021-05-23 11:30,11580,45851,Utah Avalanche ECNL GU17,La Roca FC ECNL GU17,5,2,Legacy Events Center - Field 1,107,1760,Utah Avalanche,La Roca FC
U17,New England,173283,2020-12-05 15:00,11575,11573,East Meadow SC ECNL GU17,World Class FC ECNL GU17,1,0,East Meadow Field of Dreams - North Turf,42,116,East Meadow Soccer Club,World Class FC
U17,New England,173260,2020-12-12 13:00,11573,19410,World Class FC ECNL GU17,SUSA FC ECNL GU17,0,6,Orangetown Soccer Complex - Field 5,116,9,World Class FC,SUSA FC
U17,New England,173267,2021-03-06 08:30,7542,11575,Connecticut FC ECNL GU17,East Meadow SC ECNL GU17,4,0,CFC Park - Field 1,31,42,Connecticut FC,East Meadow Soccer Club
U17,New England,173268,2021-03-06 16:00,11571,11573,FSA FC ECNL GU17,World Class FC ECNL GU17,1,2,FSA-Farmington Sports Arena - Field 6,431,116,FSA FC,World Class FC
U17,New England,173266,2021-03-09 19:45,19893,7119,FC Stars Blue ECNL GU17,FC Stars White ECNL GU17,2,3,FC Stars Complex - Field 1,52,52,FC Stars,FC Stars
U17,New England,173282,2021-03-27 11:00,7542,7119,Connecticut FC ECNL GU17,FC Stars White ECNL GU17,0,3,CFC Park - Field 1,31,52,Connecticut FC,FC Stars
U17,New England,173281,2021-03-27 11:30,7257,19893,Scorpions Soccer ECNL GU17,FC Stars Blue ECNL GU17,0,2,Fruit Street Fields - Field 2,94,52,Scorpions SC,FC Stars
U17,New England,173286,2021-03-28 12:45,7257,7119,Scorpions Soccer ECNL GU17,FC Stars White ECNL GU17,0,5,Medway High School - Lamson Field(Middle Field),94,52,Scorpions SC,FC Stars
U17,New England,173287,2021-03-28 14:00,19410,11573,SUSA FC ECNL GU17,World Class FC ECNL GU17,4,0,SUSA - Orlin & Cohen Sports Complex - Field 2,9,116,SUSA FC,World Class FC
U17,New England,173285,2021-03-28 16:00,7542,19893,Connecticut FC ECNL GU17,FC Stars Blue ECNL GU17,4,1,CFC Park - Field 1,31,52,Connecticut FC,FC Stars
U17,New England,173275,2021-04-10 12:30,11571,19410,FSA FC ECNL GU17,SUSA FC ECNL GU17,1,6,FSA-Farmington Sports Arena - Field 7,431,9,FSA FC,SUSA FC
U17,New England,173280,2021-04-11 16:00,19893,7542,FC Stars Blue ECNL GU17,Connecticut FC ECNL GU17,1,1,FC Stars Complex - Field 2,52,31,FC Stars,Connecticut FC
U17,New England,173290,2021-04-17 14:00,11573,1774,World Class FC ECNL GU17,PDA White ECNL GU17,3,0,Orangetown Soccer Complex - Field 5,116,78,World Class FC,Players Development Academy
U17,New England,173289,2021-04-17 16:00,7119,7542,FC Stars White ECNL GU17,Connecticut FC ECNL GU17,2,1,FC Stars Soccer Complex - Field 1,52,31,FC Stars,Connecticut FC
U17,New England,173291,2021-04-17 16:30,7257,11571,Scorpions Soccer ECNL GU17,FSA FC ECNL GU17,2,1,Medway High School - Hanlon Field (Stadium),94,431,Scorpions SC,FSA FC
U17,New England,173295,2021-04-18 11:30,7257,7542,Scorpions Soccer ECNL GU17,Connecticut FC ECNL GU17,2,4,Progin Park - Field 6,94,31,Scorpions SC,Connecticut FC
U17,New England,173296,2021-04-18 15:50,19410,1774,SUSA FC ECNL GU17,PDA White ECNL GU17,8,0,SUSA - Orlin & Cohen Sports Complex - Field 2,9,78,SUSA FC,Players Development Academy
U17,New England,173293,2021-04-18 16:00,7119,11571,FC Stars White ECNL GU17,FSA FC ECNL GU17,3,0,FC Stars Soccer Complex - Field 1,52,431,FC Stars,FSA FC
U17,New England,173270,2021-04-24 09:45,7257,11573,Scorpions Soccer ECNL GU17,World Class FC ECNL GU17,1,1,Medway High School - Lamson Field(Middle Field),94,116,Scorpions SC,World Class FC
U17,New England,173299,2021-04-24 10:00,1774,7542,PDA White ECNL GU17,Connecticut FC ECNL GU17,0,6,PDA - Field 5,78,31,Players Development Academy,Connecticut FC
U17,New England,173298,2021-04-24 13:15,7119,11575,FC Stars White ECNL GU17,East Meadow SC ECNL GU17,2,0,FC Stars Soccer Complex - Field 2,52,42,FC Stars,East Meadow Soccer Club
U17,New England,173297,2021-04-24 15:00,19893,19410,FC Stars Blue ECNL GU17,SUSA FC ECNL GU17,0,3,FC Stars Complex - Field 1,52,9,FC Stars,SUSA FC
U17,New England,173262,2021-04-25 09:45,7542,1774,Connecticut FC ECNL GU17,PDA White ECNL GU17,1,1,CFC Park - Field 1,31,78,Connecticut FC,Players Development Academy
U17,New England,173300,2021-04-25 15:00,19893,11575,FC Stars Blue ECNL GU17,East Meadow SC ECNL GU17,1,1,FC Stars Complex - Field 1,52,42,FC Stars,East Meadow Soccer Club
U17,New England,173301,2021-04-25 15:00,7119,19410,FC Stars White ECNL GU17,SUSA FC ECNL GU17,2,2,FC Stars Soccer Complex - Field 2,52,9,FC Stars,SUSA FC
U17,New England,173263,2021-04-27 19:30,19893,7257,FC Stars Blue ECNL GU17,Scorpions Soccer ECNL GU17,4,1,FC Stars Complex - Field 1,52,94,FC Stars,Scorpions SC
U17,New England,173302,2021-05-01 10:30,1774,19893,PDA White ECNL GU17,FC Stars Blue ECNL GU17,2,1,PDA - Field 3,78,52,Players Development Academy,FC Stars
U17,New England,173305,2021-05-01 10:30,19410,11571,SUSA FC ECNL GU17,FSA FC ECNL GU17,6,0,SUSA - Orlin & Cohen Sports Complex - Field 2,9,431,SUSA FC,FSA FC
U17,New England,173303,2021-05-01 13:45,11573,7119,World Class FC ECNL GU17,FC Stars White ECNL GU17,2,1,Orangetown Soccer Complex - Field 5,116,52,World Class FC,FC Stars
U17,New England,173304,2021-05-01 15:00,11575,7257,East Meadow SC ECNL GU17,Scorpions Soccer ECNL GU17,2,0,East Meadow Field of Dreams - North Turf,42,94,East Meadow Soccer Club,Scorpions SC
U17,New England,173306,2021-05-02 10:00,1774,7119,PDA White ECNL GU17,FC Stars White ECNL GU17,0,0,Morningside Farm - Field 13,78,52,Players Development Academy,FC Stars
U17,New England,173309,2021-05-02 14:50,19410,7257,SUSA FC ECNL GU17,Scorpions Soccer ECNL GU17,4,0,SUSA - Orlin & Cohen Sports Complex - Field 2,9,94,SUSA FC,Scorpions SC
U17,New England,173307,2021-05-02 15:30,11573,19893,World Class FC ECNL GU17,FC Stars Blue ECNL GU17,0,4,Orangetown Soccer Complex - Field 5,116,52,World Class FC,FC Stars
U17,New England,173279,2021-05-02 18:30,11571,11575,FSA FC ECNL GU17,East Meadow SC ECNL GU17,3,1,FSA-Farmington Sports Arena - Field 7,431,42,FSA FC,East Meadow Soccer Club
U17,New England,173313,2021-05-08 14:00,1774,7257,PDA White ECNL GU17,Scorpions Soccer ECNL GU17,3,0,PDA - Field 1,78,94,Players Development Academy,Scorpions SC
U17,New England,173310,2021-05-08 15:00,11575,7119,East Meadow SC ECNL GU17,FC Stars White ECNL GU17,0,2,East Meadow Field of Dreams - North Turf,42,52,East Meadow Soccer Club,FC Stars
U17,New England,173312,2021-05-08 17:20,11573,11571,World Class FC ECNL GU17,FSA FC ECNL GU17,5,1,Orangetown Soccer Complex - Field 5,116,431,World Class FC,FSA FC
U17,New England,173311,2021-05-08 17:30,19410,19893,SUSA FC ECNL GU17,FC Stars Blue ECNL GU17,5,0,SUSA - Orlin & Cohen Sports Complex - Field 2,9,52,SUSA FC,FC Stars
U17,New England,173317,2021-05-09 10:00,1774,11571,PDA White ECNL GU17,FSA FC ECNL GU17,2,0,Morningside Farm - Field 13,78,431,Players Development Academy,FSA FC
U17,New England,173316,2021-05-09 12:20,11573,7257,World Class FC ECNL GU17,Scorpions Soccer ECNL GU17,2,3,Orangetown Soccer Complex - Field 5,116,94,World Class FC,Scorpions SC
U17,New England,173315,2021-05-09 13:10,19410,7119,SUSA FC ECNL GU17,FC Stars White ECNL GU17,3,0,SUSA - Orlin & Cohen Sports Complex - Field 2,9,52,SUSA FC,FC Stars
U17,New England,173314,2021-05-09 15:00,11575,19893,East Meadow SC ECNL GU17,FC Stars Blue ECNL GU17,3,3,East Meadow Field of Dreams - North Turf,42,52,East Meadow Soccer Club,FC Stars
U17,New England,173321,2021-05-15 10:00,1774,11575,PDA White ECNL GU17,East Meadow SC ECNL GU17,0,2,PDA - Field 3,78,42,Players Development Academy,East Meadow Soccer Club
U17,New England,173320,2021-05-15 11:30,7542,11573,Connecticut FC ECNL GU17,World Class FC ECNL GU17,2,2,CFC Park - Field 1,31,116,Connecticut FC,World Class FC
U17,New England,173318,2021-05-15 12:30,11571,19893,FSA FC ECNL GU17,FC Stars Blue ECNL GU17,0,9,FSA-Farmington Sports Arena - Field 8,431,52,FSA FC,FC Stars
U17,New England,173319,2021-05-15 12:30,7119,7257,FC Stars White ECNL GU17,Scorpions Soccer ECNL GU17,2,1,FC Stars Soccer Complex - Field 1,52,94,FC Stars,Scorpions SC
U17,New England,173329,2021-05-16 12:00,1774,11573,PDA White ECNL GU17,World Class FC ECNL GU17,0,2,Morningside Farm - Field 13,78,116,Players Development Academy,World Class FC
U17,New England,173278,2021-05-16 12:30,7257,19410,Scorpions Soccer ECNL GU17,SUSA FC ECNL GU17,0,8,Progin Park - Field 8,94,9,Scorpions SC,SUSA FC
U17,New England,173265,2021-05-16 18:30,11571,7542,FSA FC ECNL GU17,Connecticut FC ECNL GU17,1,5,FSA-Farmington Sports Arena - Field 7,431,31,FSA FC,Connecticut FC
U17,New England,173325,2021-05-22 11:00,11575,19410,East Meadow SC ECNL GU17,SUSA FC ECNL GU17,2,2,East Meadow Field of Dreams - North Turf,42,9,East Meadow Soccer Club,SUSA FC
U17,New England,173323,2021-05-22 12:30,11573,7542,World Class FC ECNL GU17,Connecticut FC ECNL GU17,2,0,Orangetown Soccer Complex - Field 5,116,31,World Class FC,Connecticut FC
U17,New England,173324,2021-05-22 12:30,11571,7257,FSA FC ECNL GU17,Scorpions Soccer ECNL GU17,0,6,FSA-Farmington Sports Arena - Field 8,431,94,FSA FC,Scorpions SC
U17,New England,173322,2021-05-22 18:00,7119,19893,FC Stars White ECNL GU17,FC Stars Blue ECNL GU17,5,0,FC Stars Soccer Complex - Field 2,52,52,FC Stars,FC Stars
U17,New England,173284,2021-05-23 10:00,1774,19410,PDA White ECNL GU17,SUSA FC ECNL GU17,0,5,Morningside Farm - Field 13,78,9,Players Development Academy,SUSA FC
U17,New England,173326,2021-05-23 12:30,11571,7119,FSA FC ECNL GU17,FC Stars White ECNL GU17,1,3,FSA-Farmington Sports Arena - Field 7,431,52,FSA FC,FC Stars
U17,New England,173274,2021-05-23 15:00,7257,11575,Scorpions Soccer ECNL GU17,East Meadow SC ECNL GU17,1,3,Walpole Soccer Complex - Field 2,94,42,Scorpions SC,East Meadow Soccer Club
U17,New England,173264,2021-05-26 18:00,7542,11571,Connecticut FC ECNL GU17,FSA FC ECNL GU17,6,0,CFC Park - Field 1,31,431,Connecticut FC,FSA FC
U17,New England,173288,2021-05-26 20:00,11575,1774,East Meadow SC ECNL GU17,PDA White ECNL GU17,,,Cantiague Park - West,42,78,East Meadow Soccer Club,Players Development Academy
U17,New England,173271,2021-05-28 17:00,11571,1774,FSA FC ECNL GU17,PDA White ECNL GU17,,,FSA-Farmington Sports Arena - Field 7,431,78,FSA FC,Players Development Academy
U17,New England,173273,2021-05-29 12:00,7119,11573,FC Stars White ECNL GU17,World Class FC ECNL GU17,2,1,Acton Boxboro HS - Field 1,52,116,FC Stars,World Class FC
U17,New England,173261,2021-05-29 13:00,7542,19410,Connecticut FC ECNL GU17,SUSA FC ECNL GU17,2,3,CFC Park - Field 1,31,9,Connecticut FC,SUSA FC
U17,New England,173308,2021-05-30 12:00,11575,11571,East Meadow SC ECNL GU17,FSA FC ECNL GU17,4,1,East Meadow Field of Dreams - North Turf,42,431,East Meadow Soccer Club,FSA FC
U17,New England,173328,2021-05-31 11:30,19410,7542,SUSA FC ECNL GU17,Connecticut FC ECNL GU17,3,0,SUSA - Orlin & Cohen Sports Complex - Field 2,9,31,SUSA FC,Connecticut FC
U17,New England,173276,2021-06-06 11:30,19893,11573,FC Stars Blue ECNL GU17,World Class FC ECNL GU17,,,FC Stars Complex - Field 1,52,116,FC Stars,World Class FC
U17,New England,173277,2021-06-06 11:30,7119,1774,FC Stars White ECNL GU17,PDA White ECNL GU17,,,FC Stars Soccer Complex - Field 2,52,78,FC Stars,Players Development Academy
U17,New England,173294,2021-06-09 20:00,11573,11575,World Class FC ECNL GU17,East Meadow SC ECNL GU17,1,2,Orangetown Soccer Complex - Field 5,116,42,World Class FC,East Meadow Soccer Club
U17,New England,173258,2021-06-12 12:15,19893,11571,FC Stars Blue ECNL GU17,FSA FC ECNL GU17,7,0,FC Stars Complex - Field 3,52,431,FC Stars,FSA FC
U17,New England,173269,2021-06-12 12:45,7257,1774,Scorpions Soccer ECNL GU17,PDA White ECNL GU17,0,1,Medway High School - North Field (Lower Turf),94,78,Scorpions SC,Players Development Academy
U17,New England,173259,2021-06-12 15:00,11575,7542,East Meadow SC ECNL GU17,Connecticut FC ECNL GU17,3,2,East Meadow Field of Dreams - North Turf,42,31,East Meadow Soccer Club,Connecticut FC
U17,New England,173272,2021-06-13 12:30,19893,1774,FC Stars Blue ECNL GU17,PDA White ECNL GU17,2,0,FC Stars Complex - Field 3,52,78,FC Stars,Players Development Academy
U17,New England,173327,2021-06-13 12:30,7542,7257,Connecticut FC ECNL GU17,Scorpions Soccer ECNL GU17,6,0,CFC Park - Field 1,31,94,Connecticut FC,Scorpions SC
U17,New England,173292,2021-06-13 20:00,19410,11575,SUSA FC ECNL GU17,East Meadow SC ECNL GU17,2,2,SUSA - Orlin & Cohen Sports Complex - Field 2,9,42,SUSA FC,East Meadow Soccer Club
U17,North Atlantic,173804,2021-02-06 17:15,7224,11574,FC Delco ECNL GU17,FC Bucks ECNL GU17,0,2,Proving Grounds - 2,598,46,FC DELCO,HEX FC
U17,North Atlantic,173781,2021-02-27 16:30,45831,1367,Pipeline SC ECNL GU17,Bethesda SC ECNL GU17,2,3,Mercy High School - Field 1,7,17,No Club Selection,Bethesda SC
U17,North Atlantic,173784,2021-02-28 13:30,7224,7521,FC Delco ECNL GU17,Maryland United ECNL GU17,0,1,Delaware Sports Turf Complex - Field 4,598,419,FC DELCO,Maryland United Football Club
U17,North Atlantic,173807,2021-03-06 12:30,7104,11574,Penn Fusion ECNL GU17,FC Bucks ECNL GU17,1,1,USTC - Zach Steffen Field,79,46,Penn Fusion Soccer Academy,HEX FC
U17,North Atlantic,173791,2021-03-07 13:30,7224,45831,FC Delco ECNL GU17,Pipeline SC ECNL GU17,0,1,Proving Grounds - 2,598,7,FC DELCO,No Club Selection
U17,North Atlantic,173794,2021-03-13 15:30,7104,7224,Penn Fusion ECNL GU17,FC Delco ECNL GU17,5,1,USTC - Zach Steffen Field,79,598,Penn Fusion Soccer Academy,FC DELCO
U17,North Atlantic,173793,2021-03-13 18:00,19877,2166,PDA Blue ECNL GU17,Match Fit Academy ECNL GU17,7,1,PDA Main Complex - Field 5,2357,64,PDA Blue (North),Match Fit Surf
U17,North Atlantic,173773,2021-03-20 16:00,19877,7104,PDA Blue ECNL GU17,Penn Fusion ECNL GU17,4,0,PDA Main Complex - Field 5,2357,79,PDA Blue (North),Penn Fusion Soccer Academy
U17,North Atlantic,173774,2021-03-20 16:00,2166,7224,Match Fit Academy ECNL GU17,FC Delco ECNL GU17,4,1,Morris Catholic High School - Field 2 Lower,64,598,Match Fit Surf,FC DELCO
U17,North Atlantic,173777,2021-03-21 16:00,19877,7224,PDA Blue ECNL GU17,FC Delco ECNL GU17,5,1,PDA Main Complex - Field 5,2357,598,PDA Blue (North),FC DELCO
U17,North Atlantic,173778,2021-03-21 16:00,2166,7104,Match Fit Academy ECNL GU17,Penn Fusion ECNL GU17,0,0,Morris Catholic High School - Field 2 Lower,64,79,Match Fit Surf,Penn Fusion Soccer Academy
U17,North Atlantic,173798,2021-03-27 10:00,45831,1966,Pipeline SC ECNL GU17,PDA South ECNL GU17,1,1,Mercy High School - Field 1,7,2628,No Club Selection,PDA South
U17,North Atlantic,173790,2021-03-27 16:00,2166,11574,Match Fit Academy ECNL GU17,FC Bucks ECNL GU17,0,1,Morris Catholic High School - Field 2 Lower,64,46,Match Fit Surf,HEX FC
U17,North Atlantic,173800,2021-04-10 09:00,45831,11574,Pipeline SC ECNL GU17,FC Bucks ECNL GU17,0,1,Mercy High School - Field 1,7,46,No Club Selection,HEX FC
U17,North Atlantic,173803,2021-04-17 10:30,7104,1966,Penn Fusion ECNL GU17,PDA South ECNL GU17,3,0,USTC - Zach Steffen Field,79,2628,Penn Fusion Soccer Academy,PDA South
U17,North Atlantic,173819,2021-04-17 15:30,1367,7224,Bethesda SC ECNL GU17,FC Delco ECNL GU17,0,0,Wootton High School - Stadium,17,598,Bethesda SC,FC DELCO
U17,North Atlantic,173801,2021-04-17 16:00,19877,7521,PDA Blue ECNL GU17,Maryland United ECNL GU17,0,1,PDA Main Complex - Field 3,2357,419,PDA Blue (North),Maryland United Football Club
U17,North Atlantic,173802,2021-04-17 17:30,2166,45831,Match Fit Academy ECNL GU17,Pipeline SC ECNL GU17,1,1,Morris Catholic High School - Field 2 Lower,64,7,Match Fit Surf,No Club Selection
U17,North Atlantic,173792,2021-04-18 12:30,7104,1367,Penn Fusion ECNL GU17,Bethesda SC ECNL GU17,3,1,USTC - Zach Steffen Field,79,17,Penn Fusion Soccer Academy,Bethesda SC
U17,North Atlantic,173805,2021-04-18 14:00,19877,45831,PDA Blue ECNL GU17,Pipeline SC ECNL GU17,2,1,PDA Main Complex - Field 5,2357,7,PDA Blue (North),No Club Selection
U17,North Atlantic,173806,2021-04-18 14:30,2166,7521,Match Fit Academy ECNL GU17,Maryland United ECNL GU17,3,2,Morris Catholic High School - Field 2 Lower,64,419,Match Fit Surf,Maryland United Football Club
U17,North Atlantic,173808,2021-04-18 15:00,7224,1966,FC Delco ECNL GU17,PDA South ECNL GU17,1,2,Proving Grounds - 1,598,2628,FC DELCO,PDA South
U17,North Atlantic,173789,2021-04-20 20:00,19877,1966,PDA Blue ECNL GU17,PDA South ECNL GU17,1,2,PDA Main Complex - Field 5,2357,2628,PDA Blue (North),PDA South
U17,North Atlantic,173765,2021-04-24 10:00,45831,2166,Pipeline SC ECNL GU17,Match Fit Academy ECNL GU17,0,2,Mercy High School - Field 1,7,64,No Club Selection,Match Fit Surf
U17,North Atlantic,173766,2021-04-24 12:00,7521,19877,Maryland United ECNL GU17,PDA Blue ECNL GU17,0,2,Indian Creek - Field 1,419,2357,Maryland United Football Club,PDA Blue (North)
U17,North Atlantic,173771,2021-04-24 12:00,1966,7224,PDA South ECNL GU17,FC Delco ECNL GU17,2,1,Westampton Sports Complex - Field 2,2628,598,PDA South,FC DELCO
U17,North Atlantic,173776,2021-04-24 15:45,1367,11574,Bethesda SC ECNL GU17,FC Bucks ECNL GU17,1,2,Walter Johnson High School - Stadium,17,46,Bethesda SC,HEX FC
U17,North Atlantic,173769,2021-04-25 09:00,45831,19877,Pipeline SC ECNL GU17,PDA Blue ECNL GU17,1,2,Mercy High School - Field 1,7,2357,No Club Selection,PDA Blue (North)
U17,North Atlantic,173770,2021-04-25 11:00,7521,2166,Maryland United ECNL GU17,Match Fit Academy ECNL GU17,0,2,Indian Creek - Field 1,419,64,Maryland United Football Club,Match Fit Surf
U17,North Atlantic,173772,2021-04-25 12:30,11574,7104,FC Bucks ECNL GU17,Penn Fusion ECNL GU17,1,0,Council Rock North High School - Turf Field,46,79,HEX FC,Penn Fusion Soccer Academy
U17,North Atlantic,173780,2021-04-25 15:00,1367,1966,Bethesda SC ECNL GU17,PDA South ECNL GU17,2,3,Walter Johnson High School - Stadium,17,2628,Bethesda SC,PDA South
U17,North Atlantic,173809,2021-05-01 12:30,7104,19877,Penn Fusion ECNL GU17,PDA Blue ECNL GU17,0,0,USTC - Zach Steffen Field,79,2357,Penn Fusion Soccer Academy,PDA Blue (North)
U17,North Atlantic,173810,2021-05-01 13:30,7224,2166,FC Delco ECNL GU17,Match Fit Academy ECNL GU17,1,3,Proving Grounds - 3,598,64,FC DELCO,Match Fit Surf
U17,North Atlantic,173812,2021-05-01 15:00,1966,7521,PDA South ECNL GU17,Maryland United ECNL GU17,1,1,Westampton Sports Complex - Field 2,2628,419,PDA South,Maryland United Football Club
U17,North Atlantic,173811,2021-05-01 18:00,11574,1367,FC Bucks ECNL GU17,Bethesda SC ECNL GU17,0,0,Bryn Athyn College - Turf,46,17,HEX FC,Bethesda SC
U17,North Atlantic,173815,2021-05-02 12:00,11574,7521,FC Bucks ECNL GU17,Maryland United ECNL GU17,0,1,Bryn Athyn College - Turf,46,419,HEX FC,Maryland United Football Club
U17,North Atlantic,173813,2021-05-02 12:30,7104,2166,Penn Fusion ECNL GU17,Match Fit Academy ECNL GU17,2,3,USTC - Zach Steffen Field,79,64,Penn Fusion Soccer Academy,Match Fit Surf
U17,North Atlantic,173814,2021-05-02 13:30,7224,19877,FC Delco ECNL GU17,PDA Blue ECNL GU17,1,3,Proving Grounds - 2,598,2357,FC DELCO,PDA Blue (North)
U17,North Atlantic,173816,2021-05-02 15:00,1966,1367,PDA South ECNL GU17,Bethesda SC ECNL GU17,2,2,Westampton Sports Complex - Field 2,2628,17,PDA South,Bethesda SC
U17,North Atlantic,173818,2021-05-08 14:00,1966,2166,PDA South ECNL GU17,Match Fit Academy ECNL GU17,1,4,Westampton Sports Complex - Field 2,2628,64,PDA South,Match Fit Surf
U17,North Atlantic,173787,2021-05-08 16:00,7224,1367,FC Delco ECNL GU17,Bethesda SC ECNL GU17,1,2,Proving Grounds - 2,598,17,FC DELCO,Bethesda SC
U17,North Atlantic,173820,2021-05-08 22:00,45831,7104,Pipeline SC ECNL GU17,Penn Fusion ECNL GU17,0,0,Mercy High School - Field 1,7,79,No Club Selection,Penn Fusion Soccer Academy
U17,North Atlantic,173824,2021-05-09 10:00,45831,7224,Pipeline SC ECNL GU17,FC Delco ECNL GU17,1,0,Mercy High School - Field 1,7,598,No Club Selection,FC DELCO
U17,North Atlantic,173821,2021-05-09 12:30,11574,2166,FC Bucks ECNL GU17,Match Fit Academy ECNL GU17,0,3,Bryn Athyn College - Turf,46,64,HEX FC,Match Fit Surf
U17,North Atlantic,173823,2021-05-09 14:30,1367,7104,Bethesda SC ECNL GU17,Penn Fusion ECNL GU17,3,2,Walter Johnson High School - Stadium,17,79,Bethesda SC,Penn Fusion Soccer Academy
U17,North Atlantic,173795,2021-05-13 20:00,1966,11574,PDA South ECNL GU17,FC Bucks ECNL GU17,1,2,Westampton Sports Complex - Field 2,2628,46,PDA South,HEX FC
U17,North Atlantic,173827,2021-05-15 09:00,11574,1966,FC Bucks ECNL GU17,PDA South ECNL GU17,0,0,Council Rock North High School - Turf Field,46,2628,HEX FC,PDA South
U17,North Atlantic,173828,2021-05-15 11:00,7521,45831,Maryland United ECNL GU17,Pipeline SC ECNL GU17,2,1,Indian Creek - Field 1,419,7,Maryland United Football Club,No Club Selection
U17,North Atlantic,173826,2021-05-15 15:00,7224,7104,FC Delco ECNL GU17,Penn Fusion ECNL GU17,0,2,Proving Grounds - 1,598,79,FC DELCO,Penn Fusion Soccer Academy
U17,North Atlantic,173788,2021-05-16 11:00,7104,45831,Penn Fusion ECNL GU17,Pipeline SC ECNL GU17,1,2,USTC - Zach Steffen Field,79,7,Penn Fusion Soccer Academy,No Club Selection
U17,North Atlantic,173785,2021-05-16 14:00,19877,11574,PDA Blue ECNL GU17,FC Bucks ECNL GU17,3,0,PDA Main Complex - Field 5,2357,46,PDA Blue (North),HEX FC
U17,North Atlantic,173799,2021-05-16 14:30,1367,2166,Bethesda SC ECNL GU17,Match Fit Academy ECNL GU17,1,1,Walter Johnson High School - Stadium,17,64,Bethesda SC,Match Fit Surf
U17,North Atlantic,173767,2021-05-20 19:00,1966,7104,PDA South ECNL GU17,Penn Fusion ECNL GU17,1,3,Westampton Sports Complex - Field 2,2628,79,PDA South,Penn Fusion Soccer Academy
U17,North Atlantic,173831,2021-05-22 11:00,1966,45831,PDA South ECNL GU17,Pipeline SC ECNL GU17,3,1,Westampton Sports Complex - Field 2,2628,7,PDA South,No Club Selection
U17,North Atlantic,173796,2021-05-22 14:00,1367,19877,Bethesda SC ECNL GU17,PDA Blue ECNL GU17,2,4,Walter Johnson High School - Stadium,17,2357,Bethesda SC,PDA Blue (North)
U17,North Atlantic,173830,2021-05-22 16:00,7521,7104,Maryland United ECNL GU17,Penn Fusion ECNL GU17,3,4,Indian Creek - Field 1,419,79,Maryland United Football Club,Penn Fusion Soccer Academy
U17,North Atlantic,173833,2021-05-23 12:30,11574,45831,FC Bucks ECNL GU17,Pipeline SC ECNL GU17,1,4,Bryn Athyn College - Turf,46,7,HEX FC,No Club Selection
U17,North Atlantic,173832,2021-05-23 15:30,2166,1367,Match Fit Academy ECNL GU17,Bethesda SC ECNL GU17,4,0,Morris Catholic High School - Field 2 Lower,64,17,Match Fit Surf,Bethesda SC
U17,North Atlantic,173797,2021-05-23 18:15,7104,7521,Penn Fusion ECNL GU17,Maryland United ECNL GU17,1,0,Penn Fusion Kildare's Turf - Stadium,79,419,Penn Fusion Soccer Academy,Maryland United Football Club
U17,North Atlantic,173782,2021-05-26 18:15,7521,1367,Maryland United ECNL GU17,Bethesda SC ECNL GU17,1,0,Maryland Soccerplex - Field,419,17,Maryland United Football Club,Bethesda SC
U17,North Atlantic,173768,2021-05-29 10:00,11574,7224,FC Bucks ECNL GU17,FC Delco ECNL GU17,1,0,Council Rock North High School - Turf Field,46,598,HEX FC,FC DELCO
U17,North Atlantic,173764,2021-05-29 12:15,1367,7521,Bethesda SC ECNL GU17,Maryland United ECNL GU17,1,0,Walter Johnson High School - Stadium,17,419,Bethesda SC,Maryland United Football Club
U17,North Atlantic,173786,2021-05-29 12:30,2166,1966,Match Fit Academy ECNL GU17,PDA South ECNL GU17,,,Morris Catholic High School - Field 1 Upper,64,2628,Match Fit Surf,PDA South
U17,North Atlantic,173825,2021-05-30 14:30,2166,19877,Match Fit Academy ECNL GU17,PDA Blue ECNL GU17,1,2,Drew University - Field,64,2357,Match Fit Surf,PDA Blue (North)
U17,North Atlantic,173834,2021-05-30 15:45,7521,7224,Maryland United ECNL GU17,FC Delco ECNL GU17,4,0,Bowie High School - Field 1,419,598,Maryland United Football Club,FC DELCO
U17,North Atlantic,173829,2021-06-05 16:00,19877,1367,PDA Blue ECNL GU17,Bethesda SC ECNL GU17,,,PDA Main Complex - Field 3,2357,17,PDA Blue (North),Bethesda SC
U17,North Atlantic,173783,2021-06-08 19:00,45831,7521,Pipeline SC ECNL GU17,Maryland United ECNL GU17,0,1,Mercy High School - Field 1,7,419,No Club Selection,Maryland United Football Club
U17,North Atlantic,173822,2021-06-10 20:00,1966,19877,PDA South ECNL GU17,PDA Blue ECNL GU17,0,4,Westampton Sports Complex - Field 2,2628,2357,PDA South,PDA Blue (North)
U17,North Atlantic,173763,2021-06-12 10:45,1367,45831,Bethesda SC ECNL GU17,Pipeline SC ECNL GU17,2,4,Walter Johnson High School - Stadium,17,7,Bethesda SC,No Club Selection
U17,North Atlantic,173775,2021-06-12 16:00,7521,1966,Maryland United ECNL GU17,PDA South ECNL GU17,3,1,Indian Creek - Field 1,419,2628,Maryland United Football Club,PDA South
U17,North Atlantic,173779,2021-06-13 12:30,7521,11574,Maryland United ECNL GU17,FC Bucks ECNL GU17,0,0,Indian Creek - Field 1,419,46,Maryland United Football Club,HEX FC
U17,North Atlantic,173817,2021-06-14 12:00,11574,19877,FC Bucks ECNL GU17,PDA Blue ECNL GU17,,,Council Rock North High School - Turf Field,46,2357,HEX FC,PDA Blue (North)
U17,Northern Cal,207710,2021-04-17 14:00,35165,11583,Marin FC ECNL GU17,Santa Rosa United ECNL GU17,3,1,Trione Fields - Trioine East,1585,91,Marin FC,Santa Rosa United Soccer
U17,Northern Cal,207707,2021-04-17 17:00,11586,45845,MVLA ECNL GU17,DeAnza Force ECNL GU17,4,2,Crittenden - Field 1,294,2510,MVLA,Force
U17,Northern Cal,207757,2021-04-17 17:30,11585,10626,Mustang SC ECNL GU17,Pleasanton Rage ECNL GU17,3,0,Provident Field @ MSC - Upper,69,80,Mustang Soccer,Pleasanton Rage
U17,Northern Cal,207748,2021-04-24 11:00,10626,45845,Pleasanton Rage ECNL GU17,DeAnza Force ECNL GU17,2,2,Val Vista - Field 3,80,2510,Pleasanton Rage,Force
U17,Northern Cal,207708,2021-04-24 12:00,10853,7758,Davis Legacy ECNL GU17,San Juan SC ECNL GU17,1,2,Davis Legacy Soccer Complex - Field 9,1425,88,Davis Legacy Soccer Club,San Juan Soccer Club
U17,Northern Cal,207723,2021-05-01 11:00,7758,11586,San Juan SC ECNL GU17,MVLA ECNL GU17,2,0,San Juan Soccer Complex - Tiemann Law Firm White Field,88,294,San Juan Soccer Club,MVLA
U17,Northern Cal,207725,2021-05-01 14:00,11583,10626,Santa Rosa United ECNL GU17,Pleasanton Rage ECNL GU17,5,0,Trione Fields - Trione West,91,80,Santa Rosa United Soccer,Pleasanton Rage
U17,Northern Cal,207729,2021-05-01 15:30,35165,11585,Marin FC ECNL GU17,Mustang SC ECNL GU17,0,2,Red Hill Community Park - Field 1,1585,69,Marin FC,Mustang Soccer
U17,Northern Cal,207760,2021-05-01 18:00,45845,10853,DeAnza Force ECNL GU17,Davis Legacy ECNL GU17,2,1,Morgan Hill Outdoor Sports Center - Field 1 (Football),2510,1425,Force,Davis Legacy Soccer Club
U17,Northern Cal,207715,2021-05-08 16:00,11583,11585,Santa Rosa United ECNL GU17,Mustang SC ECNL GU17,2,2,Trione Fields - Trione West,91,69,Santa Rosa United Soccer,Mustang Soccer
U17,Northern Cal,207713,2021-05-08 17:00,45845,7758,DeAnza Force ECNL GU17,San Juan SC ECNL GU17,1,1,Morgan Hill Outdoor Sports Center - Field 2 (Soccer),2510,88,Force,San Juan Soccer Club
U17,Northern Cal,207717,2021-05-08 17:00,10626,35165,Pleasanton Rage ECNL GU17,Marin FC ECNL GU17,0,1,Val Vista - Field 3,80,1585,Pleasanton Rage,Marin FC
U17,Northern Cal,207735,2021-05-08 17:00,11586,10853,MVLA ECNL GU17,Davis Legacy ECNL GU17,4,0,Crittenden - Field 1,294,1425,MVLA,Davis Legacy Soccer Club
U17,Northern Cal,207711,2021-05-15 11:00,11585,45845,Mustang SC ECNL GU17,DeAnza Force ECNL GU17,0,3,Provident Field @ MSC - Upper,69,2510,Mustang Soccer,Force
U17,Northern Cal,207730,2021-05-15 11:00,11586,11583,MVLA ECNL GU17,Santa Rosa United ECNL GU17,4,2,Crittenden - Field 1,294,91,MVLA,Santa Rosa United Soccer
U17,Northern Cal,207761,2021-05-15 11:00,7758,10626,San Juan SC ECNL GU17,Pleasanton Rage ECNL GU17,4,1,San Juan Soccer Complex - Tiemann Law Firm White Field,88,80,San Juan Soccer Club,Pleasanton Rage
U17,Northern Cal,207712,2021-05-15 16:15,35165,10853,Marin FC ECNL GU17,Davis Legacy ECNL GU17,1,1,College of Marin - Stadium,1585,1425,Marin FC,Davis Legacy Soccer Club
U17,Northern Cal,207718,2021-05-22 11:00,7758,11583,San Juan SC ECNL GU17,Santa Rosa United ECNL GU17,4,0,San Juan Soccer Complex - Tiemann Law Firm White Field,88,91,San Juan Soccer Club,Santa Rosa United Soccer
U17,Northern Cal,207739,2021-05-22 11:00,10626,11586,Pleasanton Rage ECNL GU17,MVLA ECNL GU17,0,3,Val Vista - Field 3,80,294,Pleasanton Rage,MVLA
U17,Northern Cal,207726,2021-05-22 12:00,45845,35165,DeAnza Force ECNL GU17,Marin FC ECNL GU17,1,1,Morgan Hill Outdoor Sports Center - Field 1 (Football),2510,1585,Force,Marin FC
U17,Northern Cal,207753,2021-05-22 12:00,10853,11585,Davis Legacy ECNL GU17,Mustang SC ECNL GU17,2,3,Davis Legacy Soccer Complex - Field 10,1425,69,Davis Legacy Soccer Club,Mustang Soccer
U17,Northern Cal,207731,2021-05-23 12:00,11583,10853,Santa Rosa United ECNL GU17,Davis Legacy ECNL GU17,5,0,Davis Legacy Soccer Complex - Field 9,91,1425,Santa Rosa United Soccer,Davis Legacy Soccer Club
U17,Northern Cal,207744,2021-05-23 13:00,11585,7758,Mustang SC ECNL GU17,San Juan SC ECNL GU17,1,2,Provident Field @ MSC - Upper,69,88,Mustang Soccer,San Juan Soccer Club
U17,Northern Cal,207746,2021-05-23 15:00,11586,35165,MVLA ECNL GU17,Marin FC ECNL GU17,2,0,Crittenden - Field 1,294,1585,MVLA,Marin FC
U17,Northern Cal,207734,2021-06-04 19:00,7758,35165,San Juan SC ECNL GU17,Marin FC ECNL GU17,2,0,Silverlakes Complex - Field 1,88,1585,San Juan Soccer Club,Marin FC
U17,Northern Cal,207720,2021-06-05 14:00,11583,45845,Santa Rosa United ECNL GU17,DeAnza Force ECNL GU17,3,2,Trione Fields - Trione East,91,2510,Santa Rosa United Soccer,Force
U17,Northern Cal,207747,2021-06-11 19:00,11585,11586,Mustang SC ECNL GU17,MVLA ECNL GU17,1,2,Provident Field @ MSC - Lower,69,294,Mustang Soccer,MVLA
U17,Northern Cal,207721,2021-06-12 11:00,10853,10626,Davis Legacy ECNL GU17,Pleasanton Rage ECNL GU17,2,1,Davis Legacy Soccer Complex - Field 10,1425,80,Davis Legacy Soccer Club,Pleasanton Rage
U17,Northwest,208200,2020-11-07 14:00,10434,45863,Crossfire United ECNL GU17,Portland Thorns Academy ECNL GU17,4,1,Mountain View Champions Park - Field 2,737,3406,Oregon Surf SC,Portland Thorns FC
U17,Northwest,208237,2020-11-14 11:30,45863,11578,Portland Thorns Academy ECNL GU17,FC Portland ECNL GU17,3,0,Mt View Champions Park - Field 3,3406,603,Portland Thorns FC,FC Portland Academy
U17,Northwest,208190,2020-11-21 11:30,11578,45863,FC Portland ECNL GU17,Portland Thorns Academy ECNL GU17,1,4,Mountain View Champions Park - Field 3,603,3406,FC Portland Academy,Portland Thorns FC
U17,Northwest,208238,2020-12-05 14:00,10434,11578,Crossfire United ECNL GU17,FC Portland ECNL GU17,8,0,Mountain View Champions Park - Field 2,737,603,Oregon Surf SC,FC Portland Academy
U17,Northwest,208206,2020-12-06 09:30,11578,10434,FC Portland ECNL GU17,Crossfire United ECNL GU17,0,5,Liberty High School - Stadium Field,603,737,FC Portland Academy,Oregon Surf SC
U17,Northwest,208233,2020-12-13 09:00,45863,10434,Portland Thorns Academy ECNL GU17,Crossfire United ECNL GU17,0,3,Mt View Champions Park - Field 3,3406,737,Portland Thorns FC,Oregon Surf SC
U17,Northwest,208211,2021-02-06 11:00,11577,35154,Washington Premier ECNL GU17,Eastside FC ECNL GU17,1,2,WPFC Field Complex - Field 4,112,398,Washington Premier FC,Eastside FC (WA)
U17,Northwest,208247,2021-02-06 15:00,19374,18546,Pacific Northwest SC ECNL GU17,Seattle United ECNL GU17,6,0,Starfire Sports - Field 2,2331,1643,PacNW,Seattle United
U17,Northwest,208198,2021-02-20 13:00,18546,11576,Seattle United ECNL GU17,Crossfire Premier ECNL GU17,1,4,Shoreline A/B fields - Field A,1643,3476,Seattle United,Crossfire Premier
U17,Northwest,208207,2021-02-21 09:00,19374,35154,Pacific Northwest SC ECNL GU17,Eastside FC ECNL GU17,3,3,Starfire Sports - Field 3,2331,398,PacNW,Eastside FC (WA)
U17,Northwest,208226,2021-02-28 11:00,11576,19374,Crossfire Premier ECNL GU17,Pacific Northwest SC ECNL GU17,1,3,Marymoor Park - #3 (Turf),3476,2331,Crossfire Premier,PacNW
U17,Northwest,208231,2021-02-28 11:00,35154,18546,Eastside FC ECNL GU17,Seattle United ECNL GU17,5,0,PRESTON PARK ATHLETIC FIELDS - Field 2,398,1643,Eastside FC (WA),Seattle United
U17,Northwest,208205,2021-03-06 11:00,35154,11577,Eastside FC ECNL GU17,Washington Premier ECNL GU17,2,1,PRESTON PARK ATHLETIC FIELDS - Field 2,398,112,Eastside FC (WA),Washington Premier FC
U17,Northwest,208235,2021-03-07 13:00,18546,19374,Seattle United ECNL GU17,Pacific Northwest SC ECNL GU17,0,3,Shoreline A/B fields - Field A,1643,2331,Seattle United,PacNW
U17,Northwest,208187,2021-03-13 13:00,11577,18546,Washington Premier ECNL GU17,Seattle United ECNL GU17,5,2,WPFC Field Complex - Field 3,112,1643,Washington Premier FC,Seattle United
U17,Northwest,208230,2021-03-14 11:00,19374,11576,Pacific Northwest SC ECNL GU17,Crossfire Premier ECNL GU17,2,4,Starfire Sports - Field 1,2331,3476,PacNW,Crossfire Premier
U17,Northwest,208199,2021-03-21 09:00,35154,19374,Eastside FC ECNL GU17,Pacific Northwest SC ECNL GU17,3,2,PRESTON PARK ATHLETIC FIELDS - Field 1,398,2331,Eastside FC (WA),PacNW
U17,Northwest,208244,2021-03-21 17:00,11576,18546,Crossfire Premier ECNL GU17,Seattle United ECNL GU17,2,0,Marymoor Park - #2 (Turf),3476,1643,Crossfire Premier,Seattle United
U17,Northwest,208225,2021-03-27 14:30,18546,11577,Seattle United ECNL GU17,Washington Premier ECNL GU17,1,0,Ingraham High School - South,1643,112,Seattle United,Washington Premier FC
U17,Northwest,208246,2021-04-18 13:00,11577,11576,Washington Premier ECNL GU17,Crossfire Premier ECNL GU17,0,2,WPFC Field Complex - Field 3,112,3476,Washington Premier FC,Crossfire Premier
U17,Northwest,208248,2021-04-18 13:00,18546,35154,Seattle United ECNL GU17,Eastside FC ECNL GU17,1,2,Jane Addams - East/West,1643,398,Seattle United,Eastside FC (WA)
U17,Northwest,208209,2021-04-24 13:00,11576,45863,Crossfire Premier ECNL GU17,Portland Thorns Academy ECNL GU17,6,0,Marymoor Park - #2 (Turf),3476,3406,Crossfire Premier,Portland Thorns FC
U17,Northwest,208210,2021-04-24 16:00,18546,11579,Seattle United ECNL GU17,Boise Thorns FC ECNL GU17,1,2,Ingraham High School - South,1643,51,Seattle United,Boise Timbers | Thorns
U17,Northwest,208212,2021-04-25 12:45,18546,45863,Seattle United ECNL GU17,Portland Thorns Academy ECNL GU17,3,3,Jane Addams - North/South,1643,3406,Seattle United,Portland Thorns FC
U17,Northwest,208213,2021-04-25 13:00,11576,11579,Crossfire Premier ECNL GU17,Boise Thorns FC ECNL GU17,4,1,Marymoor Park - #2 (Turf),3476,51,Crossfire Premier,Boise Timbers | Thorns
U17,Northwest,208218,2021-04-25 13:00,11577,19374,Washington Premier ECNL GU17,Pacific Northwest SC ECNL GU17,0,3,WPFC Field Complex - Field 4,112,2331,Washington Premier FC,PacNW
U17,Northwest,208258,2021-05-01 14:00,11578,11579,FC Portland ECNL GU17,Boise Thorns FC ECNL GU17,0,3,Liberty High School - Stadium Field,603,51,FC Portland Academy,Boise Timbers | Thorns
U17,Northwest,233515,2021-05-01 14:30,10434,45863,Crossfire United ECNL GU17,Portland Thorns Academy ECNL GU17,8,1,Mountain View Champions Park - Field 2,737,3406,Oregon Surf SC,Portland Thorns FC
U17,Northwest,208256,2021-05-02 09:00,10434,11579,Crossfire United ECNL GU17,Boise Thorns FC ECNL GU17,3,0,Sherwood High School - Upper,737,51,Oregon Surf SC,Boise Timbers | Thorns
U17,Northwest,233522,2021-05-02 11:30,45863,11578,Portland Thorns Academy ECNL GU17,FC Portland ECNL GU17,3,0,Mt View Champions Park - Field 3,3406,603,Portland Thorns FC,FC Portland Academy
U17,Northwest,208234,2021-05-02 17:00,35154,11576,Eastside FC ECNL GU17,Crossfire Premier ECNL GU17,3,1,PRESTON PARK ATHLETIC FIELDS - Field 2,398,3476,Eastside FC (WA),Crossfire Premier
U17,Northwest,208220,2021-05-08 15:00,11576,10434,Crossfire Premier ECNL GU17,Crossfire United ECNL GU17,5,1,Marymoor Park - #1 (Turf),3476,737,Crossfire Premier,Oregon Surf SC
U17,Northwest,208195,2021-05-08 16:00,35154,45863,Eastside FC ECNL GU17,Portland Thorns Academy ECNL GU17,2,0,PRESTON PARK ATHLETIC FIELDS - Field 1,398,3406,Eastside FC (WA),Portland Thorns FC
U17,Northwest,208221,2021-05-08 16:30,18546,11578,Seattle United ECNL GU17,FC Portland ECNL GU17,4,0,Shoreline A/B fields - Field A,1643,603,Seattle United,FC Portland Academy
U17,Northwest,232705,2021-05-08 17:00,19374,11577,Pacific Northwest SC ECNL GU17,Washington Premier ECNL GU17,4,0,Starfire Sports - Field 3,2331,112,PacNW,Washington Premier FC
U17,Northwest,208223,2021-05-09 13:00,11576,11578,Crossfire Premier ECNL GU17,FC Portland ECNL GU17,11,1,Marymoor Park - #1 (Turf),3476,603,Crossfire Premier,FC Portland Academy
U17,Northwest,208222,2021-05-09 13:30,18546,10434,Seattle United ECNL GU17,Crossfire United ECNL GU17,2,5,Nathan Hale High School - Stadium,1643,737,Seattle United,Oregon Surf SC
U17,Northwest,208188,2021-05-09 15:00,11579,35154,Boise Thorns FC ECNL GU17,Eastside FC ECNL GU17,2,2,Boise Timbers|Thorns - Soccer Complex - Field 3,51,398,Boise Timbers | Thorns,Eastside FC (WA)
U17,Northwest,208250,2021-05-15 09:00,10434,19374,Crossfire United ECNL GU17,Pacific Northwest SC ECNL GU17,4,2,PCC Rock Creek - Field 2,737,2331,Oregon Surf SC,PacNW
U17,Northwest,208251,2021-05-15 09:00,11579,45863,Boise Thorns FC ECNL GU17,Portland Thorns Academy ECNL GU17,2,2,Boise Timbers|Thorns - Soccer Complex - Field 3,51,3406,Boise Timbers | Thorns,Portland Thorns FC
U17,Northwest,208249,2021-05-15 14:00,11578,11577,FC Portland ECNL GU17,Washington Premier ECNL GU17,2,3,Liberty High School - Clive Charles Field,603,112,FC Portland Academy,Washington Premier FC
U17,Northwest,208253,2021-05-16 09:00,11578,19374,FC Portland ECNL GU17,Pacific Northwest SC ECNL GU17,0,5,Liberty High School - Clive Charles Field,603,2331,FC Portland Academy,PacNW
U17,Northwest,208252,2021-05-16 12:00,10434,11577,Crossfire United ECNL GU17,Washington Premier ECNL GU17,1,1,PCC Rock Creek - Field 1,737,112,Oregon Surf SC,Washington Premier FC
U17,Northwest,208257,2021-05-22 09:30,10434,35154,Crossfire United ECNL GU17,Eastside FC ECNL GU17,1,1,PCC Rock Creek - Field 1,737,398,Oregon Surf SC,Eastside FC (WA)
U17,Northwest,208224,2021-05-22 15:15,11576,11577,Crossfire Premier ECNL GU17,Washington Premier ECNL GU17,3,1,Grass Lawn Park - Field 1,3476,112,Crossfire Premier,Washington Premier FC
U17,Northwest,208255,2021-05-23 14:00,11578,35154,FC Portland ECNL GU17,Eastside FC ECNL GU17,0,8,Liberty High School - Stadium Field,603,398,FC Portland Academy,Eastside FC (WA)
U17,Northwest,233528,2021-05-26 18:00,11578,10434,FC Portland ECNL GU17,Crossfire United ECNL GU17,0,6,Liberty High School - Clive Charles Field,603,737,FC Portland Academy,Oregon Surf SC
U17,Northwest,208228,2021-05-27 17:00,11576,35154,Crossfire Premier ECNL GU17,Eastside FC ECNL GU17,2,4,Marymoor Park - #4 (Turf),3476,398,Crossfire Premier,Eastside FC (WA)
U17,Northwest,208239,2021-06-12 13:00,11579,11577,Boise Thorns FC ECNL GU17,Washington Premier ECNL GU17,0,4,Buckman Sports Complex (Football) - Field 1,51,112,Boise Timbers | Thorns,Washington Premier FC
U17,Northwest,208240,2021-06-12 13:00,45863,19374,Portland Thorns Academy ECNL GU17,Pacific Northwest SC ECNL GU17,1,3,Buckman Field Park - Field 1 Soccer,3406,2331,Portland Thorns FC,PacNW
U17,Northwest,208241,2021-06-13 11:00,45863,11577,Portland Thorns Academy ECNL GU17,Washington Premier ECNL GU17,2,0,Buckman Field Park - Field 1 Soccer,3406,112,Portland Thorns FC,Washington Premier FC
U17,Northwest,208242,2021-06-13 11:00,11579,19374,Boise Thorns FC ECNL GU17,Pacific Northwest SC ECNL GU17,0,5,Buckman Sports Complex (Football) - Field 1,51,2331,Boise Timbers | Thorns,PacNW
U17,Ohio Valley,172790,2020-11-21 10:00,45897,11603,Racing Louisville Academy ECNL GU17,FC Alliance ECNL GU17,2,5,Lynn Family Sports Vision & Training Facility - Field 2,3408,1693,Racing Louisville Academy,FC Alliance TN
U17,Ohio Valley,172789,2020-11-21 12:30,11602,10849,Ohio Elite Soccer Academy ECNL GU17,Tennessee Soccer Club ECNL GU17,0,1,Seven Hills School - Lower Field,75,1354,Ohio Elite Soccer Academy,Tennessee SC
U17,Ohio Valley,172791,2020-11-21 13:30,11601,7624,Ohio Premier ECNL GU17,Internationals SC ECNL GU17,2,2,OP Training Facility - Field 1,437,58,Ohio Premier,Internationals SC
U17,Ohio Valley,172794,2020-11-22 12:30,11602,11603,Ohio Elite Soccer Academy ECNL GU17,FC Alliance ECNL GU17,5,0,Seven Hills School - Lower Field,75,1693,Ohio Elite Soccer Academy,FC Alliance TN
U17,Ohio Valley,172795,2020-11-22 12:30,45897,10849,Racing Louisville Academy ECNL GU17,Tennessee Soccer Club ECNL GU17,0,5,Lynn Family Sports Vision & Training Facility - Field 1,3408,1354,Racing Louisville Academy,Tennessee SC
U17,Ohio Valley,172801,2020-12-12 14:00,10871,7496,FC Pride Elite ECNL GU17,Indiana Fire ECNL GU17,3,1,Pride Performance Center (Turf) - Field 1,7,436,No Club Selection,Indy Eleven Academy
U17,Ohio Valley,172805,2020-12-12 14:00,11603,10849,FC Alliance ECNL GU17,Tennessee Soccer Club ECNL GU17,1,2,Mayor Bob Leonard Park - Field 1,1693,1354,FC Alliance TN,Tennessee SC
U17,Ohio Valley,172800,2020-12-12 15:00,45897,11602,Racing Louisville Academy ECNL GU17,Ohio Elite Soccer Academy ECNL GU17,0,4,Lynn Family Sports Vision & Training Facility - Field 1,3408,75,Racing Louisville Academy,Ohio Elite Soccer Academy
U17,Ohio Valley,172807,2020-12-19 14:00,10871,11602,FC Pride Elite ECNL GU17,Ohio Elite Soccer Academy ECNL GU17,2,2,Pride Performance Center (Turf) - Field 1,7,75,No Club Selection,Ohio Elite Soccer Academy
U17,Ohio Valley,172806,2020-12-19 14:30,7496,45897,Indiana Fire ECNL GU17,Racing Louisville Academy ECNL GU17,3,0,Grand Park - Field 3,436,3408,Indy Eleven Academy,Racing Louisville Academy
U17,Ohio Valley,172810,2020-12-20 13:30,7496,11602,Indiana Fire ECNL GU17,Ohio Elite Soccer Academy ECNL GU17,1,1,Grand Park - Field 3,436,75,Indy Eleven Academy,Ohio Elite Soccer Academy
U17,Ohio Valley,172811,2020-12-20 14:00,10871,45897,FC Pride Elite ECNL GU17,Racing Louisville Academy ECNL GU17,7,2,Pride Performance Center (Turf) - Field 1,7,3408,No Club Selection,Racing Louisville Academy
U17,Ohio Valley,172815,2021-02-27 12:30,11603,10871,FC Alliance ECNL GU17,FC Pride Elite ECNL GU17,1,1,Hardin Valley Academy Stadium - Field 1,1693,7,FC Alliance TN,No Club Selection
U17,Ohio Valley,172814,2021-02-27 14:30,10849,7496,Tennessee Soccer Club ECNL GU17,Indiana Fire ECNL GU17,3,0,Richard Siegel Soccer Complex - Field 1,1354,436,Tennessee SC,Indy Eleven Academy
U17,Ohio Valley,172816,2021-02-28 10:15,10849,10871,Tennessee Soccer Club ECNL GU17,FC Pride Elite ECNL GU17,2,4,Richard Siegel Soccer Complex - Field 2,1354,7,Tennessee SC,No Club Selection
U17,Ohio Valley,172817,2021-02-28 11:00,11603,7496,FC Alliance ECNL GU17,Indiana Fire ECNL GU17,1,2,Hardin Valley Academy Stadium - Field 1,1693,436,FC Alliance TN,Indy Eleven Academy
U17,Ohio Valley,172819,2021-03-06 11:00,11603,10889,FC Alliance ECNL GU17,Pittsburgh Riverhounds ECNL GU17,1,0,Mayor Bob Leonard Park - Field 1,1693,538,FC Alliance TN,Pittsburgh Riverhounds
U17,Ohio Valley,172821,2021-03-06 12:30,11602,7496,Ohio Elite Soccer Academy ECNL GU17,Indiana Fire ECNL GU17,2,1,Seven Hills School - Lower Field,75,436,Ohio Elite Soccer Academy,Indy Eleven Academy
U17,Ohio Valley,172822,2021-03-06 13:30,7624,11601,Internationals SC ECNL GU17,Ohio Premier ECNL GU17,0,1,Pinnacle Sports - Field 1,58,437,Internationals SC,Ohio Premier
U17,Ohio Valley,172820,2021-03-06 15:00,45897,10871,Racing Louisville Academy ECNL GU17,FC Pride Elite ECNL GU17,1,6,Lynn Family Sports Vision & Training Facility - Field 1,3408,7,Racing Louisville Academy,No Club Selection
U17,Ohio Valley,172818,2021-03-06 16:30,10849,7612,Tennessee Soccer Club ECNL GU17,WNY Flash Academy ECNL GU17,0,0,Richard Siegel Soccer Complex - Field 1,1354,343,Tennessee SC,WNY Flash Academy
U17,Ohio Valley,172824,2021-03-07 11:00,11603,7612,FC Alliance ECNL GU17,WNY Flash Academy ECNL GU17,1,3,Mayor Bob Leonard Park - Field 1,1693,343,FC Alliance TN,WNY Flash Academy
U17,Ohio Valley,172823,2021-03-07 12:30,10849,10889,Tennessee Soccer Club ECNL GU17,Pittsburgh Riverhounds ECNL GU17,0,1,Williamson County Sports Complex - Field 23,1354,538,Tennessee SC,Pittsburgh Riverhounds
U17,Ohio Valley,172826,2021-03-07 12:30,11602,10871,Ohio Elite Soccer Academy ECNL GU17,FC Pride Elite ECNL GU17,0,2,Seven Hills School - Seven Hills Lower #1,75,7,Ohio Elite Soccer Academy,No Club Selection
U17,Ohio Valley,172825,2021-03-07 15:00,45897,7496,Racing Louisville Academy ECNL GU17,Indiana Fire ECNL GU17,2,5,Lynn Family Sports Vision & Training Facility - Field 1,3408,436,Racing Louisville Academy,Indy Eleven Academy
U17,Ohio Valley,172831,2021-03-13 13:30,7496,10889,Indiana Fire ECNL GU17,Pittsburgh Riverhounds ECNL GU17,1,2,Grand Park - Field 7,436,538,Indy Eleven Academy,Pittsburgh Riverhounds
U17,Ohio Valley,172833,2021-03-13 13:30,11602,45897,Ohio Elite Soccer Academy ECNL GU17,Racing Louisville Academy ECNL GU17,2,1,Seven Hills School - Lower Field,75,3408,Ohio Elite Soccer Academy,Racing Louisville Academy
U17,Ohio Valley,172832,2021-03-13 15:00,10871,7612,FC Pride Elite ECNL GU17,WNY Flash Academy ECNL GU17,3,1,Pride Performance Center (Turf) - Field 1,7,343,No Club Selection,WNY Flash Academy
U17,Ohio Valley,172835,2021-03-14 10:45,10871,10889,FC Pride Elite ECNL GU17,Pittsburgh Riverhounds ECNL GU17,2,1,Pride Performance Center (Turf) - Field 1,7,538,No Club Selection,Pittsburgh Riverhounds
U17,Ohio Valley,172834,2021-03-14 13:30,7496,7612,Indiana Fire ECNL GU17,WNY Flash Academy ECNL GU17,0,0,Grand Park - Field 7,436,343,Indy Eleven Academy,WNY Flash Academy
U17,Ohio Valley,172828,2021-03-20 12:30,11602,11601,Ohio Elite Soccer Academy ECNL GU17,Ohio Premier ECNL GU17,3,0,Seven Hills School - Lower Field,75,437,Ohio Elite Soccer Academy,Ohio Premier
U17,Ohio Valley,172827,2021-03-20 13:00,45897,7624,Racing Louisville Academy ECNL GU17,Internationals SC ECNL GU17,2,6,Lynn Family Sports Vision & Training Facility - Field 1,3408,58,Racing Louisville Academy,Internationals SC
U17,Ohio Valley,172830,2021-03-21 12:30,11602,7624,Ohio Elite Soccer Academy ECNL GU17,Internationals SC ECNL GU17,5,1,Seven Hills School - Lower Field,75,58,Ohio Elite Soccer Academy,Internationals SC
U17,Ohio Valley,172829,2021-03-21 13:00,45897,11601,Racing Louisville Academy ECNL GU17,Ohio Premier ECNL GU17,2,5,Lynn Family Sports Vision & Training Facility - Field 1,3408,437,Racing Louisville Academy,Ohio Premier
U17,Ohio Valley,172793,2021-03-27 12:00,10889,7496,Pittsburgh Riverhounds ECNL GU17,Indiana Fire ECNL GU17,1,0,Highmark Stadium - Field 1,538,436,Pittsburgh Riverhounds,Indy Eleven Academy
U17,Ohio Valley,172803,2021-03-27 12:30,11603,11601,FC Alliance ECNL GU17,Ohio Premier ECNL GU17,0,2,Powell High School Stadium - Field 1,1693,437,FC Alliance TN,Ohio Premier
U17,Ohio Valley,172792,2021-03-27 13:00,7612,10871,WNY Flash Academy ECNL GU17,FC Pride Elite ECNL GU17,5,2,Flash Fields - Field A,343,7,WNY Flash Academy,No Club Selection
U17,Ohio Valley,172799,2021-03-28 08:30,10849,11601,Tennessee Soccer Club ECNL GU17,Ohio Premier ECNL GU17,0,2,Richard Siegel Soccer Complex - Field 1,1354,437,Tennessee SC,Ohio Premier
U17,Ohio Valley,172797,2021-03-28 12:00,10889,10871,Pittsburgh Riverhounds ECNL GU17,FC Pride Elite ECNL GU17,2,0,Highmark Stadium - Field 1,538,7,Pittsburgh Riverhounds,No Club Selection
U17,Ohio Valley,172798,2021-03-28 12:30,11603,7624,FC Alliance ECNL GU17,Internationals SC ECNL GU17,0,3,Hardin Valley Academy Stadium - Field 1,1693,58,FC Alliance TN,Internationals SC
U17,Ohio Valley,172796,2021-03-28 13:00,7612,7496,WNY Flash Academy ECNL GU17,Indiana Fire ECNL GU17,1,1,Flash Fields - Field A,343,436,WNY Flash Academy,Indy Eleven Academy
U17,Ohio Valley,172857,2021-04-02 12:30,7612,10889,WNY Flash Academy ECNL GU17,Pittsburgh Riverhounds ECNL GU17,4,2,Flash Fields - Field A,343,538,WNY Flash Academy,Pittsburgh Riverhounds
U17,Ohio Valley,172802,2021-04-03 12:30,10889,7612,Pittsburgh Riverhounds ECNL GU17,WNY Flash Academy ECNL GU17,2,2,Highmark Stadium - Field 1,538,343,Pittsburgh Riverhounds,WNY Flash Academy
U17,Ohio Valley,172804,2021-04-10 10:15,10849,7624,Tennessee Soccer Club ECNL GU17,Internationals SC ECNL GU17,1,1,Riverside Park - Field 1,1354,58,Tennessee SC,Internationals SC
U17,Ohio Valley,172836,2021-04-17 11:00,11601,10849,Ohio Premier ECNL GU17,Tennessee Soccer Club ECNL GU17,0,1,OP Training Facility - Field 2,437,1354,Ohio Premier,Tennessee SC
U17,Ohio Valley,172838,2021-04-17 11:00,10889,11602,Pittsburgh Riverhounds ECNL GU17,Ohio Elite Soccer Academy ECNL GU17,0,3,Highmark Stadium - Field 1,538,75,Pittsburgh Riverhounds,Ohio Elite Soccer Academy
U17,Ohio Valley,172839,2021-04-17 12:30,7612,45897,WNY Flash Academy ECNL GU17,Racing Louisville Academy ECNL GU17,5,1,Flash Fields - Field A,343,3408,WNY Flash Academy,Racing Louisville Academy
U17,Ohio Valley,172840,2021-04-17 14:00,7496,10871,Indiana Fire ECNL GU17,FC Pride Elite ECNL GU17,1,2,Grand Park - Field 31,436,7,Indy Eleven Academy,No Club Selection
U17,Ohio Valley,172837,2021-04-17 14:30,7624,11603,Internationals SC ECNL GU17,FC Alliance ECNL GU17,2,1,Pinnacle Sports - Field 1,58,1693,Internationals SC,FC Alliance TN
U17,Ohio Valley,172841,2021-04-18 09:00,11601,11603,Ohio Premier ECNL GU17,FC Alliance ECNL GU17,0,1,OP Training Facility - Field 2,437,1693,Ohio Premier,FC Alliance TN
U17,Ohio Valley,172843,2021-04-18 11:00,10889,45897,Pittsburgh Riverhounds ECNL GU17,Racing Louisville Academy ECNL GU17,1,1,Montour Junction Sports Complex - Field 1,538,3408,Pittsburgh Riverhounds,Racing Louisville Academy
U17,Ohio Valley,172844,2021-04-18 12:30,7612,11602,WNY Flash Academy ECNL GU17,Ohio Elite Soccer Academy ECNL GU17,1,4,Flash Fields - Field A,343,75,WNY Flash Academy,Ohio Elite Soccer Academy
U17,Ohio Valley,172842,2021-04-18 13:30,7624,10849,Internationals SC ECNL GU17,Tennessee Soccer Club ECNL GU17,1,1,Pinnacle Sports - Field 1,58,1354,Internationals SC,Tennessee SC
U17,Ohio Valley,172846,2021-04-24 10:45,10871,10849,FC Pride Elite ECNL GU17,Tennessee Soccer Club ECNL GU17,1,0,Pride Performance Center (Turf) - Field 1,7,1354,No Club Selection,Tennessee SC
U17,Ohio Valley,172845,2021-04-24 12:00,7496,11603,Indiana Fire ECNL GU17,FC Alliance ECNL GU17,3,0,Grand Park - Field 5,436,1693,Indy Eleven Academy,FC Alliance TN
U17,Ohio Valley,172848,2021-04-24 13:00,7612,11601,WNY Flash Academy ECNL GU17,Ohio Premier ECNL GU17,2,1,Flash Fields - Field A,343,437,WNY Flash Academy,Ohio Premier
U17,Ohio Valley,172847,2021-04-24 14:45,10889,7624,Pittsburgh Riverhounds ECNL GU17,Internationals SC ECNL GU17,2,3,Montour Junction Sports Complex - Field 2,538,58,Pittsburgh Riverhounds,Internationals SC
U17,Ohio Valley,172849,2021-04-25 12:00,7496,10849,Indiana Fire ECNL GU17,Tennessee Soccer Club ECNL GU17,1,1,Grand Park - Field 4,436,1354,Indy Eleven Academy,Tennessee SC
U17,Ohio Valley,172850,2021-04-25 12:30,10871,11603,FC Pride Elite ECNL GU17,FC Alliance ECNL GU17,2,1,Pride Performance Center (Turf) - Field 1,7,1693,No Club Selection,FC Alliance TN
U17,Ohio Valley,172852,2021-04-25 12:30,7612,7624,WNY Flash Academy ECNL GU17,Internationals SC ECNL GU17,2,1,Flash Fields - Field A,343,58,WNY Flash Academy,Internationals SC
U17,Ohio Valley,172851,2021-04-26 00:15,10889,11601,Pittsburgh Riverhounds ECNL GU17,Ohio Premier ECNL GU17,1,0,Highmark Stadium - Field 1,538,437,Pittsburgh Riverhounds,Ohio Premier
U17,Ohio Valley,172854,2021-05-01 09:00,11603,45897,FC Alliance ECNL GU17,Racing Louisville Academy ECNL GU17,3,1,Mayor Bob Leonard Park - Field 1,1693,3408,FC Alliance TN,Racing Louisville Academy
U17,Ohio Valley,172853,2021-05-01 10:45,10849,11602,Tennessee Soccer Club ECNL GU17,Ohio Elite Soccer Academy ECNL GU17,0,0,Richard Siegel Soccer Complex - Field 1,1354,75,Tennessee SC,Ohio Elite Soccer Academy
U17,Ohio Valley,172856,2021-05-01 11:00,10871,11601,FC Pride Elite ECNL GU17,Ohio Premier ECNL GU17,2,0,Pride Performance Center (Turf) - Field 1,7,437,No Club Selection,Ohio Premier
U17,Ohio Valley,172855,2021-05-01 15:00,7496,7624,Indiana Fire ECNL GU17,Internationals SC ECNL GU17,4,2,Grand Park - Field 10,436,58,Indy Eleven Academy,Internationals SC
U17,Ohio Valley,172860,2021-05-02 12:00,7496,11601,Indiana Fire ECNL GU17,Ohio Premier ECNL GU17,4,3,Grand Park - Field 31,436,437,Indy Eleven Academy,Ohio Premier
U17,Ohio Valley,172858,2021-05-02 12:30,10849,45897,Tennessee Soccer Club ECNL GU17,Racing Louisville Academy ECNL GU17,3,0,Williamson County Sports Complex - Field 22,1354,3408,Tennessee SC,Racing Louisville Academy
U17,Ohio Valley,172859,2021-05-02 12:30,11603,11602,FC Alliance ECNL GU17,Ohio Elite Soccer Academy ECNL GU17,0,1,Mayor Bob Leonard Park - Field 1,1693,75,FC Alliance TN,Ohio Elite Soccer Academy
U17,Ohio Valley,172861,2021-05-02 13:00,10871,7624,FC Pride Elite ECNL GU17,Internationals SC ECNL GU17,5,0,Pride Performance Center (Turf) - Field 1,7,58,No Club Selection,Internationals SC
U17,Ohio Valley,172864,2021-05-15 11:00,7624,45897,Internationals SC ECNL GU17,Racing Louisville Academy ECNL GU17,4,1,Pinnacle Sports - Field 1,58,3408,Internationals SC,Racing Louisville Academy
U17,Ohio Valley,172865,2021-05-15 11:00,11601,11602,Ohio Premier ECNL GU17,Ohio Elite Soccer Academy ECNL GU17,1,1,OP Training Facility - Field 1,437,75,Ohio Premier,Ohio Elite Soccer Academy
U17,Ohio Valley,172862,2021-05-15 11:30,7612,11603,WNY Flash Academy ECNL GU17,FC Alliance ECNL GU17,1,2,Flash Fields - Field A,343,1693,WNY Flash Academy,FC Alliance TN
U17,Ohio Valley,172863,2021-05-15 11:30,10889,10849,Pittsburgh Riverhounds ECNL GU17,Tennessee Soccer Club ECNL GU17,0,4,Highmark Stadium - Field 1,538,1354,Pittsburgh Riverhounds,Tennessee SC
U17,Ohio Valley,172869,2021-05-16 09:00,11601,45897,Ohio Premier ECNL GU17,Racing Louisville Academy ECNL GU17,2,0,OP Training Facility - Field 2,437,3408,Ohio Premier,Racing Louisville Academy
U17,Ohio Valley,172866,2021-05-16 11:30,7612,10849,WNY Flash Academy ECNL GU17,Tennessee Soccer Club ECNL GU17,1,1,Flash Fields - Field A,343,1354,WNY Flash Academy,Tennessee SC
U17,Ohio Valley,172867,2021-05-16 11:30,10889,11603,Pittsburgh Riverhounds ECNL GU17,FC Alliance ECNL GU17,2,1,Highmark Stadium - Field 1,538,1693,Pittsburgh Riverhounds,FC Alliance TN
U17,Ohio Valley,172868,2021-05-16 13:00,7624,11602,Internationals SC ECNL GU17,Ohio Elite Soccer Academy ECNL GU17,2,1,Pinnacle Sports - Field 1,58,75,Internationals SC,Ohio Elite Soccer Academy
U17,Ohio Valley,172873,2021-05-22 11:00,7624,7496,Internationals SC ECNL GU17,Indiana Fire ECNL GU17,1,2,Pinnacle Sports - Field 1,58,436,Internationals SC,Indy Eleven Academy
U17,Ohio Valley,172874,2021-05-22 11:00,11601,10871,Ohio Premier ECNL GU17,FC Pride Elite ECNL GU17,3,1,OP Training Facility - Field 1,437,7,Ohio Premier,No Club Selection
U17,Ohio Valley,172871,2021-05-22 12:30,11602,10889,Ohio Elite Soccer Academy ECNL GU17,Pittsburgh Riverhounds ECNL GU17,5,0,Ohio Elite Training Center - Field 9,75,538,Ohio Elite Soccer Academy,Pittsburgh Riverhounds
U17,Ohio Valley,172872,2021-05-22 13:00,45897,7612,Racing Louisville Academy ECNL GU17,WNY Flash Academy ECNL GU17,2,3,Lynn Family Sports Vision & Training Facility - Field 3,3408,343,Racing Louisville Academy,WNY Flash Academy
U17,Ohio Valley,172870,2021-05-23 11:00,10849,11603,Tennessee Soccer Club ECNL GU17,FC Alliance ECNL GU17,2,1,Williamson County Sports Complex - Field 22,1354,1693,Tennessee SC,FC Alliance TN
U17,Ohio Valley,172875,2021-05-23 12:30,11602,7612,Ohio Elite Soccer Academy ECNL GU17,WNY Flash Academy ECNL GU17,3,0,Ohio Elite Training Center - Field 10,75,343,Ohio Elite Soccer Academy,WNY Flash Academy
U17,Ohio Valley,172876,2021-05-23 13:00,45897,10889,Racing Louisville Academy ECNL GU17,Pittsburgh Riverhounds ECNL GU17,2,3,Lynn Family Sports Vision & Training Facility - Field 3,3408,538,Racing Louisville Academy,Pittsburgh Riverhounds
U17,Ohio Valley,172877,2021-05-23 13:00,7624,10871,Internationals SC ECNL GU17,FC Pride Elite ECNL GU17,2,1,Pinnacle Sports - Field 1,58,7,Internationals SC,No Club Selection
U17,Ohio Valley,172878,2021-05-23 13:00,11601,7496,Ohio Premier ECNL GU17,Indiana Fire ECNL GU17,1,0,OP Training Facility - Field 1,437,436,Ohio Premier,Indy Eleven Academy
U17,Ohio Valley,172808,2021-06-05 12:00,11601,7612,Ohio Premier ECNL GU17,WNY Flash Academy ECNL GU17,2,2,OP Training Facility - Field 1,437,343,Ohio Premier,WNY Flash Academy
U17,Ohio Valley,172812,2021-06-06 11:00,11601,10889,Ohio Premier ECNL GU17,Pittsburgh Riverhounds ECNL GU17,3,1,OP Training Facility - Field 1,437,538,Ohio Premier,Pittsburgh Riverhounds
U17,Ohio Valley,172809,2021-06-12 14:30,7624,10889,Internationals SC ECNL GU17,Pittsburgh Riverhounds ECNL GU17,3,1,Pinnacle Sports - Field 1,58,538,Internationals SC,Pittsburgh Riverhounds
U17,Ohio Valley,172813,2021-06-13 14:30,7624,7612,Internationals SC ECNL GU17,WNY Flash Academy ECNL GU17,2,3,Pinnacle Sports - Field 1,58,343,Internationals SC,WNY Flash Academy
U17,Southeast,169011,2020-08-22 13:00,19903,10013,Concorde Fire Platinum ECNL GU17,Concorde Fire Premier ECNL GU17,4,0,Georgia Soccer Park - Field 1,30,30,Concorde Fire,Concorde Fire
U17,Southeast,169012,2020-08-22 16:00,8843,11338,GSA ECNL GU17,Alabama FC ECNL GU17,3,4,GSA South - Spencer,56,18,Gwinnett Soccer Academy,Alabama FC
U17,Southeast,169015,2020-08-23 10:00,19903,11338,Concorde Fire Platinum ECNL GU17,Alabama FC ECNL GU17,8,0,Georgia Soccer Park - Field 1,30,18,Concorde Fire,Alabama FC
U17,Southeast,169016,2020-08-23 16:00,8843,10013,GSA ECNL GU17,Concorde Fire Premier ECNL GU17,2,1,GSA South - Spencer,56,30,Gwinnett Soccer Academy,Concorde Fire
U17,Southeast,173982,2020-08-30 11:00,45838,8667,United Futbol Academy ECNL GU17,Atlanta Fire United ECNL GU17,3,0,Fowler Park - Field 6,3407,14,United Futbol Academy,Atlanta Fire United
U17,Southeast,169018,2020-09-12 15:00,10013,8843,Concorde Fire Premier ECNL GU17,GSA ECNL GU17,0,1,Georgia Soccer Park - Field 4,30,56,Concorde Fire,Gwinnett Soccer Academy
U17,Southeast,169017,2020-09-12 16:00,11338,19903,Alabama FC ECNL GU17,Concorde Fire Platinum ECNL GU17,0,2,Dunnavant Valley Fields (DVF) - Field #1,18,30,Alabama FC,Concorde Fire
U17,Southeast,169019,2020-09-13 13:00,10013,19903,Concorde Fire Premier ECNL GU17,Concorde Fire Platinum ECNL GU17,1,8,Georgia Soccer Park - Field 4,30,30,Concorde Fire,Concorde Fire
U17,Southeast,169020,2020-09-13 16:00,11338,8843,Alabama FC ECNL GU17,GSA ECNL GU17,1,3,Dunnavant Valley Fields (DVF) - Field #1,18,56,Alabama FC,Gwinnett Soccer Academy
U17,Southeast,169021,2020-09-19 10:00,10877,45838,Florida Elite SA ECNL GU17,United Futbol Academy ECNL GU17,0,6,Veterans Park - Field 1,1353,3407,Sporting SA,United Futbol Academy
U17,Southeast,169022,2020-09-19 10:30,11611,8667,Jacksonville FC ECNL GU17,Atlanta Fire United ECNL GU17,1,3,Patton Park - Field 3,7,14,No Club Selection,Atlanta Fire United
U17,Southeast,169025,2020-09-19 11:00,8843,20329,GSA ECNL GU17,Sunrise Prime FC ECNL GU17,2,3,Silverbacks Park - Stadium Field,56,2329,Gwinnett Soccer Academy,Athletic Club Florida
U17,Southeast,169027,2020-09-20 10:00,10877,8667,Florida Elite SA ECNL GU17,Atlanta Fire United ECNL GU17,1,3,Veterans Park - Field 1,1353,14,Sporting SA,Atlanta Fire United
U17,Southeast,169026,2020-09-20 11:00,11611,45838,Jacksonville FC ECNL GU17,United Futbol Academy ECNL GU17,1,6,Patton Park - Field 3,7,3407,No Club Selection,United Futbol Academy
U17,Southeast,169029,2020-09-20 11:00,19903,20329,Concorde Fire Platinum ECNL GU17,Sunrise Prime FC ECNL GU17,4,1,Georgia Soccer Park - Field 3,30,2329,Concorde Fire,Athletic Club Florida
U17,Southeast,169031,2020-09-26 10:00,10013,11611,Concorde Fire Premier ECNL GU17,Jacksonville FC ECNL GU17,3,1,Georgia Soccer Park - Field 3,30,7,Concorde Fire,No Club Selection
U17,Southeast,169030,2020-09-26 11:00,11338,10877,Alabama FC ECNL GU17,Florida Elite SA ECNL GU17,2,2,Dunnavant Valley Fields (DVF) - Field # 5,18,1353,Alabama FC,Sporting SA
U17,Southeast,169032,2020-09-26 13:00,8667,10883,Atlanta Fire United ECNL GU17,Florida Krush ECNL GU17,2,1,Pinecrest Academy - Grass,14,379,Atlanta Fire United,Florida Kraze Krush
U17,Southeast,169033,2020-09-26 13:00,45838,11610,United Futbol Academy ECNL GU17,Orlando City ECNL GU17,2,0,Fowler Park - Field 6,3407,77,United Futbol Academy,Seminole United
U17,Southeast,169035,2020-09-27 09:00,10013,10877,Concorde Fire Premier ECNL GU17,Florida Elite SA ECNL GU17,2,3,Georgia Soccer Park - Field 5,30,1353,Concorde Fire,Sporting SA
U17,Southeast,169034,2020-09-27 11:00,11338,11611,Alabama FC ECNL GU17,Jacksonville FC ECNL GU17,4,3,Dunnavant Valley Fields (DVF) - Field # 5,18,7,Alabama FC,No Club Selection
U17,Southeast,169036,2020-09-27 13:00,45838,10883,United Futbol Academy ECNL GU17,Florida Krush ECNL GU17,4,1,Fowler Park - Field 6,3407,379,United Futbol Academy,Florida Kraze Krush
U17,Southeast,169037,2020-09-27 13:00,8667,11610,Atlanta Fire United ECNL GU17,Orlando City ECNL GU17,3,2,Pinecrest Academy - Grass,14,77,Atlanta Fire United,Seminole United
U17,Southeast,168943,2020-10-03,11610,8843,Orlando City ECNL GU17,GSA ECNL GU17,0,1,,77,56,Seminole United,Gwinnett Soccer Academy
U17,Southeast,168944,2020-10-03 11:00,11608,10013,Tampa Bay United Rowdies ECNL GU17,Concorde Fire Premier ECNL GU17,2,0,Waters Sportsplex - Field 2,874,30,Tampa Bay United,Concorde Fire
U17,Southeast,168945,2020-10-03 13:00,20329,11338,Sunrise Prime FC ECNL GU17,Alabama FC ECNL GU17,2,5,Max K. Rodes Park - Field 4,2329,18,Athletic Club Florida,Alabama FC
U17,Southeast,168946,2020-10-03 13:00,8667,45838,Atlanta Fire United ECNL GU17,United Futbol Academy ECNL GU17,1,3,Pinecrest Academy - Turf,14,3407,Atlanta Fire United,United Futbol Academy
U17,Southeast,168942,2020-10-03 16:00,10883,19903,Florida Krush ECNL GU17,Concorde Fire Platinum ECNL GU17,0,6,Central Winds - Field B,379,30,Florida Kraze Krush,Concorde Fire
U17,Southeast,168954,2020-10-04,11610,19903,Orlando City ECNL GU17,Concorde Fire Platinum ECNL GU17,0,2,,77,30,Seminole United,Concorde Fire
U17,Southeast,168955,2020-10-04 11:00,11608,11338,Tampa Bay United Rowdies ECNL GU17,Alabama FC ECNL GU17,2,1,Waters Sportsplex - Field 3,874,18,Tampa Bay United,Alabama FC
U17,Southeast,168956,2020-10-04 11:00,20329,10013,Sunrise Prime FC ECNL GU17,Concorde Fire Premier ECNL GU17,5,2,Max K. Rodes Park - Field 3,2329,30,Athletic Club Florida,Concorde Fire
U17,Southeast,168953,2020-10-04 13:00,10883,8843,Florida Krush ECNL GU17,GSA ECNL GU17,0,1,Central Winds - Field B,379,56,Florida Kraze Krush,Gwinnett Soccer Academy
U17,Southeast,169024,2020-10-10 13:00,19903,11608,Concorde Fire Platinum ECNL GU17,Tampa Bay United Rowdies ECNL GU17,2,0,Georgia Soccer Park - Field 2,30,874,Concorde Fire,Tampa Bay United
U17,Southeast,169028,2020-10-11 09:00,8843,11608,GSA ECNL GU17,Tampa Bay United Rowdies ECNL GU17,0,0,Rabbit Hill Park - Field 3,56,874,Gwinnett Soccer Academy,Tampa Bay United
U17,Southeast,168930,2020-10-17 11:00,11338,10883,Alabama FC ECNL GU17,Florida Krush ECNL GU17,3,2,Dunnavant Valley Fields (DVF) - Field #1,18,379,Alabama FC,Florida Kraze Krush
U17,Southeast,169042,2020-10-17 11:00,11608,45838,Tampa Bay United Rowdies ECNL GU17,United Futbol Academy ECNL GU17,2,2,Waters Sportsplex - Field 2,874,3407,Tampa Bay United,United Futbol Academy
U17,Southeast,168931,2020-10-17 12:00,10013,11610,Concorde Fire Premier ECNL GU17,Orlando City ECNL GU17,1,2,Georgia Soccer Park - Field 4,30,77,Concorde Fire,Seminole United
U17,Southeast,169043,2020-10-17 13:00,20329,8667,Sunrise Prime FC ECNL GU17,Atlanta Fire United ECNL GU17,2,1,Chapel Trail Park - CTSP 4,2329,14,Athletic Club Florida,Atlanta Fire United
U17,Southeast,168936,2020-10-18 09:00,10013,10883,Concorde Fire Premier ECNL GU17,Florida Krush ECNL GU17,0,1,Georgia Soccer Park - Field 4,30,379,Concorde Fire,Florida Kraze Krush
U17,Southeast,168937,2020-10-18 11:00,11338,11610,Alabama FC ECNL GU17,Orlando City ECNL GU17,2,0,Dunnavant Valley Fields (DVF) - Field # 5,18,77,Alabama FC,Seminole United
U17,Southeast,169048,2020-10-18 11:00,11608,8667,Tampa Bay United Rowdies ECNL GU17,Atlanta Fire United ECNL GU17,1,2,Waters Sportsplex - Field 2,874,14,Tampa Bay United,Atlanta Fire United
U17,Southeast,169049,2020-10-18 13:00,20329,45838,Sunrise Prime FC ECNL GU17,United Futbol Academy ECNL GU17,2,5,Chapel Trail Park - CTSP 4,2329,3407,Athletic Club Florida,United Futbol Academy
U17,Southeast,169008,2020-10-25 10:00,10877,11611,Florida Elite SA ECNL GU17,Jacksonville FC ECNL GU17,1,0,Veterans Park - Field 1,1353,7,Sporting SA,No Club Selection
U17,Southeast,168941,2020-10-25 13:00,10013,11338,Concorde Fire Premier ECNL GU17,Alabama FC ECNL GU17,2,2,Georgia Soccer Park - Field 4,30,18,Concorde Fire,Alabama FC
U17,Southeast,168986,2020-10-31 10:30,11611,11610,Jacksonville FC ECNL GU17,Orlando City ECNL GU17,1,1,Patton Park - Field 3,7,77,No Club Selection,Seminole United
U17,Southeast,168978,2020-10-31 11:00,45838,8843,United Futbol Academy ECNL GU17,GSA ECNL GU17,3,0,Fowler Park - Field 6,3407,56,United Futbol Academy,Gwinnett Soccer Academy
U17,Southeast,168985,2020-10-31 13:00,10877,10883,Florida Elite SA ECNL GU17,Florida Krush ECNL GU17,1,0,Veterans Park - Field 1,1353,379,Sporting SA,Florida Kraze Krush
U17,Southeast,168987,2020-11-01 13:00,10877,11610,Florida Elite SA ECNL GU17,Orlando City ECNL GU17,0,0,Veterans Park - Field 1,1353,77,Sporting SA,Seminole United
U17,Southeast,168988,2020-11-01 15:00,11611,10883,Jacksonville FC ECNL GU17,Florida Krush ECNL GU17,1,3,Patton Park - Field 2,7,379,No Club Selection,Florida Kraze Krush
U17,Southeast,168979,2020-11-01 17:00,45838,19903,United Futbol Academy ECNL GU17,Concorde Fire Platinum ECNL GU17,3,4,Fowler Park - Field 6,3407,30,United Futbol Academy,Concorde Fire
U17,Southeast,168968,2020-11-07 13:00,10013,45838,Concorde Fire Premier ECNL GU17,United Futbol Academy ECNL GU17,1,4,Georgia Soccer Park - Field 4,30,3407,Concorde Fire,United Futbol Academy
U17,Southeast,168970,2020-11-08 11:00,11338,45838,Alabama FC ECNL GU17,United Futbol Academy ECNL GU17,1,1,Dunnavant Valley Fields (DVF) - Field #1,18,3407,Alabama FC,United Futbol Academy
U17,Southeast,168977,2020-11-18 19:00,8667,19903,Atlanta Fire United ECNL GU17,Concorde Fire Platinum ECNL GU17,0,2,Pinecrest Academy - Turf,14,30,Atlanta Fire United,Concorde Fire
U17,Southeast,168963,2020-11-21 11:00,19903,45838,Concorde Fire Platinum ECNL GU17,United Futbol Academy ECNL GU17,6,0,Georgia Soccer Park - Field 4,30,3407,Concorde Fire,United Futbol Academy
U17,Southeast,168964,2020-11-21 11:00,8843,8667,GSA ECNL GU17,Atlanta Fire United ECNL GU17,,,GSA South - Spencer,56,14,Gwinnett Soccer Academy,Atlanta Fire United
U17,Southeast,168965,2020-11-21 11:00,11338,10013,Alabama FC ECNL GU17,Concorde Fire Premier ECNL GU17,4,1,Dunnavant Valley Fields (DVF) - Field #1,18,30,Alabama FC,Concorde Fire
U17,Southeast,168966,2020-11-22 11:00,19903,8667,Concorde Fire Platinum ECNL GU17,Atlanta Fire United ECNL GU17,1,0,Georgia Soccer Park - Field 3,30,14,Concorde Fire,Atlanta Fire United
U17,Southeast,168973,2020-12-12 14:00,8667,10013,Atlanta Fire United ECNL GU17,Concorde Fire Premier ECNL GU17,3,1,Pinecrest Academy - Grass,14,30,Atlanta Fire United,Concorde Fire
U17,Southeast,168972,2020-12-12 15:00,45838,11338,United Futbol Academy ECNL GU17,Alabama FC ECNL GU17,7,1,Fowler Park - Field 6,3407,18,United Futbol Academy,Alabama FC
U17,Southeast,168975,2020-12-13 11:00,45838,10013,United Futbol Academy ECNL GU17,Concorde Fire Premier ECNL GU17,8,0,Fowler Park - Field 6,3407,30,United Futbol Academy,Concorde Fire
U17,Southeast,168976,2020-12-13 11:00,8667,11338,Atlanta Fire United ECNL GU17,Alabama FC ECNL GU17,3,2,Pinecrest Academy - Grass,14,18,Atlanta Fire United,Alabama FC
U17,Southeast,168971,2021-01-16 14:00,10013,8667,Concorde Fire Premier ECNL GU17,Atlanta Fire United ECNL GU17,,,Georgia Soccer Park - Field 5,30,14,Concorde Fire,Atlanta Fire United
U17,Southeast,168940,2021-01-17 12:00,19903,8843,Concorde Fire Platinum ECNL GU17,GSA ECNL GU17,4,1,Georgia Soccer Park - Field 3,30,56,Concorde Fire,Gwinnett Soccer Academy
U17,Southeast,168994,2021-03-06 10:30,11611,10877,Jacksonville FC ECNL GU17,Florida Elite SA ECNL GU17,,,Patton Park - Field 3,7,1353,No Club Selection,Sporting SA
U17,Southeast,169023,2021-03-13 15:00,10883,11610,Florida Krush ECNL GU17,Orlando City ECNL GU17,1,0,East Orange District Park - Field 2,379,77,Florida Kraze Krush,Seminole United
U17,Southeast,168990,2021-03-27 13:00,10883,11611,Florida Krush ECNL GU17,Jacksonville FC ECNL GU17,3,3,Central Winds - Field C,379,7,Florida Kraze Krush,No Club Selection
U17,Southeast,168992,2021-03-28 09:30,11610,11611,Orlando City ECNL GU17,Jacksonville FC ECNL GU17,4,0,Seminole - Field 8,77,7,Seminole United,No Club Selection
U17,Southeast,168995,2021-04-17 11:00,10877,20329,Florida Elite SA ECNL GU17,Sunrise Prime FC ECNL GU17,1,2,Veterans Park - Field 1,1353,2329,Sporting SA,Athletic Club Florida
U17,Southeast,168997,2021-04-17 11:00,11610,10883,Orlando City ECNL GU17,Florida Krush ECNL GU17,4,2,Seminole - Field 1,77,379,Seminole United,Florida Kraze Krush
U17,Southeast,168996,2021-04-17 12:30,11611,11608,Jacksonville FC ECNL GU17,Tampa Bay United Rowdies ECNL GU17,0,7,Patton Park - Stadium,7,874,No Club Selection,Tampa Bay United
U17,Southeast,168999,2021-04-18 09:00,11611,20329,Jacksonville FC ECNL GU17,Sunrise Prime FC ECNL GU17,0,3,Patton Park - Field 2,7,2329,No Club Selection,Athletic Club Florida
U17,Southeast,168998,2021-04-18 10:00,10877,11608,Florida Elite SA ECNL GU17,Tampa Bay United Rowdies ECNL GU17,0,2,Veterans Park - Field 1,1353,874,Sporting SA,Tampa Bay United
U17,Southeast,169000,2021-04-24 11:00,10883,11608,Florida Krush ECNL GU17,Tampa Bay United Rowdies ECNL GU17,2,3,Central Winds - Field A,379,874,Florida Kraze Krush,Tampa Bay United
U17,Southeast,169001,2021-04-24 13:30,11610,20329,Orlando City ECNL GU17,Sunrise Prime FC ECNL GU17,0,2,Seminole - Field 2,77,2329,Seminole United,Athletic Club Florida
U17,Southeast,169002,2021-04-25 09:00,10883,20329,Florida Krush ECNL GU17,Sunrise Prime FC ECNL GU17,2,4,Central Winds - Field B,379,2329,Florida Kraze Krush,Athletic Club Florida
U17,Southeast,169003,2021-04-25 09:00,11610,11608,Orlando City ECNL GU17,Tampa Bay United Rowdies ECNL GU17,0,2,Seminole - Field 2,77,874,Seminole United,Tampa Bay United
U17,Southeast,168993,2021-05-01 09:00,20329,11608,Sunrise Prime FC ECNL GU17,Tampa Bay United Rowdies ECNL GU17,3,0,Waters Sportsplex - Field 2,2329,874,Athletic Club Florida,Tampa Bay United
U17,Southeast,173989,2021-05-02 13:00,11608,20329,Tampa Bay United Rowdies ECNL GU17,Sunrise Prime FC ECNL GU17,2,3,Waters Sportsplex - Field 2,874,2329,Tampa Bay United,Athletic Club Florida
U17,Southeast,169005,2021-05-15 11:00,11608,11610,Tampa Bay United Rowdies ECNL GU17,Orlando City ECNL GU17,2,2,Waters Sportsplex - Field 2,874,77,Tampa Bay United,Seminole United
U17,Southeast,169004,2021-05-15 14:00,20329,10883,Sunrise Prime FC ECNL GU17,Florida Krush ECNL GU17,4,0,Chapel Trail Park - CTSP 4,2329,379,Athletic Club Florida,Florida Kraze Krush
U17,Southeast,169006,2021-05-16 13:00,20329,11610,Sunrise Prime FC ECNL GU17,Orlando City ECNL GU17,0,1,Chapel Trail Park - CTSP 4,2329,77,Athletic Club Florida,Seminole United
U17,Southeast,169007,2021-05-16 13:00,11608,10883,Tampa Bay United Rowdies ECNL GU17,Florida Krush ECNL GU17,4,0,Waters Sportsplex - Field 3,874,379,Tampa Bay United,Florida Kraze Krush
U17,Southeast,168967,2021-05-19 19:30,8843,45838,GSA ECNL GU17,United Futbol Academy ECNL GU17,2,1,GSA South - Spencer,56,3407,Gwinnett Soccer Academy,United Futbol Academy
U17,Southeast,168982,2021-05-22 09:00,20329,11611,Sunrise Prime FC ECNL GU17,Jacksonville FC ECNL GU17,8,1,Chapel Trail Park - CTSP 3,2329,7,Athletic Club Florida,No Club Selection
U17,Southeast,168981,2021-05-22 11:00,11608,10877,Tampa Bay United Rowdies ECNL GU17,Florida Elite SA ECNL GU17,2,0,Waters Sportsplex - Field 1,874,1353,Tampa Bay United,Sporting SA
U17,Southeast,168969,2021-05-22 12:00,11338,8667,Alabama FC ECNL GU17,Atlanta Fire United ECNL GU17,2,3,Dunnavant Valley Fields (DVF) - Field # 5,18,14,Alabama FC,Atlanta Fire United
U17,Southeast,168983,2021-05-23 09:00,20329,10877,Sunrise Prime FC ECNL GU17,Florida Elite SA ECNL GU17,4,0,Chapel Trail Park - CTSP 3,2329,1353,Athletic Club Florida,Sporting SA
U17,Southeast,168984,2021-05-23 09:00,11608,11611,Tampa Bay United Rowdies ECNL GU17,Jacksonville FC ECNL GU17,5,0,Waters Sportsplex - Field 3,874,7,Tampa Bay United,No Club Selection
U17,Southeast,168980,2021-05-23 12:00,8667,8843,Atlanta Fire United ECNL GU17,GSA ECNL GU17,1,4,Pinecrest Academy - Grass,14,56,Atlanta Fire United,Gwinnett Soccer Academy
U17,Southeast,200506,2021-05-29 12:30,11611,19903,Jacksonville FC ECNL GU17,Concorde Fire Platinum ECNL GU17,1,8,Patton Park - Field 12,7,30,No Club Selection,Concorde Fire
U17,Southeast,168932,2021-05-29 14:00,10877,8843,Florida Elite SA ECNL GU17,GSA ECNL GU17,1,1,Veterans Park - Field 1,1353,56,Sporting SA,Gwinnett Soccer Academy
U17,Southeast,168938,2021-05-30 10:00,10877,19903,Florida Elite SA ECNL GU17,Concorde Fire Platinum ECNL GU17,0,4,Veterans Park - Field 1,1353,30,Sporting SA,Concorde Fire
U17,Southeast,168939,2021-05-30 11:00,11611,8843,Jacksonville FC ECNL GU17,GSA ECNL GU17,0,4,Patton Park - Field 12,7,56,No Club Selection,Gwinnett Soccer Academy
U17,Southeast,168989,2021-06-10 17:30,11610,10877,Orlando City ECNL GU17,Florida Elite SA ECNL GU17,1,0,Seminole - Field 1,77,1353,Seminole United,Sporting SA
U17,Southeast,168974,2021-06-12 15:00,8843,19903,GSA ECNL GU17,Concorde Fire Platinum ECNL GU17,1,1,GSA South - Schrader,56,30,Gwinnett Soccer Academy,Concorde Fire
U17,Southeast,168991,2021-06-13 09:00,10883,10877,Florida Krush ECNL GU17,Florida Elite SA ECNL GU17,,,Daytona State Game Field - Game Field,379,1353,Florida Kraze Krush,Sporting SA
U17,Southwest,209894,2020-10-04,20447,20435,Phoenix Rising ECNL GU17,AZ Arsenal ECNL GU17,2,2,,1141,592,Phoenix Rising FC,Arizona Arsenal Soccer Club
U17,Southwest,209899,2020-10-17,20447,11614,Phoenix Rising ECNL GU17,SLAMMERS FC ECNL GU17,1,0,,1141,96,Phoenix Rising FC,Slammers FC
U17,Southwest,209898,2020-10-17 14:00,20435,10942,AZ Arsenal ECNL GU17,LAFC Slammers ECNL GU17,0,4,Eagle Sports Complex - Field 3,592,1656,Arizona Arsenal Soccer Club,Slammers FC HB Koge
U17,Southwest,209904,2020-10-18,20447,10942,Phoenix Rising ECNL GU17,LAFC Slammers ECNL GU17,0,1,,1141,1656,Phoenix Rising FC,Slammers FC HB Koge
U17,Southwest,209905,2020-10-18 14:00,20435,11614,AZ Arsenal ECNL GU17,SLAMMERS FC ECNL GU17,2,0,Desert Sky Park - Field 4,592,96,Arizona Arsenal Soccer Club,Slammers FC
U17,Southwest,209910,2020-10-24,20447,45891,Phoenix Rising ECNL GU17,Real So Cal ECNL GU17,1,3,,1141,82,Phoenix Rising FC,LAFC So Cal
U17,Southwest,209911,2020-10-24,11617,10942,Heat FC ECNL GU17,LAFC Slammers ECNL GU17,1,2,,57,1656,LV Heat Surf SC,Slammers FC HB Koge
U17,Southwest,209992,2020-10-24 15:00,20435,8953,AZ Arsenal ECNL GU17,So Cal Blues ECNL GU17,1,2,Santos Soccer Complex - Field 4,592,98,Arizona Arsenal Soccer Club,So Cal Blues
U17,Southwest,209915,2020-10-25,20435,45891,AZ Arsenal ECNL GU17,Real So Cal ECNL GU17,0,1,,592,82,Arizona Arsenal Soccer Club,LAFC So Cal
U17,Southwest,209916,2020-10-25,11617,11614,Heat FC ECNL GU17,SLAMMERS FC ECNL GU17,1,1,,57,96,LV Heat Surf SC,Slammers FC
U17,Southwest,209998,2020-10-25,20447,8953,Phoenix Rising ECNL GU17,So Cal Blues ECNL GU17,0,1,,1141,98,Phoenix Rising FC,So Cal Blues
U17,Southwest,210029,2020-10-31,20447,19486,Phoenix Rising ECNL GU17,LA Breakers FC ECNL GU17,5,0,,1141,2289,Phoenix Rising FC,LA Breakers FC
U17,Southwest,210030,2020-10-31,20435,11616,AZ Arsenal ECNL GU17,Arsenal FC ECNL GU17,3,2,,592,13,Arizona Arsenal Soccer Club,Sporting California USA
U17,Southwest,210035,2020-11-01,20435,19486,AZ Arsenal ECNL GU17,LA Breakers FC ECNL GU17,1,1,,592,2289,Arizona Arsenal Soccer Club,LA Breakers FC
U17,Southwest,210036,2020-11-01,20447,11616,Phoenix Rising ECNL GU17,Arsenal FC ECNL GU17,2,2,,1141,13,Phoenix Rising FC,Sporting California USA
U17,Southwest,209921,2020-11-07,45879,20435,San Diego Surf ECNL GU17,AZ Arsenal ECNL GU17,8,0,,87,592,San Diego Surf Soccer Club,Arizona Arsenal Soccer Club
U17,Southwest,209922,2020-11-07,29778,20447,Rebels SC ECNL GU17,Phoenix Rising ECNL GU17,0,2,,300,1141,Rebels Soccer Club,Phoenix Rising FC
U17,Southwest,209927,2020-11-07 10:30,11617,7629,Heat FC ECNL GU17,Strikers FC ECNL GU17,0,0,Heritage Park Sports Complex - Field 6,57,2,LV Heat Surf SC,Strikers FC ECNL
U17,Southwest,209928,2020-11-08,29778,20435,Rebels SC ECNL GU17,AZ Arsenal ECNL GU17,3,3,,300,592,Rebels Soccer Club,Arizona Arsenal Soccer Club
U17,Southwest,209929,2020-11-08,45879,20447,San Diego Surf ECNL GU17,Phoenix Rising ECNL GU17,0,0,,87,1141,San Diego Surf Soccer Club,Phoenix Rising FC
U17,Southwest,210074,2021-03-06,8953,11616,So Cal Blues ECNL GU17,Arsenal FC ECNL GU17,5,0,,98,13,So Cal Blues,Sporting California USA
U17,Southwest,209932,2021-03-06 11:00,2195,19486,Eagles SC ECNL GU17,LA Breakers FC ECNL GU17,0,3,Pleasant Valley Fields - Field 16ss,7,2289,No Club Selection,LA Breakers FC
U17,Southwest,209939,2021-03-06 13:00,45879,10942,San Diego Surf ECNL GU17,LAFC Slammers ECNL GU17,1,3,Surf Sports Park - Field 5,87,1656,San Diego Surf Soccer Club,Slammers FC HB Koge
U17,Southwest,209954,2021-03-06 13:00,29778,11614,Rebels SC ECNL GU17,SLAMMERS FC ECNL GU17,0,2,Surf Sports Park - Field 2,300,96,Rebels Soccer Club,Slammers FC
U17,Southwest,210031,2021-03-06 13:00,10859,7629,Del Mar Sharks ECNL GU17,Strikers FC ECNL GU17,1,2,Surf Sports Park - Field 1,39,2,Legends FC - Del Mar,Strikers FC ECNL
U17,Southwest,210051,2021-03-07,8953,45891,So Cal Blues ECNL GU17,Real So Cal ECNL GU17,4,0,,98,82,So Cal Blues,LAFC So Cal
U17,Southwest,209974,2021-03-07 11:00,2195,19486,Eagles SC ECNL GU17,LA Breakers FC ECNL GU17,2,3,Pleasant Valley Fields - Field 16ss,7,2289,No Club Selection,LA Breakers FC
U17,Southwest,209936,2021-03-07 13:00,45879,11614,San Diego Surf ECNL GU17,SLAMMERS FC ECNL GU17,0,1,Surf Sports Park - Field 5,87,96,San Diego Surf Soccer Club,Slammers FC
U17,Southwest,209951,2021-03-07 13:00,29778,10942,Rebels SC ECNL GU17,LAFC Slammers ECNL GU17,0,2,Surf Sports Park - Field 2,300,1656,Rebels Soccer Club,Slammers FC HB Koge
U17,Southwest,210007,2021-03-07 13:00,10859,11616,Del Mar Sharks ECNL GU17,Arsenal FC ECNL GU17,0,5,Surf Sports Park - Field 1,39,13,Legends FC - Del Mar,Sporting California USA
U17,Southwest,210004,2021-03-13 11:00,10859,10942,Del Mar Sharks ECNL GU17,LAFC Slammers ECNL GU17,1,5,SoCal Sports Complex - Field 18,39,1656,Legends FC - Del Mar,Slammers FC HB Koge
U17,Southwest,210005,2021-03-13 11:00,8953,11614,So Cal Blues ECNL GU17,SLAMMERS FC ECNL GU17,0,0,OC Great Park - Field 7,98,96,So Cal Blues,Slammers FC
U17,Southwest,210072,2021-03-13 11:00,7629,45879,Strikers FC ECNL GU17,San Diego Surf ECNL GU17,0,4,SoCal Sports Complex - Field 22,2,87,Strikers FC ECNL,San Diego Surf Soccer Club
U17,Southwest,209913,2021-03-13 13:00,11616,29778,Arsenal FC ECNL GU17,Rebels SC ECNL GU17,4,0,Ralph M. Lewis Sports Complex - Field 6,13,300,Sporting California USA,Rebels Soccer Club
U17,Southwest,209925,2021-03-13 16:00,45891,19486,Real So Cal ECNL GU17,LA Breakers FC ECNL GU17,0,1,Alice C Stelle Middle School - Field 1,82,2289,LAFC So Cal,LA Breakers FC
U17,Southwest,209975,2021-03-14 09:00,8953,10942,So Cal Blues ECNL GU17,LAFC Slammers ECNL GU17,1,5,OC Great Park - Field 7,98,1656,So Cal Blues,Slammers FC HB Koge
U17,Southwest,210002,2021-03-14 09:00,7629,29778,Strikers FC ECNL GU17,Rebels SC ECNL GU17,1,1,Orange County Great Park - Field 17,2,300,Strikers FC ECNL,Rebels Soccer Club
U17,Southwest,209909,2021-03-14 13:00,11616,45879,Arsenal FC ECNL GU17,San Diego Surf ECNL GU17,2,2,Galway Downs - Field 18,13,87,Sporting California USA,San Diego Surf Soccer Club
U17,Southwest,209976,2021-03-14 13:00,10859,11614,Del Mar Sharks ECNL GU17,SLAMMERS FC ECNL GU17,1,1,Surf Sports Park - Field 1,39,96,Legends FC - Del Mar,Slammers FC
U17,Southwest,210011,2021-03-20 09:00,2195,45891,Eagles SC ECNL GU17,Real So Cal ECNL GU17,0,3,Pleasant Valley Fields - Field 11,7,82,No Club Selection,LAFC So Cal
U17,Southwest,210037,2021-03-20 09:00,8953,7629,So Cal Blues ECNL GU17,Strikers FC ECNL GU17,6,0,OC Great Park - Field 7,98,2,So Cal Blues,Strikers FC ECNL
U17,Southwest,209965,2021-03-20 15:45,10942,11614,LAFC Slammers ECNL GU17,SLAMMERS FC ECNL GU17,5,2,Orange County Great Park - Field 18,1656,96,Slammers FC HB Koge,Slammers FC
U17,Southwest,210001,2021-03-21,19486,7629,LA Breakers FC ECNL GU17,Strikers FC ECNL GU17,1,0,,2289,2,LA Breakers FC,Strikers FC ECNL
U17,Southwest,209972,2021-03-21 13:00,45879,29778,San Diego Surf ECNL GU17,Rebels SC ECNL GU17,7,0,So Cal Sports Complex - Field 22,87,300,San Diego Surf Soccer Club,Rebels Soccer Club
U17,Southwest,209977,2021-03-21 13:00,8953,10859,So Cal Blues ECNL GU17,Del Mar Sharks ECNL GU17,5,0,OC Great Park - Field 7,98,39,So Cal Blues,Legends FC - Del Mar
U17,Southwest,209982,2021-03-27 08:00,20435,11617,AZ Arsenal ECNL GU17,Heat FC ECNL GU17,0,3,Santos Soccer Complex - Field 2,592,57,Arizona Arsenal Soccer Club,LV Heat Surf SC
U17,Southwest,210045,2021-03-27 09:00,29778,10859,Rebels SC ECNL GU17,Del Mar Sharks ECNL GU17,1,0,Surf Sports Park - Field 3,300,39,Rebels Soccer Club,Legends FC - Del Mar
U17,Southwest,210046,2021-03-27 13:00,45879,8953,San Diego Surf ECNL GU17,So Cal Blues ECNL GU17,1,0,So Cal Sports Complex - Field 22,87,98,San Diego Surf Soccer Club,So Cal Blues
U17,Southwest,209961,2021-03-27 16:00,11614,19486,SLAMMERS FC ECNL GU17,LA Breakers FC ECNL GU17,1,0,Orange County Great Park - Field 18,96,2289,Slammers FC,LA Breakers FC
U17,Southwest,209984,2021-03-28 08:00,20447,11617,Phoenix Rising ECNL GU17,Heat FC ECNL GU17,0,3,Talking Stick Resort Soccer Facility - North,1141,57,Phoenix Rising FC,LV Heat Surf SC
U17,Southwest,209953,2021-03-28 13:00,7629,19486,Strikers FC ECNL GU17,LA Breakers FC ECNL GU17,2,3,Orange County Great Park - Field 5,2,2289,Strikers FC ECNL,LA Breakers FC
U17,Southwest,210025,2021-03-28 13:00,11616,11614,Arsenal FC ECNL GU17,SLAMMERS FC ECNL GU17,0,1,Galway Downs - Field 18,13,96,Sporting California USA,Slammers FC
U17,Southwest,210028,2021-03-28 15:00,45891,2195,Real So Cal ECNL GU17,Eagles SC ECNL GU17,5,0,Pleasant Valley Fields - Field 1,82,7,LAFC So Cal,No Club Selection
U17,Southwest,209897,2021-04-03 11:00,19486,11616,LA Breakers FC ECNL GU17,Arsenal FC ECNL GU17,2,1,Silverlakes Soccer Complex - Field 3,2289,13,LA Breakers FC,Sporting California USA
U17,Southwest,210041,2021-04-03 13:00,29778,8953,Rebels SC ECNL GU17,So Cal Blues ECNL GU17,0,4,Ryan Park - Field 8,300,98,Rebels Soccer Club,So Cal Blues
U17,Southwest,210009,2021-04-09 17:00,20435,20447,AZ Arsenal ECNL GU17,Phoenix Rising ECNL GU17,0,1,Santos Soccer Complex - Field 1,592,1141,Arizona Arsenal Soccer Club,Phoenix Rising FC
U17,Southwest,210068,2021-04-09 17:00,11617,2195,Heat FC ECNL GU17,Eagles SC ECNL GU17,3,0,Bettye Wilson Soccer Complex - Field 7,57,7,LV Heat Surf SC,No Club Selection
U17,Southwest,209978,2021-04-10 11:30,7629,2195,Strikers FC ECNL GU17,Eagles SC ECNL GU17,4,1,Bettye Wilson Soccer Complex - Field 8,2,7,Strikers FC ECNL,No Club Selection
U17,Southwest,210040,2021-04-10 13:00,45879,10859,San Diego Surf ECNL GU17,Del Mar Sharks ECNL GU17,2,0,So Cal Sports Complex - Field 22,87,39,San Diego Surf Soccer Club,Legends FC - Del Mar
U17,Southwest,210008,2021-04-11 12:00,11617,7629,Heat FC ECNL GU17,Strikers FC ECNL GU17,6,0,Bettye Wilson Soccer Complex - Field 7,57,2,LV Heat Surf SC,Strikers FC ECNL
U17,Southwest,209962,2021-04-11 12:45,11616,10942,Arsenal FC ECNL GU17,LAFC Slammers ECNL GU17,0,3,Galway Downs - Field 10,13,1656,Sporting California USA,Slammers FC HB Koge
U17,Southwest,209985,2021-04-17 10:30,11617,20447,Heat FC ECNL GU17,Phoenix Rising ECNL GU17,2,1,Heritage Park Sports Complex - Field 6,57,1141,LV Heat Surf SC,Phoenix Rising FC
U17,Southwest,210012,2021-04-17 13:00,10859,19486,Del Mar Sharks ECNL GU17,LA Breakers FC ECNL GU17,0,1,Surf Sports Park - Field 5,39,2289,Legends FC - Del Mar,LA Breakers FC
U17,Southwest,210048,2021-04-17 15:00,2195,11614,Eagles SC ECNL GU17,SLAMMERS FC ECNL GU17,2,2,Pleasant Valley Fields - Field 11,7,96,No Club Selection,Slammers FC
U17,Southwest,210047,2021-04-17 15:15,45891,10942,Real So Cal ECNL GU17,LAFC Slammers ECNL GU17,0,1,Conejo Creek South - Field 10,82,1656,LAFC So Cal,Slammers FC HB Koge
U17,Southwest,209986,2021-04-18 08:30,11617,20435,Heat FC ECNL GU17,AZ Arsenal ECNL GU17,1,1,Heritage Park Sports Complex - Field 6,57,592,LV Heat Surf SC,Arizona Arsenal Soccer Club
U17,Southwest,210064,2021-04-18 13:00,45879,19486,San Diego Surf ECNL GU17,LA Breakers FC ECNL GU17,5,0,So Cal Sports Complex - Field 22,87,2289,San Diego Surf Soccer Club,LA Breakers FC
U17,Southwest,210042,2021-04-18 15:00,2195,10942,Eagles SC ECNL GU17,LAFC Slammers ECNL GU17,1,1,Pleasant Valley Fields - Field 11,7,1656,No Club Selection,Slammers FC HB Koge
U17,Southwest,209946,2021-04-18 15:45,45891,11614,Real So Cal ECNL GU17,SLAMMERS FC ECNL GU17,1,2,Agoura High School - Field 1,82,96,LAFC So Cal,Slammers FC
U17,Southwest,210023,2021-05-01 10:30,11617,29778,Heat FC ECNL GU17,Rebels SC ECNL GU17,0,1,Heritage Park Sports Complex - Field 8,57,300,LV Heat Surf SC,Rebels Soccer Club
U17,Southwest,210053,2021-05-01 11:00,10942,7629,LAFC Slammers ECNL GU17,Strikers FC ECNL GU17,3,1,Surf Sports Park - Field 10,1656,2,Slammers FC HB Koge,Strikers FC ECNL
U17,Southwest,209981,2021-05-01 12:00,20447,2195,Phoenix Rising ECNL GU17,Eagles SC ECNL GU17,0,0,Talking Stick Resort Soccer Facility - South,1141,7,Phoenix Rising FC,No Club Selection
U17,Southwest,209895,2021-05-01 15:00,45891,10859,Real So Cal ECNL GU17,Del Mar Sharks ECNL GU17,6,0,Conejo Creek South - Field 10,82,39,LAFC So Cal,Legends FC - Del Mar
U17,Southwest,210071,2021-05-01 18:30,19486,8953,LA Breakers FC ECNL GU17,So Cal Blues ECNL GU17,1,3,St. Bernards High School - Field 1,2289,98,LA Breakers FC,So Cal Blues
U17,Southwest,209983,2021-05-02 08:00,20435,2195,AZ Arsenal ECNL GU17,Eagles SC ECNL GU17,4,1,Desert Sky Park - Field 2,592,7,Arizona Arsenal Soccer Club,No Club Selection
U17,Southwest,210059,2021-05-02 11:00,11614,7629,SLAMMERS FC ECNL GU17,Strikers FC ECNL GU17,2,1,Surf Sports Park - Field 10,96,2,Slammers FC,Strikers FC ECNL
U17,Southwest,209960,2021-05-08 11:45,45891,45879,Real So Cal ECNL GU17,San Diego Surf ECNL GU17,2,1,Conejo Creek South - Field 10,82,87,LAFC So Cal,San Diego Surf Soccer Club
U17,Southwest,210032,2021-05-08 12:45,8953,11617,So Cal Blues ECNL GU17,Heat FC ECNL GU17,1,1,OC Great Park - Field 7,98,57,So Cal Blues,LV Heat Surf SC
U17,Southwest,209950,2021-05-08 13:00,7629,11616,Strikers FC ECNL GU17,Arsenal FC ECNL GU17,3,3,Orange County Great Park - Field 18,2,13,Strikers FC ECNL,Sporting California USA
U17,Southwest,210038,2021-05-09 09:00,10859,11617,Del Mar Sharks ECNL GU17,Heat FC ECNL GU17,1,2,SoCal Sports Complex - Field 18,39,57,Legends FC - Del Mar,LV Heat Surf SC
U17,Southwest,210058,2021-05-09 13:00,8953,2195,So Cal Blues ECNL GU17,Eagles SC ECNL GU17,6,1,OC Great Park - Field 7,98,7,So Cal Blues,No Club Selection
U17,Southwest,210044,2021-05-15 09:00,7629,20435,Strikers FC ECNL GU17,AZ Arsenal ECNL GU17,1,5,Orange County Great Park - Field 20,2,592,Strikers FC ECNL,Arizona Arsenal Soccer Club
U17,Southwest,209991,2021-05-15 11:00,10859,20447,Del Mar Sharks ECNL GU17,Phoenix Rising ECNL GU17,1,6,Francis Ryan Park - Field 6,39,1141,Legends FC - Del Mar,Phoenix Rising FC
U17,Southwest,210003,2021-05-15 15:45,11616,2195,Arsenal FC ECNL GU17,Eagles SC ECNL GU17,3,2,Ralph M. Lewis Sports Complex - Field 1,13,7,Sporting California USA,No Club Selection
U17,Southwest,209997,2021-05-16 09:00,10859,20435,Del Mar Sharks ECNL GU17,AZ Arsenal ECNL GU17,0,5,Pacific Highlands Ranch Rec Center - Field 1,39,592,Legends FC - Del Mar,Arizona Arsenal Soccer Club
U17,Southwest,210039,2021-05-16 09:30,7629,20447,Strikers FC ECNL GU17,Phoenix Rising ECNL GU17,1,3,Orange County Great Park - Field 21,2,1141,Strikers FC ECNL,Phoenix Rising FC
U17,Southwest,209956,2021-05-16 15:00,2195,45879,Eagles SC ECNL GU17,San Diego Surf ECNL GU17,2,2,Pleasant Valley Fields - Field 5ss,7,87,No Club Selection,San Diego Surf Soccer Club
U17,Southwest,209955,2021-05-22 11:45,45891,29778,Real So Cal ECNL GU17,Rebels SC ECNL GU17,1,0,Conejo Creek South - Field 10,82,300,LAFC So Cal,Rebels Soccer Club
U17,Southwest,209973,2021-05-23 10:45,7629,45891,Strikers FC ECNL GU17,Real So Cal ECNL GU17,1,2,El Dorado High School - EDHS Turf Field,2,82,Strikers FC ECNL,LAFC So Cal
U17,Southwest,209959,2021-05-23 11:00,2195,29778,Eagles SC ECNL GU17,Rebels SC ECNL GU17,0,7,Pleasant Valley Fields - Field 16ss,7,300,No Club Selection,Rebels Soccer Club
U17,Southwest,210017,2021-05-23 12:30,11617,45879,Heat FC ECNL GU17,San Diego Surf ECNL GU17,0,2,Heritage Park Sports Complex - Field 6,57,87,LV Heat Surf SC,San Diego Surf Soccer Club
U17,Southwest,209943,2021-05-30 11:00,11617,11616,Heat FC ECNL GU17,Arsenal FC ECNL GU17,2,0,Heritage Park Sports Complex - Field 6,57,13,LV Heat Surf SC,Sporting California USA
U17,Southwest,210024,2021-05-30 16:00,19486,10942,LA Breakers FC ECNL GU17,LAFC Slammers ECNL GU17,0,3,Orange County Great Park - Field 13,2289,1656,LA Breakers FC,Slammers FC HB Koge
U17,Southwest,209933,2021-06-12 09:00,45891,11616,Real So Cal ECNL GU17,Arsenal FC ECNL GU17,3,1,The Master's College - Field 1,82,13,LAFC So Cal,Sporting California USA
U17,Southwest,209996,2021-06-12 11:30,19486,11617,LA Breakers FC ECNL GU17,Heat FC ECNL GU17,2,2,St. Bernards High School - Field 1,2289,57,LA Breakers FC,LV Heat Surf SC
U17,Southwest,210052,2021-06-12 12:00,10859,2195,Del Mar Sharks ECNL GU17,Eagles SC ECNL GU17,,,San Dieguito Academy - Field 1,39,7,Legends FC - Del Mar,No Club Selection
U17,Southwest,209971,2021-06-13 09:00,45891,11617,Real So Cal ECNL GU17,Heat FC ECNL GU17,1,1,Silverlakes Sports Complex - Field 19,82,57,LAFC So Cal,LV Heat Surf SC
U17,Southwest,209908,2021-06-13 11:30,19486,29778,LA Breakers FC ECNL GU17,Rebels SC ECNL GU17,2,1,St. Bernards High School - Field 1,2289,300,LA Breakers FC,Rebels Soccer Club
U17,Texas,171652,2020-08-29 10:00,19416,11588,Oklahoma Celtic ECNL GU17,DKSC ECNL GU17,0,6,Oklahoma Celtic - Field 8,2134,7,Oklahoma Celtic,No Club Selection
U17,Texas,171659,2020-09-05 09:00,11588,46786,DKSC ECNL GU17,FC Dallas ECNL GU17,3,4,Cox Soccer Complex - Field 1,7,47,No Club Selection,FC Dallas Youth
U17,Texas,171656,2020-09-05 13:00,19416,6888,Oklahoma Celtic ECNL GU17,Dallas Texans ECNL GU17,0,2,Oklahoma Celtic - Field 11,2134,37,Oklahoma Celtic,Dallas Texans
U17,Texas,171654,2020-09-05 14:00,11593,10895,Challenge SC ECNL GU17,Classics Elite ECNL GU17,3,1,Burroughs Park - Field 6,25,1375,Challenge SC,Classics Elite Soccer Academy
U17,Texas,171658,2020-09-05 15:00,11591,45803,Sting Dallas Black ECNL GU17,Sting Dallas Royal ECNL GU17,2,0,Sting Complex - Field 1,36,36,Sting Soccer Club,Sting Soccer Club
U17,Texas,171657,2020-09-05 17:00,11587,11589,Tulsa SC ECNL GU17,Solar ECNL GU17,0,7,ISSC - Field 37,106,101,Tulsa Soccer Club,Solar SC
U17,Texas,171661,2020-09-13 11:00,11595,10895,AHFC ECNL GU17,Classics Elite ECNL GU17,3,1,Campbell Road Sports Park - Field 1,10,1375,Albion Hurricanes FC,Classics Elite Soccer Academy
U17,Texas,171663,2020-09-13 11:00,11589,19416,Solar ECNL GU17,Oklahoma Celtic ECNL GU17,7,0,Fairview Soccer Park - Field 2,101,2134,Solar SC,Oklahoma Celtic
U17,Texas,171665,2020-09-13 11:00,45803,11588,Sting Dallas Royal ECNL GU17,DKSC ECNL GU17,2,8,Fairview Soccer Park - Field 6,36,7,Sting Soccer Club,No Club Selection
U17,Texas,171660,2020-09-13 13:00,11593,10998,Challenge SC ECNL GU17,Sting Austin ECNL GU17,0,2,Burroughs Park - Field 1,25,1690,Challenge SC,Sting Austin
U17,Texas,171662,2020-09-13 13:00,6888,11587,Dallas Texans ECNL GU17,Tulsa SC ECNL GU17,1,3,Ross Stewart Soccer Complex - Field 2,37,106,Dallas Texans,Tulsa Soccer Club
U17,Texas,171664,2020-09-13 15:00,46786,11591,FC Dallas ECNL GU17,Sting Dallas Black ECNL GU17,0,0,Toyota Soccer Center - Field 7,47,36,FC Dallas Youth,Sting Soccer Club
U17,Texas,171668,2020-09-19 11:00,10895,11587,Classics Elite ECNL GU17,Tulsa SC ECNL GU17,1,2,CE Soccer Complex - Field 5 d don't use,1375,106,Classics Elite Soccer Academy,Tulsa Soccer Club
U17,Texas,171671,2020-09-19 11:00,11589,6888,Solar ECNL GU17,Dallas Texans ECNL GU17,4,0,Gateway Park - Field 3,101,37,Solar SC,Dallas Texans
U17,Texas,171666,2020-09-19 13:00,11593,11595,Challenge SC ECNL GU17,AHFC ECNL GU17,1,1,Burroughs Park - Field 2,25,10,Challenge SC,Albion Hurricanes FC
U17,Texas,171667,2020-09-19 13:00,10998,19416,Sting Austin ECNL GU17,Oklahoma Celtic ECNL GU17,3,0,1849 Park - Field 3A,1690,2134,Sting Austin,Oklahoma Celtic
U17,Texas,171669,2020-09-19 13:00,11588,11591,DKSC ECNL GU17,Sting Dallas Black ECNL GU17,2,1,Cox Soccer Complex - Field 1,7,36,No Club Selection,Sting Soccer Club
U17,Texas,171672,2020-09-20 11:00,10895,19416,Classics Elite ECNL GU17,Oklahoma Celtic ECNL GU17,0,0,CE Soccer Complex - Field 6 d don't use,1375,2134,Classics Elite Soccer Academy,Oklahoma Celtic
U17,Texas,171673,2020-09-20 15:00,10998,11587,Sting Austin ECNL GU17,Tulsa SC ECNL GU17,1,3,1849 Park - Field 3A,1690,106,Sting Austin,Tulsa Soccer Club
U17,Texas,171678,2020-09-26 11:00,46786,11588,FC Dallas ECNL GU17,DKSC ECNL GU17,3,1,Toyota Soccer Center - Field 6,47,7,FC Dallas Youth,No Club Selection
U17,Texas,171674,2020-09-26 15:00,11595,10998,AHFC ECNL GU17,Sting Austin ECNL GU17,2,2,Campbell Road Sports Park - Field 1,10,1690,Albion Hurricanes FC,Sting Austin
U17,Texas,171679,2020-09-27 15:00,10895,11593,Classics Elite ECNL GU17,Challenge SC ECNL GU17,0,1,CE Soccer Complex - Field 6,1375,25,Classics Elite Soccer Academy,Challenge SC
U17,Texas,171680,2020-10-04 11:00,10895,11595,Classics Elite ECNL GU17,AHFC ECNL GU17,1,1,CE Soccer Complex - Field 6 d don't use,1375,10,Classics Elite Soccer Academy,Albion Hurricanes FC
U17,Texas,171681,2020-10-04 12:45,10998,11593,Sting Austin ECNL GU17,Challenge SC ECNL GU17,1,1,1849 Park - Field 3A,1690,25,Sting Austin,Challenge SC
U17,Texas,171684,2020-10-04 13:00,11591,46786,Sting Dallas Black ECNL GU17,FC Dallas ECNL GU17,0,1,Sting Complex - Field 1,36,47,Sting Soccer Club,FC Dallas Youth
U17,Texas,171685,2020-10-04 15:00,11588,45803,DKSC ECNL GU17,Sting Dallas Royal ECNL GU17,8,0,MoneyGram Soccer Park - Field 5,7,36,No Club Selection,Sting Soccer Club
U17,Texas,171686,2020-10-10 09:00,11591,11593,Sting Dallas Black ECNL GU17,Challenge SC ECNL GU17,1,1,Carpenter Park - Field C,36,25,Sting Soccer Club,Challenge SC
U17,Texas,171687,2020-10-10 09:00,11588,11595,DKSC ECNL GU17,AHFC ECNL GU17,3,1,Cox Soccer Complex - Field 1,7,10,No Club Selection,Albion Hurricanes FC
U17,Texas,171688,2020-10-10 11:00,46786,11587,FC Dallas ECNL GU17,Tulsa SC ECNL GU17,5,0,Toyota Soccer Center - Field 5,47,106,FC Dallas Youth,Tulsa Soccer Club
U17,Texas,171690,2020-10-10 12:00,11589,10998,Solar ECNL GU17,Sting Austin ECNL GU17,5,0,Gateway Park - Field 3,101,1690,Solar SC,Sting Austin
U17,Texas,171689,2020-10-10 15:00,45803,19416,Sting Dallas Royal ECNL GU17,Oklahoma Celtic ECNL GU17,6,1,Sting Complex - Field 1,36,2134,Sting Soccer Club,Oklahoma Celtic
U17,Texas,171691,2020-10-10 15:00,6888,10895,Dallas Texans ECNL GU17,Classics Elite ECNL GU17,1,2,Dallas Texans Lewisville - Field 1,37,1375,Dallas Texans,Classics Elite Soccer Academy
U17,Texas,171693,2020-10-11 09:00,11588,11593,DKSC ECNL GU17,Challenge SC ECNL GU17,8,0,Cox Soccer Complex - Field 1,7,25,No Club Selection,Challenge SC
U17,Texas,171696,2020-10-11 10:00,11589,10895,Solar ECNL GU17,Classics Elite ECNL GU17,3,0,Fairview Soccer Park - Field 1,101,1375,Solar SC,Classics Elite Soccer Academy
U17,Texas,171694,2020-10-11 11:00,46786,19416,FC Dallas ECNL GU17,Oklahoma Celtic ECNL GU17,6,0,Toyota Soccer Center - Field 6,47,2134,FC Dallas Youth,Oklahoma Celtic
U17,Texas,171695,2020-10-11 11:00,45803,11587,Sting Dallas Royal ECNL GU17,Tulsa SC ECNL GU17,2,1,Field 1,36,106,Sting Soccer Club,Tulsa Soccer Club
U17,Texas,171692,2020-10-11 13:00,11591,11595,Sting Dallas Black ECNL GU17,AHFC ECNL GU17,2,1,Carpenter Park - Field C,36,10,Sting Soccer Club,Albion Hurricanes FC
U17,Texas,171697,2020-10-11 15:00,6888,10998,Dallas Texans ECNL GU17,Sting Austin ECNL GU17,0,0,Dallas Texans Lewisville - Field 1,37,1690,Dallas Texans,Sting Austin
U17,Texas,171701,2020-10-17 09:00,45803,6888,Sting Dallas Royal ECNL GU17,Dallas Texans ECNL GU17,1,1,Sting Complex - Field 2,36,37,Sting Soccer Club,Dallas Texans
U17,Texas,171699,2020-10-17 15:00,11593,19416,Challenge SC ECNL GU17,Oklahoma Celtic ECNL GU17,5,1,Burroughs Park - Field 2,25,2134,Challenge SC,Oklahoma Celtic
U17,Texas,171705,2020-10-18 09:00,45803,11589,Sting Dallas Royal ECNL GU17,Solar ECNL GU17,0,6,Sting Complex - Field 2,36,101,Sting Soccer Club,Solar SC
U17,Texas,171702,2020-10-18 10:15,11595,19416,AHFC ECNL GU17,Oklahoma Celtic ECNL GU17,8,0,Campbell Road Sports Park - Field 1,10,2134,Albion Hurricanes FC,Oklahoma Celtic
U17,Texas,171707,2020-10-24 11:00,10998,11588,Sting Austin ECNL GU17,DKSC ECNL GU17,0,1,1849 Park - Field 3A,1690,7,Sting Austin,No Club Selection
U17,Texas,171706,2020-10-24 13:00,10895,11591,Classics Elite ECNL GU17,Sting Dallas Black ECNL GU17,2,3,CE Soccer Complex - Field 6 d don't use,1375,36,Classics Elite Soccer Academy,Sting Soccer Club
U17,Texas,171708,2020-10-25 11:00,10895,11588,Classics Elite ECNL GU17,DKSC ECNL GU17,1,3,CE Soccer Complex - Field 6,1375,7,Classics Elite Soccer Academy,No Club Selection
U17,Texas,171670,2020-10-25 13:00,45803,46786,Sting Dallas Royal ECNL GU17,FC Dallas ECNL GU17,0,5,Sting Complex - Field 2,36,47,Sting Soccer Club,FC Dallas Youth
U17,Texas,171709,2020-10-25 13:00,10998,11591,Sting Austin ECNL GU17,Sting Dallas Black ECNL GU17,3,2,1849 Park - Field 3B,1690,36,Sting Austin,Sting Soccer Club
U17,Texas,171710,2020-10-31 09:00,46786,11595,FC Dallas ECNL GU17,AHFC ECNL GU17,1,0,Toyota Soccer Center - Field 5,47,10,FC Dallas Youth,Albion Hurricanes FC
U17,Texas,171711,2020-10-31 09:00,45803,11593,Sting Dallas Royal ECNL GU17,Challenge SC ECNL GU17,1,3,Carpenter Pak - Field C,36,25,Sting Soccer Club,Challenge SC
U17,Texas,171715,2020-10-31 11:00,11589,11588,Solar ECNL GU17,DKSC ECNL GU17,2,0,Gateway Park - Field 5,101,7,Solar SC,No Club Selection
U17,Texas,171714,2020-10-31 14:00,6888,11591,Dallas Texans ECNL GU17,Sting Dallas Black ECNL GU17,0,1,Arlington Heights High School - Field 1,37,36,Dallas Texans,Sting Soccer Club
U17,Texas,171717,2020-11-01 09:00,45803,11595,Sting Dallas Royal ECNL GU17,AHFC ECNL GU17,0,6,Carpenter Pak - Field C,36,10,Sting Soccer Club,Albion Hurricanes FC
U17,Texas,171716,2020-11-01 09:45,46786,11593,FC Dallas ECNL GU17,Challenge SC ECNL GU17,1,0,Toyota Soccer Center - Field 5,47,25,FC Dallas Youth,Challenge SC
U17,Texas,171720,2020-11-01 14:00,6888,11588,Dallas Texans ECNL GU17,DKSC ECNL GU17,0,3,Arlington Heights High School - Field 1,37,7,Dallas Texans,No Club Selection
U17,Texas,171721,2020-11-01 15:00,11589,11591,Solar ECNL GU17,Sting Dallas Black ECNL GU17,3,0,John Paul II High School - Field 1,101,36,Solar SC,Sting Soccer Club
U17,Texas,171722,2020-11-07 13:00,11588,11587,DKSC ECNL GU17,Tulsa SC ECNL GU17,2,0,Cox Soccer Complex - Field 2,7,106,No Club Selection,Tulsa Soccer Club
U17,Texas,171723,2020-11-07 13:00,11591,19416,Sting Dallas Black ECNL GU17,Oklahoma Celtic ECNL GU17,3,2,Toyota of Lewisville Railroad Park - Field 3,36,2134,Sting Soccer Club,Oklahoma Celtic
U17,Texas,171728,2020-11-08 09:00,46786,45803,FC Dallas ECNL GU17,Sting Dallas Royal ECNL GU17,6,1,Toyota Soccer Center - Field 5,47,36,FC Dallas Youth,Sting Soccer Club
U17,Texas,171724,2020-11-08 11:00,11588,19416,DKSC ECNL GU17,Oklahoma Celtic ECNL GU17,5,0,Cox Soccer Complex - Field 1,7,2134,No Club Selection,Oklahoma Celtic
U17,Texas,171725,2020-11-08 11:00,11591,11587,Sting Dallas Black ECNL GU17,Tulsa SC ECNL GU17,3,2,Toyota of Lewisville Railroad Park - Field 3,36,106,Sting Soccer Club,Tulsa Soccer Club
U17,Texas,171729,2020-11-08 12:00,6888,11589,Dallas Texans ECNL GU17,Solar ECNL GU17,0,1,Ross Stewart Soccer Complex - Field 1,37,101,Dallas Texans,Solar SC
U17,Texas,171726,2020-11-08 13:00,11595,11593,AHFC ECNL GU17,Challenge SC ECNL GU17,3,1,Campbell Road Sports Park - Field 1,10,25,Albion Hurricanes FC,Challenge SC
U17,Texas,171727,2020-11-08 15:00,10895,10998,Classics Elite ECNL GU17,Sting Austin ECNL GU17,0,1,CE Soccer Complex - Field 5,1375,1690,Classics Elite Soccer Academy,Sting Austin
U17,Texas,171730,2020-11-21 09:00,6888,11593,Dallas Texans ECNL GU17,Challenge SC ECNL GU17,0,2,Ross Stewart Soccer Complex - Field 3,37,25,Dallas Texans,Challenge SC
U17,Texas,171731,2020-11-21 11:00,11589,11595,Solar ECNL GU17,AHFC ECNL GU17,1,0,Fairview Soccer Park - Field 2,101,10,Solar SC,Albion Hurricanes FC
U17,Texas,171733,2020-11-22 09:00,6888,11595,Dallas Texans ECNL GU17,AHFC ECNL GU17,0,5,Ross Stewart Soccer Complex - Field 3,37,10,Dallas Texans,Albion Hurricanes FC
U17,Texas,171734,2020-11-22 11:00,11589,11593,Solar ECNL GU17,Challenge SC ECNL GU17,7,0,Fairview Soccer Park - Field 2,101,25,Solar SC,Challenge SC
U17,Texas,171735,2020-11-22 11:00,11591,11588,Sting Dallas Black ECNL GU17,DKSC ECNL GU17,2,2,Fairview Soccer Park - Field 5,36,7,Sting Soccer Club,No Club Selection
U17,Texas,171704,2020-12-05 13:00,46786,6888,FC Dallas ECNL GU17,Dallas Texans ECNL GU17,5,0,Toyota Soccer Center - Field 8,47,37,FC Dallas Youth,Dallas Texans
U17,Texas,171741,2020-12-12 11:00,10895,11589,Classics Elite ECNL GU17,Solar ECNL GU17,1,1,CE Soccer Complex - Field 4 don't use,1375,101,Classics Elite Soccer Academy,Solar SC
U17,Texas,171738,2020-12-12 13:00,19416,46786,Oklahoma Celtic ECNL GU17,FC Dallas ECNL GU17,1,7,Oklahoma Celtic - Field 9,2134,47,Oklahoma Celtic,FC Dallas Youth
U17,Texas,171739,2020-12-12 13:00,11587,45803,Tulsa SC ECNL GU17,Sting Dallas Royal ECNL GU17,3,2,ISSC - Field 37,106,36,Tulsa Soccer Club,Sting Soccer Club
U17,Texas,171740,2020-12-12 15:00,10998,6888,Sting Austin ECNL GU17,Dallas Texans ECNL GU17,0,0,Lake Travis High School Track - Field 1,1690,37,Sting Austin,Dallas Texans
U17,Texas,171747,2020-12-13 11:00,10895,6888,Classics Elite ECNL GU17,Dallas Texans ECNL GU17,0,0,CE Soccer Complex - Field 6 d don't use,1375,37,Classics Elite Soccer Academy,Dallas Texans
U17,Texas,171746,2020-12-13 13:00,10998,11589,Sting Austin ECNL GU17,Solar ECNL GU17,0,2,George Wagner Middle School Stadium - Stadium Field,1690,101,Sting Austin,Solar SC
U17,Texas,171732,2021-01-30 10:00,11587,19416,Tulsa SC ECNL GU17,Oklahoma Celtic ECNL GU17,3,1,Titan Main - Field 2,106,2134,Tulsa Soccer Club,Oklahoma Celtic
U17,Texas,171682,2021-01-31 13:00,19416,11589,Oklahoma Celtic ECNL GU17,Solar ECNL GU17,1,5,Oklahoma Celtic - Field 8,2134,101,Oklahoma Celtic,Solar SC
U17,Texas,171677,2021-02-07 11:00,45803,11591,Sting Dallas Royal ECNL GU17,Sting Dallas Black ECNL GU17,1,1,Sting Complex - Field 1,36,36,Sting Soccer Club,Sting Soccer Club
U17,Texas,171700,2021-03-06 19:00,46786,11589,FC Dallas ECNL GU17,Solar ECNL GU17,,,MoneyGram Soccer Park - Field 8,47,101,FC Dallas Youth,Solar SC
U17,Texas,171750,2021-04-17 13:00,10895,45803,Classics Elite ECNL GU17,Sting Dallas Royal ECNL GU17,4,2,CE Soccer Complex - Field 6 d don't use,1375,36,Classics Elite Soccer Academy,Sting Soccer Club
U17,Texas,171749,2021-04-17 15:00,10998,46786,Sting Austin ECNL GU17,FC Dallas ECNL GU17,0,2,Charles A. Forbes Middle School - Stadium Field,1690,47,Sting Austin,FC Dallas Youth
U17,Texas,171754,2021-04-18 11:00,10895,46786,Classics Elite ECNL GU17,FC Dallas ECNL GU17,0,9,CE Soccer Complex - Field 6 d don't use,1375,47,Classics Elite Soccer Academy,FC Dallas Youth
U17,Texas,171653,2021-04-18 13:15,11587,11591,Tulsa SC ECNL GU17,Sting Dallas Black ECNL GU17,3,2,Mohawk - Field 15,106,36,Tulsa Soccer Club,Sting Soccer Club
U17,Texas,171675,2021-04-18 14:00,6888,19416,Dallas Texans ECNL GU17,Oklahoma Celtic ECNL GU17,2,1,Ross Stewart Soccer Complex - Field 2,37,2134,Dallas Texans,Oklahoma Celtic
U17,Texas,171753,2021-04-18 15:00,10998,45803,Sting Austin ECNL GU17,Sting Dallas Royal ECNL GU17,3,2,Benold Middle School - Track Field,1690,36,Sting Austin,Sting Soccer Club
U17,Texas,171755,2021-04-24 09:00,11587,11593,Tulsa SC ECNL GU17,Challenge SC ECNL GU17,1,3,Titan Main - Field 2,106,25,Tulsa Soccer Club,Challenge SC
U17,Texas,171756,2021-04-24 11:00,19416,11595,Oklahoma Celtic ECNL GU17,AHFC ECNL GU17,,,Oklahoma Celtic - Field 8,2134,10,Oklahoma Celtic,Albion Hurricanes FC
U17,Texas,171758,2021-04-24 11:00,11588,10895,DKSC ECNL GU17,Classics Elite ECNL GU17,6,0,Cox Soccer Complex - Field 2,7,1375,No Club Selection,Classics Elite Soccer Academy
U17,Texas,171759,2021-04-24 12:00,11589,45803,Solar ECNL GU17,Sting Dallas Royal ECNL GU17,9,0,Gateway Park - Field 4,101,36,Solar SC,Sting Soccer Club
U17,Texas,171757,2021-04-24 13:00,11591,10998,Sting Dallas Black ECNL GU17,Sting Austin ECNL GU17,2,1,Carpenter Park - Field A,36,1690,Sting Soccer Club,Sting Austin
U17,Texas,171762,2021-04-25 08:30,19416,11593,Oklahoma Celtic ECNL GU17,Challenge SC ECNL GU17,0,1,Oklahoma Celtic - Field 8,2134,25,Oklahoma Celtic,Challenge SC
U17,Texas,171764,2021-04-25 11:00,11588,10998,DKSC ECNL GU17,Sting Austin ECNL GU17,6,0,Cox Soccer Complex - Field 1,7,1690,No Club Selection,Sting Austin
U17,Texas,171761,2021-04-25 12:00,11587,11595,Tulsa SC ECNL GU17,AHFC ECNL GU17,0,2,Titan Main - Field 2,106,10,Tulsa Soccer Club,Albion Hurricanes FC
U17,Texas,171763,2021-04-25 13:00,11591,10895,Sting Dallas Black ECNL GU17,Classics Elite ECNL GU17,0,0,Sting Complex - Field 1,36,1375,Sting Soccer Club,Classics Elite Soccer Academy
U17,Texas,171748,2021-05-01 09:30,19416,11587,Oklahoma Celtic ECNL GU17,Tulsa SC ECNL GU17,2,1,Oklahoma Celtic - Field 8,2134,106,Oklahoma Celtic,Tulsa Soccer Club
U17,Texas,171769,2021-05-01 13:00,11591,11589,Sting Dallas Black ECNL GU17,Solar ECNL GU17,0,1,Lebanon Trail High School - Stadium FIeld,36,101,Sting Soccer Club,Solar SC
U17,Texas,171770,2021-05-01 13:00,11588,6888,DKSC ECNL GU17,Dallas Texans ECNL GU17,2,0,Cox Soccer Complex - Field 2,7,37,No Club Selection,Dallas Texans
U17,Texas,171772,2021-05-02 08:00,11593,45803,Challenge SC ECNL GU17,Sting Dallas Royal ECNL GU17,,,Burroughs Park - Field 4,25,36,Challenge SC,Sting Soccer Club
U17,Texas,171773,2021-05-02 13:00,11591,6888,Sting Dallas Black ECNL GU17,Dallas Texans ECNL GU17,2,1,Curtis Middle School - Field 1,36,37,Sting Soccer Club,Dallas Texans
U17,Texas,171775,2021-05-02 13:00,10998,10895,Sting Austin ECNL GU17,Classics Elite ECNL GU17,,,1849 Park - Field 3A,1690,1375,Sting Austin,Classics Elite Soccer Academy
U17,Texas,171774,2021-05-02 15:00,11588,11589,DKSC ECNL GU17,Solar ECNL GU17,1,0,Cox Soccer Complex - Field 1,7,101,No Club Selection,Solar SC
U17,Texas,171655,2021-05-08 15:00,10998,11595,Sting Austin ECNL GU17,AHFC ECNL GU17,0,3,Parkway Church - Field 1,1690,10,Sting Austin,Albion Hurricanes FC
U17,Texas,171744,2021-05-08 15:00,19416,45803,Oklahoma Celtic ECNL GU17,Sting Dallas Royal ECNL GU17,1,2,Oklahoma Celtic - Field 11,2134,36,Oklahoma Celtic,Sting Soccer Club
U17,Texas,171745,2021-05-08 15:00,11587,46786,Tulsa SC ECNL GU17,FC Dallas ECNL GU17,0,3,Titan Main - Field 1,106,47,Tulsa Soccer Club,FC Dallas Youth
U17,Texas,171683,2021-05-09 12:00,11587,6888,Tulsa SC ECNL GU17,Dallas Texans ECNL GU17,1,1,Titan Main - Field 2,106,37,Tulsa Soccer Club,Dallas Texans
U17,Texas,171776,2021-05-15 09:00,11595,6888,AHFC ECNL GU17,Dallas Texans ECNL GU17,4,3,Campbell Road Sports Park - Field 1,10,37,Albion Hurricanes FC,Dallas Texans
U17,Texas,171778,2021-05-15 11:00,46786,10895,FC Dallas ECNL GU17,Classics Elite ECNL GU17,5,0,Toyota Soccer Center - Field 6,47,1375,FC Dallas Youth,Classics Elite Soccer Academy
U17,Texas,171777,2021-05-15 12:30,11593,11589,Challenge SC ECNL GU17,Solar ECNL GU17,1,6,Burroughs Park - Field 4,25,101,Challenge SC,Solar SC
U17,Texas,171779,2021-05-15 13:00,45803,10998,Sting Dallas Royal ECNL GU17,Sting Austin ECNL GU17,0,1,Sting Complex - Field 2,36,1690,Sting Soccer Club,Sting Austin
U17,Texas,171781,2021-05-16 09:00,11593,6888,Challenge SC ECNL GU17,Dallas Texans ECNL GU17,0,1,Burroughs Park - Field 4,25,37,Challenge SC,Dallas Texans
U17,Texas,171783,2021-05-16 09:00,45803,10895,Sting Dallas Royal ECNL GU17,Classics Elite ECNL GU17,1,2,Lowery Freshman Center Stadium - Field 1,36,1375,Sting Soccer Club,Classics Elite Soccer Academy
U17,Texas,171782,2021-05-16 09:45,46786,10998,FC Dallas ECNL GU17,Sting Austin ECNL GU17,5,0,Frisco High School - Field 1,47,1690,FC Dallas Youth,Sting Austin
U17,Texas,171751,2021-05-16 12:00,19416,11591,Oklahoma Celtic ECNL GU17,Sting Dallas Black ECNL GU17,,,Oklahoma Celtic - Field 8,2134,36,Oklahoma Celtic,Sting Soccer Club
U17,Texas,171780,2021-05-16 13:00,11595,11589,AHFC ECNL GU17,Solar ECNL GU17,0,3,Campbell Road Sports Park - Field 1,10,101,Albion Hurricanes FC,Solar SC
U17,Texas,171752,2021-05-16 14:00,11587,11588,Tulsa SC ECNL GU17,DKSC ECNL GU17,0,3,ISSC - Field 37,106,7,Tulsa Soccer Club,No Club Selection
U17,Texas,171760,2021-05-19 20:30,6888,46786,Dallas Texans ECNL GU17,FC Dallas ECNL GU17,1,3,Arlington Heights High School - Field 1,37,47,Dallas Texans,FC Dallas Youth
U17,Texas,171736,2021-05-22 09:15,11593,11588,Challenge SC ECNL GU17,DKSC ECNL GU17,0,6,Matias Almeyda - Field 1,25,7,Challenge SC,No Club Selection
U17,Texas,171712,2021-05-22 11:00,19416,10895,Oklahoma Celtic ECNL GU17,Classics Elite ECNL GU17,3,1,Oklahoma Celtic - Field 8,2134,1375,Oklahoma Celtic,Classics Elite Soccer Academy
U17,Texas,171737,2021-05-22 11:00,11595,11591,AHFC ECNL GU17,Sting Dallas Black ECNL GU17,1,0,Campbell Road Sports Park - Field 1,10,36,Albion Hurricanes FC,Sting Soccer Club
U17,Texas,171713,2021-05-22 13:00,11587,10998,Tulsa SC ECNL GU17,Sting Austin ECNL GU17,0,2,ISSC - Field 37,106,1690,Tulsa Soccer Club,Sting Austin
U17,Texas,171743,2021-05-23 11:30,11595,11588,AHFC ECNL GU17,DKSC ECNL GU17,1,1,Campbell Road Sports Park - Field 1,10,7,Albion Hurricanes FC,No Club Selection
U17,Texas,171718,2021-05-23 13:00,19416,10998,Oklahoma Celtic ECNL GU17,Sting Austin ECNL GU17,2,2,Oklahoma Celtic - Field 11,2134,1690,Oklahoma Celtic,Sting Austin
U17,Texas,171742,2021-05-23 13:00,11593,11591,Challenge SC ECNL GU17,Sting Dallas Black ECNL GU17,2,5,Matias Almeyda - Field 2,25,36,Challenge SC,Sting Soccer Club
U17,Texas,171719,2021-05-23 14:00,11587,10895,Tulsa SC ECNL GU17,Classics Elite ECNL GU17,2,2,ISSC - Field 37,106,1375,Tulsa Soccer Club,Classics Elite Soccer Academy
U17,Texas,171765,2021-05-26 20:00,11589,46786,Solar ECNL GU17,FC Dallas ECNL GU17,3,0,Memorial High School - Field 1,101,47,Solar SC,FC Dallas Youth
U17,Texas,171768,2021-05-29 13:00,11593,46786,Challenge SC ECNL GU17,FC Dallas ECNL GU17,1,8,Burroughs Park - Field 4,25,47,Challenge SC,FC Dallas Youth
U17,Texas,171698,2021-05-29 15:30,11595,11587,AHFC ECNL GU17,Tulsa SC ECNL GU17,4,0,Campbell Road Sports Park - Field 1,10,106,Albion Hurricanes FC,Tulsa Soccer Club
U17,Texas,171771,2021-05-30 10:00,11595,46786,AHFC ECNL GU17,FC Dallas ECNL GU17,0,1,Campbell Road Sports Park - Field 1,10,47,Albion Hurricanes FC,FC Dallas Youth
U17,Texas,171703,2021-05-30 12:00,11593,11587,Challenge SC ECNL GU17,Tulsa SC ECNL GU17,4,1,Burroughs Park - Field 4,25,106,Challenge SC,Tulsa Soccer Club
U17,Texas,171766,2021-06-01 16:30,6888,45803,Dallas Texans ECNL GU17,Sting Dallas Royal ECNL GU17,3,0,Wakeland High School - Field 1,37,36,Dallas Texans,Sting Soccer Club
U17,Texas,171767,2021-06-04 18:00,11595,45803,AHFC ECNL GU17,Sting Dallas Royal ECNL GU17,2,3,Meyer Park - Field 4,10,36,Albion Hurricanes FC,Sting Soccer Club
U17,Texas,171676,2021-06-10 15:00,11589,11587,Solar ECNL GU17,Tulsa SC ECNL GU17,4,0,Titan Sports Performance Center - Field 2,101,106,Solar SC,Tulsa Soccer Club
U18/19,Mid-Atlantic,194451,2020-09-12 12:00,44733,19669,NC Courage ECNL GU18/U19,Wilmington Hammerheads ECNL GU18/U19,3,0,WRAL Soccer Complex - WRAL 06 Stadium,3404,2181,NC Courage Academy,Wilmington Hammerheads
U18/19,Mid-Atlantic,194452,2020-09-12 14:00,6876,6909,NCFC Youth ECNL GU18/U19,NC Fusion ECNL GU18/U19,0,4,WRAL Soccer Center - Soccer.com #12,22,71,NCFC Youth,NC Fusion
U18/19,Mid-Atlantic,194450,2020-09-12 15:00,6919,19778,Richmond United ECNL GU18/U19,Loudoun Soccer ECNL GU18/U19,4,0,West Creek - Field 6,417,450,Richmond United,Loudoun Soccer
U18/19,Mid-Atlantic,194454,2020-09-12 15:00,6918,44726,CESA ECNL GU18/U19,Charlotte SA ECNL GU18/U19,1,2,Mesa Soccer Complex - Field 1,380,26,Carolina Elite Soccer Academy,Charlotte Soccer Academy
U18/19,Mid-Atlantic,194453,2020-09-12 16:00,10706,10992,Charlotte Independence ECNL GU18/U19,South Carolina United ECNL GU18/U19,0,1,Bailey Road Park - Field 2 (lower),1010,1689,Charlotte Independence SC,South Carolina United FC
U18/19,Mid-Atlantic,194458,2020-09-13 03:00,10706,6918,Charlotte Independence ECNL GU18/U19,CESA ECNL GU18/U19,1,3,Bailey Road Park - Field 2 (lower),1010,380,Charlotte Independence SC,Carolina Elite Soccer Academy
U18/19,Mid-Atlantic,194456,2020-09-13 10:00,6909,44733,NC Fusion ECNL GU18/U19,NC Courage ECNL GU18/U19,5,3,Truist Sports Park - Field 1,71,3404,NC Fusion,NC Courage Academy
U18/19,Mid-Atlantic,194457,2020-09-13 13:00,19669,6876,Wilmington Hammerheads ECNL GU18/U19,NCFC Youth ECNL GU18/U19,2,1,Cape Fear Regional Soccer Park - Field 4,2181,22,Wilmington Hammerheads,NCFC Youth
U18/19,Mid-Atlantic,194455,2020-09-13 14:00,1517,6902,BRYC Elite Academy ECNL GU18/U19,McLean YSA ECNL GU18/U19,0,4,Robinson High School - Upper Turf,357,65,Braddock Road Youth Club,McLean Youth Soccer
U18/19,Mid-Atlantic,194464,2020-09-19 10:00,44726,10706,Charlotte SA ECNL GU18/U19,Charlotte Independence ECNL GU18/U19,3,0,OrthoCarolina Sportsplex - Field 6,26,1010,Charlotte Soccer Academy,Charlotte Independence SC
U18/19,Mid-Atlantic,194460,2020-09-19 11:00,6919,1517,Richmond United ECNL GU18/U19,BRYC Elite Academy ECNL GU18/U19,1,2,West Creek - Field 6,417,357,Richmond United,Braddock Road Youth Club
U18/19,Mid-Atlantic,194459,2020-09-19 13:00,14003,19778,VDA ECNL GU18/U19,Loudoun Soccer ECNL GU18/U19,5,0,Ali Krieger Sports Complex (AKSC) - Field 8,1785,450,Virginia Development Academy,Loudoun Soccer
U18/19,Mid-Atlantic,194461,2020-09-19 14:00,44733,10992,NC Courage ECNL GU18/U19,South Carolina United ECNL GU18/U19,5,0,WRAL Soccer Complex - WRAL 05 First Watch,3404,1689,NC Courage Academy,South Carolina United FC
U18/19,Mid-Atlantic,194462,2020-09-19 14:00,6876,6918,NCFC Youth ECNL GU18/U19,CESA ECNL GU18/U19,0,3,WRAL Soccer Center - Ricky Horwitz #3,22,380,NCFC Youth,Carolina Elite Soccer Academy
U18/19,Mid-Atlantic,194463,2020-09-19 16:00,6909,19669,NC Fusion ECNL GU18/U19,Wilmington Hammerheads ECNL GU18/U19,2,3,Truist Soccer Complex at Bryan Park - BP 08 Secret,71,2181,NC Fusion,Wilmington Hammerheads
U18/19,Mid-Atlantic,194466,2020-09-20 11:00,6876,10992,NCFC Youth ECNL GU18/U19,South Carolina United ECNL GU18/U19,0,1,Wake Competition Center - Field 1,22,1689,NCFC Youth,South Carolina United FC
U18/19,Mid-Atlantic,194467,2020-09-20 11:00,44726,6909,Charlotte SA ECNL GU18/U19,NC Fusion ECNL GU18/U19,3,2,OrthoCarolina Sportsplex - Field 6,26,71,Charlotte Soccer Academy,NC Fusion
U18/19,Mid-Atlantic,194465,2020-09-20 13:00,44733,6918,NC Courage ECNL GU18/U19,CESA ECNL GU18/U19,2,0,WRAL Soccer Complex - WRAL 06 Stadium,3404,380,NC Courage Academy,Carolina Elite Soccer Academy
U18/19,Mid-Atlantic,194468,2020-09-26 10:00,6902,6919,McLean YSA ECNL GU18/U19,Richmond United ECNL GU18/U19,3,0,Lewinsville Park - Field 2,65,417,McLean Youth Soccer,Richmond United
U18/19,Mid-Atlantic,194469,2020-09-26 15:00,14003,1517,VDA ECNL GU18/U19,BRYC Elite Academy ECNL GU18/U19,1,2,Ali Krieger Sports Complex (AKSC) - Field 7,1785,357,Virginia Development Academy,Braddock Road Youth Club
U18/19,Mid-Atlantic,194472,2020-09-26 15:00,6909,10992,NC Fusion ECNL GU18/U19,South Carolina United ECNL GU18/U19,4,1,Truist Soccer Complex at Bryan Park - BP 07,71,1689,NC Fusion,South Carolina United FC
U18/19,Mid-Atlantic,194470,2020-09-26 16:00,44733,44726,NC Courage ECNL GU18/U19,Charlotte SA ECNL GU18/U19,3,0,WRAL Soccer Complex - WRAL 06 Stadium,3404,26,NC Courage Academy,Charlotte Soccer Academy
U18/19,Mid-Atlantic,194471,2020-09-26 16:00,6876,10706,NCFC Youth ECNL GU18/U19,Charlotte Independence ECNL GU18/U19,1,0,WRAL Soccer Center - Office Mart #13,22,1010,NCFC Youth,Charlotte Independence SC
U18/19,Mid-Atlantic,194473,2020-09-27 15:00,10992,44726,South Carolina United ECNL GU18/U19,Charlotte SA ECNL GU18/U19,2,4,Southeastern Freight Lines Complex - Stadium B,1689,26,South Carolina United FC,Charlotte Soccer Academy
U18/19,Mid-Atlantic,194475,2020-10-03 13:00,19669,6918,Wilmington Hammerheads ECNL GU18/U19,CESA ECNL GU18/U19,2,1,Cape Fear Regional Soccer Park - Field 3,2181,380,Wilmington Hammerheads,Carolina Elite Soccer Academy
U18/19,Mid-Atlantic,194474,2020-10-03 15:00,6919,14003,Richmond United ECNL GU18/U19,VDA ECNL GU18/U19,1,1,West Creek - Field 6,417,1785,Richmond United,Virginia Development Academy
U18/19,Mid-Atlantic,194476,2020-10-03 16:00,44726,10992,Charlotte SA ECNL GU18/U19,South Carolina United ECNL GU18/U19,3,0,OrthoCarolina Sportsplex - Field 6,26,1689,Charlotte Soccer Academy,South Carolina United FC
U18/19,Mid-Atlantic,194479,2020-10-04 11:00,6909,6876,NC Fusion ECNL GU18/U19,NCFC Youth ECNL GU18/U19,1,0,Truist Soccer Complex at Bryan Park - BP 02 Triton Management,71,22,NC Fusion,NCFC Youth
U18/19,Mid-Atlantic,194477,2020-10-04 14:00,19778,6902,Loudoun Soccer ECNL GU18/U19,McLean YSA ECNL GU18/U19,1,4,Loudoun Soccer Park - Field 2,450,65,Loudoun Soccer,McLean Youth Soccer
U18/19,Mid-Atlantic,194478,2020-10-04 15:00,44733,10706,NC Courage ECNL GU18/U19,Charlotte Independence ECNL GU18/U19,2,1,WRAL Soccer Complex - WRAL 04 Accentuate Staffing,3404,1010,NC Courage Academy,Charlotte Independence SC
U18/19,Mid-Atlantic,194480,2020-10-10 16:00,1517,6919,BRYC Elite Academy ECNL GU18/U19,Richmond United ECNL GU18/U19,2,2,Robinson High School - Upper Turf,357,417,Braddock Road Youth Club,Richmond United
U18/19,Mid-Atlantic,194482,2020-10-10 16:00,10706,19669,Charlotte Independence ECNL GU18/U19,Wilmington Hammerheads ECNL GU18/U19,2,1,Bradford Park - Field 2,1010,2181,Charlotte Independence SC,Wilmington Hammerheads
U18/19,Mid-Atlantic,194483,2020-10-11 15:00,44733,6909,NC Courage ECNL GU18/U19,NC Fusion ECNL GU18/U19,2,2,WRAL Soccer Complex - WRAL 06 Stadium,3404,71,NC Courage Academy,NC Fusion
U18/19,Mid-Atlantic,194486,2020-10-17 10:00,6876,19669,NCFC Youth ECNL GU18/U19,Wilmington Hammerheads ECNL GU18/U19,1,2,WRAL Soccer Center - Stadium #6,22,2181,NCFC Youth,Wilmington Hammerheads
U18/19,Mid-Atlantic,194485,2020-10-17 13:00,14003,6902,VDA ECNL GU18/U19,McLean YSA ECNL GU18/U19,2,4,Ali Krieger Sports Complex (AKSC) - Field 8,1785,65,Virginia Development Academy,McLean Youth Soccer
U18/19,Mid-Atlantic,194487,2020-10-17 13:00,10706,6909,Charlotte Independence ECNL GU18/U19,NC Fusion ECNL GU18/U19,2,3,Bradford Park - Field 2,1010,71,Charlotte Independence SC,NC Fusion
U18/19,Mid-Atlantic,194484,2020-10-17 14:00,1517,19778,BRYC Elite Academy ECNL GU18/U19,Loudoun Soccer ECNL GU18/U19,5,0,Robinson High School - Upper Turf,357,450,Braddock Road Youth Club,Loudoun Soccer
U18/19,Mid-Atlantic,194488,2020-10-17 16:00,44726,6918,Charlotte SA ECNL GU18/U19,CESA ECNL GU18/U19,3,1,OrthoCarolina Sportsplex - Field 6,26,380,Charlotte Soccer Academy,Carolina Elite Soccer Academy
U18/19,Mid-Atlantic,194490,2020-10-18 11:00,19669,6909,Wilmington Hammerheads ECNL GU18/U19,NC Fusion ECNL GU18/U19,1,2,Cape Fear Regional Soccer Park - Field 4,2181,71,Wilmington Hammerheads,NC Fusion
U18/19,Mid-Atlantic,194489,2020-10-18 15:00,6876,44726,NCFC Youth ECNL GU18/U19,Charlotte SA ECNL GU18/U19,0,5,WRAL Soccer Center - Stadium #6,22,26,NCFC Youth,Charlotte Soccer Academy
U18/19,Mid-Atlantic,194491,2020-10-18 15:00,6918,10706,CESA ECNL GU18/U19,Charlotte Independence ECNL GU18/U19,0,1,Mesa Soccer Complex - Field 1,380,1010,Carolina Elite Soccer Academy,Charlotte Independence SC
U18/19,Mid-Atlantic,194494,2020-10-24 10:00,44733,6876,NC Courage ECNL GU18/U19,NCFC Youth ECNL GU18/U19,4,1,WRAL Soccer Complex - WRAL 06 Stadium,3404,22,NC Courage Academy,NCFC Youth
U18/19,Mid-Atlantic,194495,2020-10-24 15:00,19669,10992,Wilmington Hammerheads ECNL GU18/U19,South Carolina United ECNL GU18/U19,5,0,Cape Fear Regional Soccer Park - Field 4,2181,1689,Wilmington Hammerheads,South Carolina United FC
U18/19,Mid-Atlantic,194493,2020-10-24 16:00,19778,6919,Loudoun Soccer ECNL GU18/U19,Richmond United ECNL GU18/U19,1,1,Loudoun Soccer Park - Field 2,450,417,Loudoun Soccer,Richmond United
U18/19,Mid-Atlantic,194492,2020-10-24 19:00,6902,1517,McLean YSA ECNL GU18/U19,BRYC Elite Academy ECNL GU18/U19,3,2,Lewinsville Park - Field 2,65,357,McLean Youth Soccer,Braddock Road Youth Club
U18/19,Mid-Atlantic,194498,2020-10-31 10:00,6876,44733,NCFC Youth ECNL GU18/U19,NC Courage ECNL GU18/U19,0,2,WRAL Soccer Center - Stadium #6,22,3404,NCFC Youth,NC Courage Academy
U18/19,Mid-Atlantic,194499,2020-10-31 12:00,44726,19669,Charlotte SA ECNL GU18/U19,Wilmington Hammerheads ECNL GU18/U19,5,0,OrthoCarolina Sportsplex - Field 6,26,2181,Charlotte Soccer Academy,Wilmington Hammerheads
U18/19,Mid-Atlantic,194501,2020-10-31 13:00,10992,10706,South Carolina United ECNL GU18/U19,Charlotte Independence ECNL GU18/U19,0,2,Southeastern Freight Lines Complex - Stadium A,1689,1010,South Carolina United FC,Charlotte Independence SC
U18/19,Mid-Atlantic,194500,2020-10-31 15:00,6909,6918,NC Fusion ECNL GU18/U19,CESA ECNL GU18/U19,1,0,Truist Soccer Complex at Bryan Park - BP 01,71,380,NC Fusion,Carolina Elite Soccer Academy
U18/19,Mid-Atlantic,194503,2020-11-01 09:00,10706,44726,Charlotte Independence ECNL GU18/U19,Charlotte SA ECNL GU18/U19,1,4,Bailey Road Park - Field 1 (upper),1010,26,Charlotte Independence SC,Charlotte Soccer Academy
U18/19,Mid-Atlantic,194502,2020-11-01 10:00,6919,6902,Richmond United ECNL GU18/U19,McLean YSA ECNL GU18/U19,0,0,West Creek - Field 6,417,65,Richmond United,McLean Youth Soccer
U18/19,Mid-Atlantic,194481,2020-11-11 20:00,19778,14003,Loudoun Soccer ECNL GU18/U19,VDA ECNL GU18/U19,2,3,Loudoun Soccer Park - Field 2,450,1785,Loudoun Soccer,Virginia Development Academy
U18/19,Mid-Atlantic,194510,2020-11-14 15:00,10706,6876,Charlotte Independence ECNL GU18/U19,NCFC Youth ECNL GU18/U19,2,1,Manchester Meadows - Field 2,1010,22,Charlotte Independence SC,NCFC Youth
U18/19,Mid-Atlantic,194512,2020-11-14 15:00,6918,6909,CESA ECNL GU18/U19,NC Fusion ECNL GU18/U19,1,2,Mesa Soccer Complex - Field 1,380,71,Carolina Elite Soccer Academy,NC Fusion
U18/19,Mid-Atlantic,194509,2020-11-14 16:00,44726,44733,Charlotte SA ECNL GU18/U19,NC Courage ECNL GU18/U19,4,0,OrthoCarolina Sportsplex - Field 3,26,3404,Charlotte Soccer Academy,NC Courage Academy
U18/19,Mid-Atlantic,194511,2020-11-14 17:00,10992,19669,South Carolina United ECNL GU18/U19,Wilmington Hammerheads ECNL GU18/U19,2,1,Southeastern Freight Lines Complex - Stadium B,1689,2181,South Carolina United FC,Wilmington Hammerheads
U18/19,Mid-Atlantic,194516,2020-11-15 11:00,10992,6909,South Carolina United ECNL GU18/U19,NC Fusion ECNL GU18/U19,2,3,Southeastern Freight Lines Complex - Stadium B,1689,71,South Carolina United FC,NC Fusion
U18/19,Mid-Atlantic,194513,2020-11-15 13:00,44726,6876,Charlotte SA ECNL GU18/U19,NCFC Youth ECNL GU18/U19,4,1,OrthoCarolina Sportsplex - Field 6,26,22,Charlotte Soccer Academy,NCFC Youth
U18/19,Mid-Atlantic,194515,2020-11-15 13:00,6918,19669,CESA ECNL GU18/U19,Wilmington Hammerheads ECNL GU18/U19,0,3,Mesa Soccer Complex - Field 1,380,2181,Carolina Elite Soccer Academy,Wilmington Hammerheads
U18/19,Mid-Atlantic,194514,2020-11-15 15:00,10706,44733,Charlotte Independence ECNL GU18/U19,NC Courage ECNL GU18/U19,1,2,Manchester Meadows - Field 2,1010,3404,Charlotte Independence SC,NC Courage Academy
U18/19,Mid-Atlantic,194508,2020-11-21 10:00,19778,1517,Loudoun Soccer ECNL GU18/U19,BRYC Elite Academy ECNL GU18/U19,1,3,Riverside High School - Stadium,450,357,Loudoun Soccer,Braddock Road Youth Club
U18/19,Mid-Atlantic,194520,2020-11-21 11:00,19669,44726,Wilmington Hammerheads ECNL GU18/U19,Charlotte SA ECNL GU18/U19,4,3,Cape Fear Regional Soccer Park - Field 4,2181,26,Wilmington Hammerheads,Charlotte Soccer Academy
U18/19,Mid-Atlantic,194517,2020-11-21 12:30,6902,14003,McLean YSA ECNL GU18/U19,VDA ECNL GU18/U19,3,0,Lewinsville Park - Field 2,65,1785,McLean Youth Soccer,Virginia Development Academy
U18/19,Mid-Atlantic,194518,2020-11-21 13:30,6918,6876,CESA ECNL GU18/U19,NCFC Youth ECNL GU18/U19,0,0,CFC - Field 2,380,22,Carolina Elite Soccer Academy,NCFC Youth
U18/19,Mid-Atlantic,194519,2020-11-21 15:00,10992,44733,South Carolina United ECNL GU18/U19,NC Courage ECNL GU18/U19,0,2,Southeastern Freight Lines Complex - Stadium A,1689,3404,South Carolina United FC,NC Courage Academy
U18/19,Mid-Atlantic,194521,2020-11-21 15:00,6909,10706,NC Fusion ECNL GU18/U19,Charlotte Independence ECNL GU18/U19,4,1,Truist Soccer Complex at Bryan Park - BP 08 Secret,71,1010,NC Fusion,Charlotte Independence SC
U18/19,Mid-Atlantic,194524,2020-11-22 12:00,19669,10706,Wilmington Hammerheads ECNL GU18/U19,Charlotte Independence ECNL GU18/U19,1,0,Cape Fear Regional Soccer Park - Field 4,2181,1010,Wilmington Hammerheads,Charlotte Independence SC
U18/19,Mid-Atlantic,194522,2020-11-22 13:00,6918,44733,CESA ECNL GU18/U19,NC Courage ECNL GU18/U19,0,1,CFC - Field 3,380,3404,Carolina Elite Soccer Academy,NC Courage Academy
U18/19,Mid-Atlantic,194523,2020-11-22 13:00,10992,6876,South Carolina United ECNL GU18/U19,NCFC Youth ECNL GU18/U19,0,0,Southeastern Freight Lines Complex - Stadium A,1689,22,South Carolina United FC,NCFC Youth
U18/19,Mid-Atlantic,194525,2020-11-22 13:00,6909,44726,NC Fusion ECNL GU18/U19,Charlotte SA ECNL GU18/U19,0,3,Truist Soccer Complex at Bryan Park - BP 01,71,26,NC Fusion,Charlotte Soccer Academy
U18/19,Mid-Atlantic,194497,2020-12-05 15:00,1517,14003,BRYC Elite Academy ECNL GU18/U19,VDA ECNL GU18/U19,4,0,Robinson High School - Upper Turf,357,1785,Braddock Road Youth Club,Virginia Development Academy
U18/19,Mid-Atlantic,194506,2021-01-17 15:00,6918,10992,CESA ECNL GU18/U19,South Carolina United ECNL GU18/U19,3,1,Wenwood - Field 3,380,1689,Carolina Elite Soccer Academy,South Carolina United FC
U18/19,Mid-Atlantic,194505,2021-01-23 13:00,10992,6918,South Carolina United ECNL GU18/U19,CESA ECNL GU18/U19,0,0,SCUFC West Complex - Field 4,1689,380,South Carolina United FC,Carolina Elite Soccer Academy
U18/19,Mid-Atlantic,194496,2021-02-06 14:00,19669,44733,Wilmington Hammerheads ECNL GU18/U19,NC Courage ECNL GU18/U19,1,0,Cape Fear Regional Soccer Park - Field 4,2181,3404,Wilmington Hammerheads,NC Courage Academy
U18/19,Mid-Atlantic,194504,2021-02-27 13:00,14003,6919,VDA ECNL GU18/U19,Richmond United ECNL GU18/U19,0,1,Long Park - Field 7,1785,417,Virginia Development Academy,Richmond United
U18/19,Mid-Atlantic,194507,2021-04-10 12:00,6902,19778,McLean YSA ECNL GU18/U19,Loudoun Soccer ECNL GU18/U19,4,1,Lewinsville Park - Field 2,65,450,McLean Youth Soccer,Loudoun Soccer
U18/19,Midwest,172216,2020-09-12 14:30,6895,6903,FC Wisconsin ECNL GU18/U19,Michigan Hawks Magic ECNL GU18/U19,2,2,FC Wisconsin Soccer Park - Field 1 - Val Olla Field,54,2359,FC Wisconsin Girls,Michigan Hawks
U18/19,Midwest,172215,2020-09-12 15:00,10866,6933,Gretna Elite Academy ECNL GU18/U19,SLSG White ECNL GU18/U19,2,2,College Boulevard Athletic Complex - Field 1,7,97,No Club Selection,St. Louis Scott Gallagher
U18/19,Midwest,172217,2020-09-12 16:00,20191,6936,Eclipse Select SC North ECNL GU18/U19,Vardar ECNL GU18/U19,1,2,FC Wisconsin Soccer Park - Field 2 - Hegarty Field,43,109,Eclipse Select Soccer Club,Vardar
U18/19,Midwest,172214,2020-09-12 18:00,19379,6922,Kansas City Athletics ECNL GU18/U19,SLSG Navy ECNL GU18/U19,1,3,College Boulevard Activity Complex - Soccer Field,2330,97,KC Athletics,St. Louis Scott Gallagher
U18/19,Midwest,172221,2020-09-13 11:00,20191,6903,Eclipse Select SC North ECNL GU18/U19,Michigan Hawks Magic ECNL GU18/U19,6,0,FC Wisconsin Soccer Park - Field 2 - Hegarty Field,43,2359,Eclipse Select Soccer Club,Michigan Hawks
U18/19,Midwest,172220,2020-09-13 14:30,6895,6936,FC Wisconsin ECNL GU18/U19,Vardar ECNL GU18/U19,0,1,FC Wisconsin Soccer Park - Field 1 - Val Olla Field,54,109,FC Wisconsin Girls,Vardar
U18/19,Midwest,172218,2020-09-13 15:00,19379,6933,Kansas City Athletics ECNL GU18/U19,SLSG White ECNL GU18/U19,3,2,College Boulevard Activity Complex - Football Field,2330,97,KC Athletics,St. Louis Scott Gallagher
U18/19,Midwest,172219,2020-09-13 15:00,10866,6922,Gretna Elite Academy ECNL GU18/U19,SLSG Navy ECNL GU18/U19,0,3,College Boulevard Athletic Complex - Field 1,7,97,No Club Selection,St. Louis Scott Gallagher
U18/19,Midwest,172223,2020-09-19 08:00,6936,19899,Vardar ECNL GU18/U19,Michigan Hawks ECNL GU18/U19,1,5,Oakland University - Field 1,109,2359,Vardar,Michigan Hawks
U18/19,Midwest,172222,2020-09-19 15:00,6903,6889,Michigan Hawks Magic ECNL GU18/U19,Eclipse Select SC ECNL GU18/U19,1,8,,2359,43,Michigan Hawks,Eclipse Select Soccer Club
U18/19,Midwest,172224,2020-09-20 15:00,6936,6889,Vardar ECNL GU18/U19,Eclipse Select SC ECNL GU18/U19,1,8,The Plex - Field 6,109,43,Vardar,Eclipse Select Soccer Club
U18/19,Midwest,172213,2020-10-03 16:00,19899,6903,Michigan Hawks ECNL GU18/U19,Michigan Hawks Magic ECNL GU18/U19,2,1,Schoolcraft Turf - SC Turf,2359,2359,Michigan Hawks,Michigan Hawks
U18/19,Midwest,172226,2020-10-10 15:00,6922,19899,SLSG Navy ECNL GU18/U19,Michigan Hawks ECNL GU18/U19,3,2,Grand Park Sports Campus - Field 2,97,2359,St. Louis Scott Gallagher,Michigan Hawks
U18/19,Midwest,172230,2020-10-10 15:00,19379,6936,Kansas City Athletics ECNL GU18/U19,Vardar ECNL GU18/U19,2,0,Indiana Elite FC Soccer Complex - Field 1,2330,109,KC Athletics,Vardar
U18/19,Midwest,172232,2020-10-10 15:00,6933,6903,SLSG White ECNL GU18/U19,Michigan Hawks Magic ECNL GU18/U19,2,0,Grand Park Sports Campus - Field 3,97,2359,St. Louis Scott Gallagher,Michigan Hawks
U18/19,Midwest,172257,2020-10-10 15:00,10866,6895,Gretna Elite Academy ECNL GU18/U19,FC Wisconsin ECNL GU18/U19,2,1,Indiana Elite FC Soccer Complex - Field 3,7,54,No Club Selection,FC Wisconsin Girls
U18/19,Midwest,172243,2020-10-11 12:00,6936,10866,Vardar ECNL GU18/U19,Gretna Elite Academy ECNL GU18/U19,3,1,Indiana Elite Soccer Complex - Field 1,109,7,Vardar,No Club Selection
U18/19,Midwest,172258,2020-10-11 12:00,6895,19379,FC Wisconsin ECNL GU18/U19,Kansas City Athletics ECNL GU18/U19,1,2,Indiana Elite FC Soccer Complex - Field 3,54,2330,FC Wisconsin Girls,KC Athletics
U18/19,Midwest,172235,2020-10-11 14:00,19899,6933,Michigan Hawks ECNL GU18/U19,SLSG White ECNL GU18/U19,3,0,Grand Park Sports Campus - Field 2,2359,97,Michigan Hawks,St. Louis Scott Gallagher
U18/19,Midwest,172241,2020-10-11 14:00,6903,6922,Michigan Hawks Magic ECNL GU18/U19,SLSG Navy ECNL GU18/U19,0,3,Grand Park Sports Campus - Field 3,2359,97,Michigan Hawks,St. Louis Scott Gallagher
U18/19,Midwest,172246,2020-10-24 14:30,6933,20191,SLSG White ECNL GU18/U19,Eclipse Select SC North ECNL GU18/U19,2,0,Trinity Sports Park - Field 1,97,43,St. Louis Scott Gallagher,Eclipse Select Soccer Club
U18/19,Midwest,172245,2020-10-24 17:30,6922,6889,SLSG Navy ECNL GU18/U19,Eclipse Select SC ECNL GU18/U19,1,2,Heartland Sports Memorial Stadium - Field 1,97,43,St. Louis Scott Gallagher,Eclipse Select Soccer Club
U18/19,Midwest,172248,2020-10-25 10:30,6903,6936,Michigan Hawks Magic ECNL GU18/U19,Vardar ECNL GU18/U19,1,1,St. Joe's Sports Complex - Outdoor Turf,2359,109,Michigan Hawks,Vardar
U18/19,Midwest,172247,2020-10-25 12:30,6895,19899,FC Wisconsin ECNL GU18/U19,Michigan Hawks ECNL GU18/U19,0,2,FC Wisconsin Soccer Park - Field 1 - Val Olla Field,54,2359,FC Wisconsin Girls,Michigan Hawks
U18/19,Midwest,172259,2020-10-25 15:45,20191,6922,Eclipse Select SC North ECNL GU18/U19,SLSG Navy ECNL GU18/U19,,,Trinity Sports Park - Field 1,43,97,Eclipse Select Soccer Club,St. Louis Scott Gallagher
U18/19,Midwest,172229,2020-10-31,20191,6895,Eclipse Select SC North ECNL GU18/U19,FC Wisconsin ECNL GU18/U19,,,,43,54,Eclipse Select Soccer Club,FC Wisconsin Girls
U18/19,Midwest,172240,2020-10-31 13:00,19379,19899,Kansas City Athletics ECNL GU18/U19,Michigan Hawks ECNL GU18/U19,5,1,"The TBK Bank Sports Complex, LLC - Field 7",2330,2359,KC Athletics,Michigan Hawks
U18/19,Midwest,172242,2020-10-31 13:00,6933,6895,SLSG White ECNL GU18/U19,FC Wisconsin ECNL GU18/U19,0,0,"The TBK Bank Sports Complex, LLC - Field 4",97,54,St. Louis Scott Gallagher,FC Wisconsin Girls
U18/19,Midwest,172228,2020-10-31 15:00,10866,6903,Gretna Elite Academy ECNL GU18/U19,Michigan Hawks Magic ECNL GU18/U19,1,2,The TBK Bank Sports Complex LLC - Field 8,7,2359,No Club Selection,Michigan Hawks
U18/19,Midwest,172237,2020-10-31 15:00,6922,6936,SLSG Navy ECNL GU18/U19,Vardar ECNL GU18/U19,2,1,"The TBK Bank Sports Complex, LLC - Field 3",97,109,St. Louis Scott Gallagher,Vardar
U18/19,Midwest,172227,2020-11-01 14:00,6936,6933,Vardar ECNL GU18/U19,SLSG White ECNL GU18/U19,2,2,"The TBK Bank Sports Complex, LLC - Field 1",109,97,Vardar,St. Louis Scott Gallagher
U18/19,Midwest,172231,2020-11-01 14:00,19899,10866,Michigan Hawks ECNL GU18/U19,Gretna Elite Academy ECNL GU18/U19,2,2,"The TBK Bank Sports Complex, LLC - Field 4",2359,7,Michigan Hawks,No Club Selection
U18/19,Midwest,172234,2020-11-01 14:00,6895,6922,FC Wisconsin ECNL GU18/U19,SLSG Navy ECNL GU18/U19,1,3,"The TBK Bank Sports Complex, LLC - Field 3",54,97,FC Wisconsin Girls,St. Louis Scott Gallagher
U18/19,Midwest,172236,2020-11-01 14:00,6903,19379,Michigan Hawks Magic ECNL GU18/U19,Kansas City Athletics ECNL GU18/U19,0,1,"The TBK Bank Sports Complex, LLC - Field 2",2359,2330,Michigan Hawks,KC Athletics
U18/19,Midwest,172244,2020-11-04 17:30,10866,19379,Gretna Elite Academy ECNL GU18/U19,Kansas City Athletics ECNL GU18/U19,0,0,Papillion Landing - #1 Turf,7,2330,No Club Selection,KC Athletics
U18/19,Midwest,172239,2020-11-04 19:30,6895,6889,FC Wisconsin ECNL GU18/U19,Eclipse Select SC ECNL GU18/U19,0,5,FC Wisconsin Soccer Park - Field 2 - Hegarty Field,54,43,FC Wisconsin Girls,Eclipse Select Soccer Club
U18/19,Midwest,172249,2020-11-07 10:00,6889,19899,Eclipse Select SC ECNL GU18/U19,Michigan Hawks ECNL GU18/U19,2,1,Jr Irish Fields - Field 2,43,2359,Eclipse Select Soccer Club,Michigan Hawks
U18/19,Midwest,172251,2020-11-08 11:00,10866,6904,Gretna Elite Academy ECNL GU18/U19,Minnesota Thunder ECNL GU18/U19,0,1,Papillion Landing - #1 Turf,7,7,No Club Selection,No Club Selection
U18/19,Midwest,172253,2020-11-22 14:45,6922,6933,SLSG Navy ECNL GU18/U19,SLSG White ECNL GU18/U19,5,0,WWT Soccer Park - Field 1,97,97,St. Louis Scott Gallagher,St. Louis Scott Gallagher
U18/19,Midwest,172262,2021-01-16 13:30,6904,20191,Minnesota Thunder ECNL GU18/U19,Eclipse Select SC North ECNL GU18/U19,,,Academy of Holy Angels - South Turf 1 (11v11),7,43,No Club Selection,Eclipse Select Soccer Club
U18/19,Midwest,172264,2021-01-30 14:00,6904,19379,Minnesota Thunder ECNL GU18/U19,Kansas City Athletics ECNL GU18/U19,2,2,Academy of Holy Angels - South Turf 1 (11v11),7,2330,No Club Selection,KC Athletics
U18/19,Midwest,172255,2021-02-20 14:30,6922,6904,SLSG Navy ECNL GU18/U19,Minnesota Thunder ECNL GU18/U19,,,MO RUSH Sports Park - Field 3,97,7,St. Louis Scott Gallagher,No Club Selection
U18/19,Midwest,172260,2021-02-21 12:30,6904,6933,Minnesota Thunder ECNL GU18/U19,SLSG White ECNL GU18/U19,,,Missouri Rush Sports Park - Field 4,7,97,No Club Selection,St. Louis Scott Gallagher
U18/19,Midwest,172265,2021-02-27 14:15,6936,6904,Vardar ECNL GU18/U19,Minnesota Thunder ECNL GU18/U19,2,0,Evolution Sportsplex Dome - Field 1,109,7,Vardar,No Club Selection
U18/19,Midwest,172238,2021-02-27 15:00,10866,20191,Gretna Elite Academy ECNL GU18/U19,Eclipse Select SC North ECNL GU18/U19,4,0,,7,43,No Club Selection,Eclipse Select Soccer Club
U18/19,Midwest,172225,2021-02-27 16:00,6889,19379,Eclipse Select SC ECNL GU18/U19,Kansas City Athletics ECNL GU18/U19,2,0,Swope Soccer Village - Field 3,43,2330,Eclipse Select Soccer Club,KC Athletics
U18/19,Midwest,172266,2021-02-28 08:00,6903,6904,Michigan Hawks Magic ECNL GU18/U19,Minnesota Thunder ECNL GU18/U19,1,4,St. Joe's Sports Complex - Dome,2359,7,Michigan Hawks,No Club Selection
U18/19,Midwest,172254,2021-02-28 10:00,19379,20191,Kansas City Athletics ECNL GU18/U19,Eclipse Select SC North ECNL GU18/U19,6,1,Swope Soccer Village - Field 4,2330,43,KC Athletics,Eclipse Select Soccer Club
U18/19,Midwest,172261,2021-02-28 13:30,10866,6889,Gretna Elite Academy ECNL GU18/U19,Eclipse Select SC ECNL GU18/U19,0,7,,7,43,No Club Selection,Eclipse Select Soccer Club
U18/19,Midwest,172250,2021-03-06 14:00,6904,6895,Minnesota Thunder ECNL GU18/U19,FC Wisconsin ECNL GU18/U19,3,1,Academy of Holy Angels - South Turf 1 (11v11),7,54,No Club Selection,FC Wisconsin Girls
U18/19,Midwest,172252,2021-03-14 15:30,19899,20191,Michigan Hawks ECNL GU18/U19,Eclipse Select SC North ECNL GU18/U19,1,1,Dowling Park - Field 1,2359,43,Michigan Hawks,Eclipse Select Soccer Club
U18/19,Midwest,172256,2021-03-20 13:00,6889,6933,Eclipse Select SC ECNL GU18/U19,SLSG White ECNL GU18/U19,2,2,O'Fallon Sports Park - Field 3,43,97,Eclipse Select Soccer Club,St. Louis Scott Gallagher
U18/19,Midwest,172233,2021-04-03 09:00,20191,6889,Eclipse Select SC North ECNL GU18/U19,Eclipse Select SC ECNL GU18/U19,1,5,Oak Brook PD Turf - Field 1,43,43,Eclipse Select Soccer Club,Eclipse Select Soccer Club
U18/19,Midwest,172263,2021-04-25 08:30,6904,6889,Minnesota Thunder ECNL GU18/U19,Eclipse Select SC ECNL GU18/U19,0,5,UW River Falls Ramer Field - Field 1,7,43,No Club Selection,Eclipse Select Soccer Club
U18/19,Midwest,172267,2021-05-01 13:15,19899,6904,Michigan Hawks ECNL GU18/U19,Minnesota Thunder ECNL GU18/U19,1,0,Stuarts Sports Complex - Field 22,2359,7,Michigan Hawks,No Club Selection
U18/19,Mountain,209152,2020-09-13 11:00,45858,35224,Real Colorado National ECNL GU18/U19,Pride SC ECNL GU18/U19,7,1,Real Colorado Soccer Complex - RCSC Grass,81,2335,Real Colorado,Pride SC
U18/19,Mountain,209158,2020-09-13 13:30,2856,46448,Colorado Rapids ECNL GU18/U19,Real Colorado Athletico ECNL GU18/U19,5,1,Gates South Soccer Complex - 6,29,81,Colorado Storm,Real Colorado
U18/19,Mountain,210449,2020-09-19 13:30,45858,46448,Real Colorado National ECNL GU18/U19,Real Colorado Athletico ECNL GU18/U19,5,1,Real Colorado Soccer Complex - RCSC Grass,81,81,Real Colorado,Real Colorado
U18/19,Mountain,209164,2020-09-19 14:00,35224,2856,Pride SC ECNL GU18/U19,Colorado Rapids ECNL GU18/U19,3,4,Pride Soccer Complex - Field 1,2335,29,Pride SC,Colorado Storm
U18/19,Mountain,207364,2020-09-26 11:15,46448,35224,Real Colorado Athletico ECNL GU18/U19,Pride SC ECNL GU18/U19,3,2,Real Colorado Soccer Complex - RCSC Grass,81,2335,Real Colorado,Pride SC
U18/19,Mountain,207365,2020-09-26 13:30,2856,45858,Colorado Rapids ECNL GU18/U19,Real Colorado National ECNL GU18/U19,2,4,Gates South Soccer Complex - 6,29,81,Colorado Storm,Real Colorado
U18/19,Mountain,207366,2020-10-03 13:30,46448,2856,Real Colorado Athletico ECNL GU18/U19,Colorado Rapids ECNL GU18/U19,3,2,Real Colorado Soccer Complex - RCSC Grass,81,29,Real Colorado,Colorado Storm
U18/19,Mountain,207367,2020-10-03 14:00,35224,45858,Pride SC ECNL GU18/U19,Real Colorado National ECNL GU18/U19,3,2,Pride Soccer Complex - Field 1,2335,81,Pride SC,Real Colorado
U18/19,Mountain,207368,2020-10-24 13:30,2856,35224,Colorado Rapids ECNL GU18/U19,Pride SC ECNL GU18/U19,3,1,Gates South Soccer Complex - 6,29,2335,Colorado Storm,Pride SC
U18/19,Mountain,207369,2020-10-24 13:30,46448,45858,Real Colorado Athletico ECNL GU18/U19,Real Colorado National ECNL GU18/U19,1,4,Real Colorado Soccer Complex - RCSC Grass,81,81,Real Colorado,Real Colorado
U18/19,Mountain,207381,2021-02-27 11:00,35224,45852,Pride SC ECNL GU18/U19,La Roca FC ECNL GU18/U19,0,8,Pride Soccer Complex - Field 1,2335,1760,Pride SC,La Roca FC
U18/19,Mountain,207380,2021-02-27 13:30,2856,6935,Colorado Rapids ECNL GU18/U19,Utah Avalanche ECNL GU18/U19,0,4,Douglas County Fairgrounds - Field #6,29,107,Colorado Storm,Utah Avalanche
U18/19,Mountain,207382,2021-02-28 11:00,35224,6935,Pride SC ECNL GU18/U19,Utah Avalanche ECNL GU18/U19,0,5,Pride Soccer Complex - Field 1,2335,107,Pride SC,Utah Avalanche
U18/19,Mountain,207383,2021-02-28 13:30,2856,45852,Colorado Rapids ECNL GU18/U19,La Roca FC ECNL GU18/U19,2,3,Dick's Sporting Goods Park - DSGP - 10,29,1760,Colorado Storm,La Roca FC
U18/19,Mountain,207371,2021-03-21 11:00,35224,46448,Pride SC ECNL GU18/U19,Real Colorado Athletico ECNL GU18/U19,0,2,Pride Soccer Complex - Field 1,2335,81,Pride SC,Real Colorado
U18/19,Mountain,207388,2021-03-27 09:00,6935,46448,Utah Avalanche ECNL GU18/U19,Real Colorado Athletico ECNL GU18/U19,4,0,Legacy Events Center - Field 1,107,81,Utah Avalanche,Real Colorado
U18/19,Mountain,207389,2021-03-27 10:00,45852,45858,La Roca FC ECNL GU18/U19,Real Colorado National ECNL GU18/U19,0,1,Spence Eccles Ogden Community Sports Complex - Field 2,1760,81,La Roca FC,Real Colorado
U18/19,Mountain,207391,2021-03-28 09:00,6935,45858,Utah Avalanche ECNL GU18/U19,Real Colorado National ECNL GU18/U19,1,3,Legacy Events Center - Field 1,107,81,Utah Avalanche,Real Colorado
U18/19,Mountain,207390,2021-03-28 10:00,45852,46448,La Roca FC ECNL GU18/U19,Real Colorado Athletico ECNL GU18/U19,2,0,La Roca Park - Field 2,1760,81,La Roca FC,Real Colorado
U18/19,Mountain,207370,2021-04-03 13:30,45858,2856,Real Colorado National ECNL GU18/U19,Colorado Rapids ECNL GU18/U19,6,1,Real Colorado Soccer Complex - RCSC Grass,81,29,Real Colorado,Colorado Storm
U18/19,Mountain,207376,2021-04-17 13:30,45858,6935,Real Colorado National ECNL GU18/U19,Utah Avalanche ECNL GU18/U19,2,1,Real Colorado Soccer Complex - RCSC Grass,81,107,Real Colorado,Utah Avalanche
U18/19,Mountain,207377,2021-04-17 13:30,46448,45852,Real Colorado Athletico ECNL GU18/U19,La Roca FC ECNL GU18/U19,0,6,Highland Heritage Regional Park - HHRP Stadium,81,1760,Real Colorado,La Roca FC
U18/19,Mountain,207378,2021-04-18 13:30,46448,6935,Real Colorado Athletico ECNL GU18/U19,Utah Avalanche ECNL GU18/U19,1,3,Highland Heritage Regional Park - HHRP Stadium,81,107,Real Colorado,Utah Avalanche
U18/19,Mountain,207379,2021-04-18 13:30,45858,45852,Real Colorado National ECNL GU18/U19,La Roca FC ECNL GU18/U19,2,1,Real Colorado Soccer Complex - RCSC Grass,81,1760,Real Colorado,La Roca FC
U18/19,Mountain,207372,2021-04-24 11:00,6935,2856,Utah Avalanche ECNL GU18/U19,Colorado Rapids ECNL GU18/U19,2,3,Woods Cross High School - Field 1,107,29,Utah Avalanche,Colorado Storm
U18/19,Mountain,207373,2021-04-24 13:30,45852,35224,La Roca FC ECNL GU18/U19,Pride SC ECNL GU18/U19,7,0,La Roca Park - Field 2,1760,2335,La Roca FC,Pride SC
U18/19,Mountain,207374,2021-04-25 09:00,45852,2856,La Roca FC ECNL GU18/U19,Colorado Rapids ECNL GU18/U19,4,1,Legacy Events Center - Field 2 #2022,1760,29,La Roca FC,Colorado Storm
U18/19,Mountain,207375,2021-04-25 09:00,6935,35224,Utah Avalanche ECNL GU18/U19,Pride SC ECNL GU18/U19,2,0,Legacy Events Center - Field 2,107,2335,Utah Avalanche,Pride SC
U18/19,Mountain,207396,2021-05-16 09:00,45852,6935,La Roca FC ECNL GU18/U19,Utah Avalanche ECNL GU18/U19,4,1,Legacy Events Center - Field 4 #2026,1760,107,La Roca FC,Utah Avalanche
U18/19,Mountain,207397,2021-05-23 09:00,6935,45852,Utah Avalanche ECNL GU18/U19,La Roca FC ECNL GU18/U19,1,3,Legacy Events Center - Field 1,107,1760,Utah Avalanche,La Roca FC
U18/19,New England,173332,2020-12-12 15:00,6915,19411,World Class FC ECNL GU18/U19,SUSA FC ECNL GU18/U19,1,0,Orangetown Soccer Complex - Field 5,116,9,World Class FC,SUSA FC
U18/19,New England,173339,2021-03-06 08:30,6885,6882,Connecticut FC ECNL GU18/U19,East Meadow SC ECNL GU18/U19,3,4,CFC Park - Field 2,31,42,Connecticut FC,East Meadow Soccer Club
U18/19,New England,173340,2021-03-06 12:30,4061,6915,FSA FC ECNL GU18/U19,World Class FC ECNL GU18/U19,2,1,FSA-Farmington Sports Arena - Field 8,431,116,FSA FC,World Class FC
U18/19,New England,173338,2021-03-08 19:45,19894,1597,FC Stars Blue ECNL GU18/U19,FC Stars White ECNL GU18/U19,5,0,FC Stars Complex - Field 1,52,52,FC Stars,FC Stars
U18/19,New England,173355,2021-03-20 10:30,6882,6915,East Meadow SC ECNL GU18/U19,World Class FC ECNL GU18/U19,2,0,East Meadow Field of Dreams - North Turf,42,116,East Meadow Soccer Club,World Class FC
U18/19,New England,173354,2021-03-27 13:00,6885,1597,Connecticut FC ECNL GU18/U19,FC Stars White ECNL GU18/U19,2,2,CFC Park - Field 2,31,52,Connecticut FC,FC Stars
U18/19,New England,173353,2021-03-27 13:30,3833,19894,Scorpions Soccer ECNL GU18/U19,FC Stars Blue ECNL GU18/U19,0,7,Fruit Street Fields - Field 2,94,52,Scorpions SC,FC Stars
U18/19,New England,173357,2021-03-28 08:00,6885,19894,Connecticut FC ECNL GU18/U19,FC Stars Blue ECNL GU18/U19,1,4,CFC Park - Field 1,31,52,Connecticut FC,FC Stars
U18/19,New England,173360,2021-03-28 11:00,6882,1832,East Meadow SC ECNL GU18/U19,PDA White ECNL GU18/U19,0,6,East Meadow Field of Dreams - North Turf,42,78,East Meadow Soccer Club,Players Development Academy
U18/19,New England,173359,2021-03-28 12:10,19411,6915,SUSA FC ECNL GU18/U19,World Class FC ECNL GU18/U19,0,2,SUSA - Orlin & Cohen Sports Complex - Field 2,9,116,SUSA FC,World Class FC
U18/19,New England,173358,2021-03-28 14:30,3833,1597,Scorpions Soccer ECNL GU18/U19,FC Stars White ECNL GU18/U19,2,0,Medway High School - Lamson Field(Middle Field),94,52,Scorpions SC,FC Stars
U18/19,New England,173347,2021-04-10 12:30,4061,19411,FSA FC ECNL GU18/U19,SUSA FC ECNL GU18/U19,2,1,FSA-Farmington Sports Arena - Field 8,431,9,FSA FC,SUSA FC
U18/19,New England,173352,2021-04-11 14:00,19894,6885,FC Stars Blue ECNL GU18/U19,Connecticut FC ECNL GU18/U19,5,0,FC Stars Complex - Field 1,52,31,FC Stars,Connecticut FC
U18/19,New England,173362,2021-04-17 15:45,6915,1832,World Class FC ECNL GU18/U19,PDA White ECNL GU18/U19,0,2,Orangetown Soccer Complex - Field 5,116,78,World Class FC,Players Development Academy
U18/19,New England,173364,2021-04-17 15:50,19411,6882,SUSA FC ECNL GU18/U19,East Meadow SC ECNL GU18/U19,0,1,SUSA - Orlin & Cohen Sports Complex - Field 2,9,42,SUSA FC,East Meadow Soccer Club
U18/19,New England,173363,2021-04-17 16:30,3833,4061,Scorpions Soccer ECNL GU18/U19,FSA FC ECNL GU18/U19,2,6,Medway High School - North Field (Lower Turf),94,431,Scorpions SC,FSA FC
U18/19,New England,173361,2021-04-17 17:45,1597,6885,FC Stars White ECNL GU18/U19,Connecticut FC ECNL GU18/U19,2,0,FC Stars Soccer Complex - Field 1,52,31,FC Stars,Connecticut FC
U18/19,New England,173368,2021-04-18 10:30,19411,1832,SUSA FC ECNL GU18/U19,PDA White ECNL GU18/U19,1,1,SUSA - Orlin & Cohen Sports Complex - Field 2,9,78,SUSA FC,Players Development Academy
U18/19,New England,173367,2021-04-18 12:00,3833,6885,Scorpions Soccer ECNL GU18/U19,Connecticut FC ECNL GU18/U19,3,2,Progin Park - Field 8,94,31,Scorpions SC,Connecticut FC
U18/19,New England,173366,2021-04-18 15:30,6915,6882,World Class FC ECNL GU18/U19,East Meadow SC ECNL GU18/U19,1,0,Orangetown Soccer Complex - Field 5,116,42,World Class FC,East Meadow Soccer Club
U18/19,New England,173365,2021-04-18 17:45,1597,4061,FC Stars White ECNL GU18/U19,FSA FC ECNL GU18/U19,1,2,FC Stars Soccer Complex - Field 1,52,431,FC Stars,FSA FC
U18/19,New England,173342,2021-04-24 15:00,3833,6915,Scorpions Soccer ECNL GU18/U19,World Class FC ECNL GU18/U19,0,0,Medway High School - Lamson Field(Middle Field),94,116,Scorpions SC,World Class FC
U18/19,New England,173371,2021-04-24 16:00,1832,6885,PDA White ECNL GU18/U19,Connecticut FC ECNL GU18/U19,3,0,PDA - Field 5,78,31,Players Development Academy,Connecticut FC
U18/19,New England,173369,2021-04-24 16:45,19894,19411,FC Stars Blue ECNL GU18/U19,SUSA FC ECNL GU18/U19,2,1,FC Stars Complex - Field 1,52,9,FC Stars,SUSA FC
U18/19,New England,173370,2021-04-24 16:45,1597,6882,FC Stars White ECNL GU18/U19,East Meadow SC ECNL GU18/U19,2,0,FC Stars Soccer Complex - Field 2,52,42,FC Stars,East Meadow Soccer Club
U18/19,New England,173334,2021-04-25 13:15,6885,1832,Connecticut FC ECNL GU18/U19,PDA White ECNL GU18/U19,1,5,CFC Park - Field 1,31,78,Connecticut FC,Players Development Academy
U18/19,New England,173372,2021-04-25 16:45,19894,6882,FC Stars Blue ECNL GU18/U19,East Meadow SC ECNL GU18/U19,0,1,FC Stars Complex - Field 1,52,42,FC Stars,East Meadow Soccer Club
U18/19,New England,173373,2021-04-25 16:45,1597,19411,FC Stars White ECNL GU18/U19,SUSA FC ECNL GU18/U19,2,3,FC Stars Soccer Complex - Field 2,52,9,FC Stars,SUSA FC
U18/19,New England,173335,2021-04-28 19:30,19894,3833,FC Stars Blue ECNL GU18/U19,Scorpions Soccer ECNL GU18/U19,5,0,FC Stars Complex - Field 1,52,94,FC Stars,Scorpions SC
U18/19,New England,173374,2021-05-01 14:30,1832,19894,PDA White ECNL GU18/U19,FC Stars Blue ECNL GU18/U19,0,3,PDA - Field 3,78,52,Players Development Academy,FC Stars
U18/19,New England,173375,2021-05-01 15:30,6915,1597,World Class FC ECNL GU18/U19,FC Stars White ECNL GU18/U19,2,2,Orangetown Soccer Complex - Field 5,116,52,World Class FC,FC Stars
U18/19,New England,173377,2021-05-01 15:50,19411,4061,SUSA FC ECNL GU18/U19,FSA FC ECNL GU18/U19,2,3,SUSA - Orlin & Cohen Sports Complex - Field 2,9,431,SUSA FC,FSA FC
U18/19,New England,173376,2021-05-01 17:00,6882,3833,East Meadow SC ECNL GU18/U19,Scorpions Soccer ECNL GU18/U19,1,2,East Meadow Field of Dreams - North Turf,42,94,East Meadow Soccer Club,Scorpions SC
U18/19,New England,173351,2021-05-02 12:00,4061,6882,FSA FC ECNL GU18/U19,East Meadow SC ECNL GU18/U19,1,4,FSA-Farmington Sports Arena - Field 5,431,42,FSA FC,East Meadow Soccer Club
U18/19,New England,173378,2021-05-02 13:00,1832,1597,PDA White ECNL GU18/U19,FC Stars White ECNL GU18/U19,0,1,Morningside Farm - Field 13,78,52,Players Development Academy,FC Stars
U18/19,New England,173381,2021-05-02 13:00,19411,3833,SUSA FC ECNL GU18/U19,Scorpions Soccer ECNL GU18/U19,2,1,SUSA - Orlin & Cohen Sports Complex - Field 2,9,94,SUSA FC,Scorpions SC
U18/19,New England,173379,2021-05-02 13:45,6915,19894,World Class FC ECNL GU18/U19,FC Stars Blue ECNL GU18/U19,1,6,Orangetown Soccer Complex - Field 5,116,52,World Class FC,FC Stars
U18/19,New England,173382,2021-05-08 09:00,6882,1597,East Meadow SC ECNL GU18/U19,FC Stars White ECNL GU18/U19,4,0,East Meadow Field of Dreams - North Turf,42,52,East Meadow Soccer Club,FC Stars
U18/19,New England,173384,2021-05-08 14:00,6915,4061,World Class FC ECNL GU18/U19,FSA FC ECNL GU18/U19,1,0,Orangetown Soccer Complex - Field 5,116,431,World Class FC,FSA FC
U18/19,New England,173385,2021-05-08 14:00,1832,3833,PDA White ECNL GU18/U19,Scorpions Soccer ECNL GU18/U19,6,0,PDA - Field 5,78,94,Players Development Academy,Scorpions SC
U18/19,New England,173383,2021-05-08 15:40,19411,19894,SUSA FC ECNL GU18/U19,FC Stars Blue ECNL GU18/U19,0,9,SUSA - Orlin & Cohen Sports Complex - Field 2,9,52,SUSA FC,FC Stars
U18/19,New England,173386,2021-05-09 09:00,6882,19894,East Meadow SC ECNL GU18/U19,FC Stars Blue ECNL GU18/U19,0,7,East Meadow Field of Dreams - North Turf,42,52,East Meadow Soccer Club,FC Stars
U18/19,New England,173389,2021-05-09 10:00,1832,4061,PDA White ECNL GU18/U19,FSA FC ECNL GU18/U19,3,0,Morningside Farm - Field 12,78,431,Players Development Academy,FSA FC
U18/19,New England,173387,2021-05-09 11:20,19411,1597,SUSA FC ECNL GU18/U19,FC Stars White ECNL GU18/U19,1,5,SUSA - Orlin & Cohen Sports Complex - Field 2,9,52,SUSA FC,FC Stars
U18/19,New England,173388,2021-05-09 14:00,6915,3833,World Class FC ECNL GU18/U19,Scorpions Soccer ECNL GU18/U19,1,0,Orangetown Soccer Complex - Field 5,116,94,World Class FC,Scorpions SC
U18/19,New England,173392,2021-05-15 09:45,6885,6915,Connecticut FC ECNL GU18/U19,World Class FC ECNL GU18/U19,2,5,CFC Park - Field 2,31,116,Connecticut FC,World Class FC
U18/19,New England,173393,2021-05-15 12:00,1832,6882,PDA White ECNL GU18/U19,East Meadow SC ECNL GU18/U19,1,2,PDA - Field 1,78,42,Players Development Academy,East Meadow Soccer Club
U18/19,New England,173391,2021-05-15 14:15,1597,3833,FC Stars White ECNL GU18/U19,Scorpions Soccer ECNL GU18/U19,2,3,FC Stars Soccer Complex - Field 1,52,94,FC Stars,Scorpions SC
U18/19,New England,173390,2021-05-15 14:30,4061,19894,FSA FC ECNL GU18/U19,FC Stars Blue ECNL GU18/U19,0,1,FSA-Farmington Sports Arena - Field 7,431,52,FSA FC,FC Stars
U18/19,New England,173401,2021-05-16 14:00,1832,6915,PDA White ECNL GU18/U19,World Class FC ECNL GU18/U19,1,0,Morningside Farm - Field 13,78,116,Players Development Academy,World Class FC
U18/19,New England,173350,2021-05-16 14:25,3833,19411,Scorpions Soccer ECNL GU18/U19,SUSA FC ECNL GU18/U19,4,1,Progin Park - Field 8,94,9,Scorpions SC,SUSA FC
U18/19,New England,173337,2021-05-16 18:30,4061,6885,FSA FC ECNL GU18/U19,Connecticut FC ECNL GU18/U19,3,1,FSA-Farmington Sports Arena - Field 8,431,31,FSA FC,Connecticut FC
U18/19,New England,173394,2021-05-22 08:00,1597,19894,FC Stars White ECNL GU18/U19,FC Stars Blue ECNL GU18/U19,1,7,FC Stars Soccer Complex - Field 1,52,52,FC Stars,FC Stars
U18/19,New England,173397,2021-05-22 09:00,6882,19411,East Meadow SC ECNL GU18/U19,SUSA FC ECNL GU18/U19,2,1,East Meadow Field of Dreams - North Turf,42,9,East Meadow Soccer Club,SUSA FC
U18/19,New England,173395,2021-05-22 10:45,6915,6885,World Class FC ECNL GU18/U19,Connecticut FC ECNL GU18/U19,1,0,Orangetown Soccer Complex - Field 5,116,31,World Class FC,Connecticut FC
U18/19,New England,173396,2021-05-22 16:00,4061,3833,FSA FC ECNL GU18/U19,Scorpions Soccer ECNL GU18/U19,5,0,FSA-Farmington Sports Arena - Field 6,431,94,FSA FC,Scorpions SC
U18/19,New England,173356,2021-05-23 10:00,1832,19411,PDA White ECNL GU18/U19,SUSA FC ECNL GU18/U19,1,0,Morningside Farm - Field 12,78,9,Players Development Academy,SUSA FC
U18/19,New England,173398,2021-05-23 12:30,4061,1597,FSA FC ECNL GU18/U19,FC Stars White ECNL GU18/U19,3,1,FSA-Farmington Sports Arena - Field 8,431,52,FSA FC,FC Stars
U18/19,New England,173346,2021-05-23 17:00,3833,6882,Scorpions Soccer ECNL GU18/U19,East Meadow SC ECNL GU18/U19,6,1,Walpole Soccer Complex - Field 1,94,42,Scorpions SC,East Meadow Soccer Club
U18/19,New England,173336,2021-05-26 18:00,6885,4061,Connecticut FC ECNL GU18/U19,FSA FC ECNL GU18/U19,0,2,CFC Park - Field 2,31,431,Connecticut FC,FSA FC
U18/19,New England,173343,2021-05-28 19:00,4061,1832,FSA FC ECNL GU18/U19,PDA White ECNL GU18/U19,,,FSA-Farmington Sports Arena - Field 8,431,78,FSA FC,Players Development Academy
U18/19,New England,173333,2021-05-29 09:00,6885,19411,Connecticut FC ECNL GU18/U19,SUSA FC ECNL GU18/U19,0,5,CFC Park - Field 1,31,9,Connecticut FC,SUSA FC
U18/19,New England,173380,2021-05-30 12:00,6882,4061,East Meadow SC ECNL GU18/U19,FSA FC ECNL GU18/U19,2,1,East Meadow Field of Dreams - North Turf,42,431,East Meadow Soccer Club,FSA FC
U18/19,New England,173400,2021-05-31 15:00,19411,6885,SUSA FC ECNL GU18/U19,Connecticut FC ECNL GU18/U19,5,0,SUSA - Orlin & Cohen Sports Complex - Field 2,9,31,SUSA FC,Connecticut FC
U18/19,New England,173344,2021-06-05 16:45,19894,1832,FC Stars Blue ECNL GU18/U19,PDA White ECNL GU18/U19,,,FC Stars Complex - Field 1,52,78,FC Stars,Players Development Academy
U18/19,New England,173345,2021-06-05 16:45,1597,6915,FC Stars White ECNL GU18/U19,World Class FC ECNL GU18/U19,,,FC Stars Soccer Complex - Field 2,52,116,FC Stars,World Class FC
U18/19,New England,173348,2021-06-06 13:15,19894,6915,FC Stars Blue ECNL GU18/U19,World Class FC ECNL GU18/U19,,,FC Stars Complex - Field 1,52,116,FC Stars,World Class FC
U18/19,New England,173349,2021-06-06 13:15,1597,1832,FC Stars White ECNL GU18/U19,PDA White ECNL GU18/U19,,,FC Stars Soccer Complex - Field 2,52,78,FC Stars,Players Development Academy
U18/19,New England,173331,2021-06-12 11:00,6882,6885,East Meadow SC ECNL GU18/U19,Connecticut FC ECNL GU18/U19,1,1,East Meadow Field of Dreams - North Turf,42,31,East Meadow Soccer Club,Connecticut FC
U18/19,New England,173330,2021-06-12 14:00,19894,4061,FC Stars Blue ECNL GU18/U19,FSA FC ECNL GU18/U19,2,1,FC Stars Complex - Field 3,52,431,FC Stars,FSA FC
U18/19,New England,173341,2021-06-12 16:15,3833,1832,Scorpions Soccer ECNL GU18/U19,PDA White ECNL GU18/U19,1,1,Medway High School - North Field (Lower Turf),94,78,Scorpions SC,Players Development Academy
U18/19,New England,173399,2021-06-13 09:00,6885,3833,Connecticut FC ECNL GU18/U19,Scorpions Soccer ECNL GU18/U19,3,4,CFC Park - Field 1,31,94,Connecticut FC,Scorpions SC
U18/19,North Atlantic,173876,2021-02-06 19:00,6930,6890,FC Delco ECNL GU18/U19,FC Bucks ECNL GU18/U19,5,0,Proving Grounds - 1,598,46,FC DELCO,HEX FC
U18/19,North Atlantic,173853,2021-02-27 11:30,45832,6874,Pipeline SC ECNL GU18/U19,Bethesda SC ECNL GU18/U19,4,0,Mercy High School - Field 1,7,17,No Club Selection,Bethesda SC
U18/19,North Atlantic,173856,2021-02-28 17:00,6930,6920,FC Delco ECNL GU18/U19,Maryland United ECNL GU18/U19,0,0,Delaware Sports Turf Complex - Field 2,598,419,FC DELCO,Maryland United Football Club
U18/19,North Atlantic,173879,2021-03-06 10:30,7122,6890,Penn Fusion ECNL GU18/U19,FC Bucks ECNL GU18/U19,6,0,USTC - Zach Steffen Field,79,46,Penn Fusion Soccer Academy,HEX FC
U18/19,North Atlantic,173861,2021-03-06 12:00,19889,1881,PDA Blue ECNL GU18/U19,PDA South ECNL GU18/U19,3,0,PDA Main Complex - Field 5,2357,2628,PDA Blue (North),PDA South
U18/19,North Atlantic,173858,2021-03-07 14:00,6901,1881,Match Fit Academy ECNL GU18/U19,PDA South ECNL GU18/U19,1,2,Morris Catholic High School - Field 2 Lower,64,2628,Match Fit Surf,PDA South
U18/19,North Atlantic,173863,2021-03-07 15:30,6930,45832,FC Delco ECNL GU18/U19,Pipeline SC ECNL GU18/U19,1,0,Proving Grounds - 1,598,7,FC DELCO,No Club Selection
U18/19,North Atlantic,173866,2021-03-13 09:30,7122,6930,Penn Fusion ECNL GU18/U19,FC Delco ECNL GU18/U19,1,0,USTC - Zach Steffen Field,79,598,Penn Fusion Soccer Academy,FC DELCO
U18/19,North Atlantic,173865,2021-03-13 12:00,19889,6901,PDA Blue ECNL GU18/U19,Match Fit Academy ECNL GU18/U19,5,0,PDA Main Complex - Field 5,2357,64,PDA Blue (North),Match Fit Surf
U18/19,North Atlantic,173845,2021-03-20 14:00,19889,7122,PDA Blue ECNL GU18/U19,Penn Fusion ECNL GU18/U19,6,0,PDA Main Complex - Field 5,2357,79,PDA Blue (North),Penn Fusion Soccer Academy
U18/19,North Atlantic,173846,2021-03-20 14:00,6901,6930,Match Fit Academy ECNL GU18/U19,FC Delco ECNL GU18/U19,3,1,Morris Catholic High School - Field 2 Lower,64,598,Match Fit Surf,FC DELCO
U18/19,North Atlantic,173849,2021-03-21 14:00,19889,6930,PDA Blue ECNL GU18/U19,FC Delco ECNL GU18/U19,3,0,PDA Main Complex - Field 5,2357,598,PDA Blue (North),FC DELCO
U18/19,North Atlantic,173850,2021-03-21 14:00,6901,7122,Match Fit Academy ECNL GU18/U19,Penn Fusion ECNL GU18/U19,1,0,Morris Catholic High School - Field 2 Lower,64,79,Match Fit Surf,Penn Fusion Soccer Academy
U18/19,North Atlantic,173869,2021-03-27 10:30,7122,6920,Penn Fusion ECNL GU18/U19,Maryland United ECNL GU18/U19,0,1,USTC - Zach Steffen Field,79,419,Penn Fusion Soccer Academy,Maryland United Football Club
U18/19,North Atlantic,173870,2021-03-27 12:00,45832,1881,Pipeline SC ECNL GU18/U19,PDA South ECNL GU18/U19,6,6,Mercy High School - Field 1,7,2628,No Club Selection,PDA South
U18/19,North Atlantic,173868,2021-03-27 13:30,6874,19889,Bethesda SC ECNL GU18/U19,PDA Blue ECNL GU18/U19,0,4,Walter Johnson High School - Stadium,17,2357,Bethesda SC,PDA Blue (North)
U18/19,North Atlantic,173855,2021-03-28 11:00,45832,6920,Pipeline SC ECNL GU18/U19,Maryland United ECNL GU18/U19,,,Mercy High School - Field 1,7,419,No Club Selection,Maryland United Football Club
U18/19,North Atlantic,173839,2021-03-28 14:00,1881,7122,PDA South ECNL GU18/U19,Penn Fusion ECNL GU18/U19,0,1,Westampton Sports Complex - Field 2,2628,79,PDA South,Penn Fusion Soccer Academy
U18/19,North Atlantic,173872,2021-04-10 11:00,45832,6890,Pipeline SC ECNL GU18/U19,FC Bucks ECNL GU18/U19,5,0,Mercy High School - Field 1,7,46,No Club Selection,HEX FC
U18/19,North Atlantic,173875,2021-04-17 10:30,7122,1881,Penn Fusion ECNL GU18/U19,PDA South ECNL GU18/U19,1,1,USTC - Zach Steffen Field,79,2628,Penn Fusion Soccer Academy,PDA South
U18/19,North Atlantic,173873,2021-04-17 12:00,19889,6920,PDA Blue ECNL GU18/U19,Maryland United ECNL GU18/U19,4,0,PDA Main Complex - Field 5,2357,419,PDA Blue (North),Maryland United Football Club
U18/19,North Atlantic,173891,2021-04-17 14:30,6874,6930,Bethesda SC ECNL GU18/U19,FC Delco ECNL GU18/U19,2,5,Richard Montgomery - Turf Field,17,598,Bethesda SC,FC DELCO
U18/19,North Atlantic,173874,2021-04-17 15:30,6901,45832,Match Fit Academy ECNL GU18/U19,Pipeline SC ECNL GU18/U19,0,1,Morris Catholic High School - Field 2 Lower,64,7,Match Fit Surf,No Club Selection
U18/19,North Atlantic,173864,2021-04-18 10:30,7122,6874,Penn Fusion ECNL GU18/U19,Bethesda SC ECNL GU18/U19,5,0,USTC - Zach Steffen Field,79,17,Penn Fusion Soccer Academy,Bethesda SC
U18/19,North Atlantic,173877,2021-04-18 12:00,19889,45832,PDA Blue ECNL GU18/U19,Pipeline SC ECNL GU18/U19,5,0,PDA Main Complex - Field 5,2357,7,PDA Blue (North),No Club Selection
U18/19,North Atlantic,173878,2021-04-18 12:30,6901,6920,Match Fit Academy ECNL GU18/U19,Maryland United ECNL GU18/U19,0,0,Morris Catholic High School - Field 2 Lower,64,419,Match Fit Surf,Maryland United Football Club
U18/19,North Atlantic,173880,2021-04-18 17:00,6930,1881,FC Delco ECNL GU18/U19,PDA South ECNL GU18/U19,0,3,Proving Grounds - 1,598,2628,FC DELCO,PDA South
U18/19,North Atlantic,173862,2021-04-22 20:00,6901,6890,Match Fit Academy ECNL GU18/U19,FC Bucks ECNL GU18/U19,4,0,Montclair State University - Field 1,64,46,Match Fit Surf,HEX FC
U18/19,North Atlantic,173837,2021-04-24 12:00,45832,6901,Pipeline SC ECNL GU18/U19,Match Fit Academy ECNL GU18/U19,0,0,Mercy High School - Field 1,7,64,No Club Selection,Match Fit Surf
U18/19,North Atlantic,173838,2021-04-24 14:00,6920,19889,Maryland United ECNL GU18/U19,PDA Blue ECNL GU18/U19,0,2,Indian Creek - Field 1,419,2357,Maryland United Football Club,PDA Blue (North)
U18/19,North Atlantic,173843,2021-04-24 14:00,1881,6930,PDA South ECNL GU18/U19,FC Delco ECNL GU18/U19,2,1,Westampton Sports Complex - Field 2,2628,598,PDA South,FC DELCO
U18/19,North Atlantic,173842,2021-04-25 09:00,6920,6901,Maryland United ECNL GU18/U19,Match Fit Academy ECNL GU18/U19,6,2,Indian Creek - Field 1,419,64,Maryland United Football Club,Match Fit Surf
U18/19,North Atlantic,173841,2021-04-25 11:00,45832,19889,Pipeline SC ECNL GU18/U19,PDA Blue ECNL GU18/U19,0,2,Mercy High School - Field 1,7,2357,No Club Selection,PDA Blue (North)
U18/19,North Atlantic,173852,2021-04-25 13:00,6874,1881,Bethesda SC ECNL GU18/U19,PDA South ECNL GU18/U19,1,3,Walter Johnson High School - Stadium,17,2628,Bethesda SC,PDA South
U18/19,North Atlantic,173844,2021-04-25 14:30,6890,7122,FC Bucks ECNL GU18/U19,Penn Fusion ECNL GU18/U19,1,2,Council Rock North High School - Turf Field,46,79,HEX FC,Penn Fusion Soccer Academy
U18/19,North Atlantic,173883,2021-05-01 10:00,6890,6874,FC Bucks ECNL GU18/U19,Bethesda SC ECNL GU18/U19,3,3,Council Rock North High School - Turf Field,46,17,HEX FC,Bethesda SC
U18/19,North Atlantic,173881,2021-05-01 10:30,7122,19889,Penn Fusion ECNL GU18/U19,PDA Blue ECNL GU18/U19,0,2,USTC - Zach Steffen Field,79,2357,Penn Fusion Soccer Academy,PDA Blue (North)
U18/19,North Atlantic,173884,2021-05-01 17:00,1881,6920,PDA South ECNL GU18/U19,Maryland United ECNL GU18/U19,2,0,Westampton Sports Complex - Field 2,2628,419,PDA South,Maryland United Football Club
U18/19,North Atlantic,173882,2021-05-01 17:30,6930,6901,FC Delco ECNL GU18/U19,Match Fit Academy ECNL GU18/U19,2,1,Proving Grounds - 2,598,64,FC DELCO,Match Fit Surf
U18/19,North Atlantic,173885,2021-05-02 10:30,7122,6901,Penn Fusion ECNL GU18/U19,Match Fit Academy ECNL GU18/U19,0,0,USTC - Field 3,79,64,Penn Fusion Soccer Academy,Match Fit Surf
U18/19,North Atlantic,173887,2021-05-02 14:00,6890,6920,FC Bucks ECNL GU18/U19,Maryland United ECNL GU18/U19,1,3,Bryn Athyn College - Turf,46,419,HEX FC,Maryland United Football Club
U18/19,North Atlantic,173886,2021-05-02 15:30,6930,19889,FC Delco ECNL GU18/U19,PDA Blue ECNL GU18/U19,0,1,Proving Grounds - 1,598,2357,FC DELCO,PDA Blue (North)
U18/19,North Atlantic,173888,2021-05-02 17:00,1881,6874,PDA South ECNL GU18/U19,Bethesda SC ECNL GU18/U19,5,1,Westampton Sports Complex - Field 2,2628,17,PDA South,Bethesda SC
U18/19,North Atlantic,173890,2021-05-08 12:00,1881,6901,PDA South ECNL GU18/U19,Match Fit Academy ECNL GU18/U19,4,3,Westampton Sports Complex - Field 2,2628,64,PDA South,Match Fit Surf
U18/19,North Atlantic,173892,2021-05-08 12:00,45832,7122,Pipeline SC ECNL GU18/U19,Penn Fusion ECNL GU18/U19,0,0,Mercy High School - Field 1,7,79,No Club Selection,Penn Fusion Soccer Academy
U18/19,North Atlantic,173859,2021-05-08 16:15,6930,6874,FC Delco ECNL GU18/U19,Bethesda SC ECNL GU18/U19,1,2,Proving Grounds - 1,598,17,FC DELCO,Bethesda SC
U18/19,North Atlantic,173889,2021-05-08 16:15,6890,19889,FC Bucks ECNL GU18/U19,PDA Blue ECNL GU18/U19,0,7,Council Rock North High School - Turf Field,46,2357,HEX FC,PDA Blue (North)
U18/19,North Atlantic,173894,2021-05-09 12:00,1881,19889,PDA South ECNL GU18/U19,PDA Blue ECNL GU18/U19,1,2,Westampton Sports Complex - Field 2,2628,2357,PDA South,PDA Blue (North)
U18/19,North Atlantic,173896,2021-05-09 12:00,45832,6930,Pipeline SC ECNL GU18/U19,FC Delco ECNL GU18/U19,1,1,Mercy High School - Field 1,7,598,No Club Selection,FC DELCO
U18/19,North Atlantic,173895,2021-05-09 12:30,6874,7122,Bethesda SC ECNL GU18/U19,Penn Fusion ECNL GU18/U19,0,1,Walter Johnson High School - Stadium,17,79,Bethesda SC,Penn Fusion Soccer Academy
U18/19,North Atlantic,173893,2021-05-09 14:30,6890,6901,FC Bucks ECNL GU18/U19,Match Fit Academy ECNL GU18/U19,0,4,Bryn Athyn College - Turf,46,64,HEX FC,Match Fit Surf
U18/19,North Atlantic,173867,2021-05-11 19:00,1881,6890,PDA South ECNL GU18/U19,FC Bucks ECNL GU18/U19,5,0,Westampton Sports Complex - Field 2,2628,46,PDA South,HEX FC
U18/19,North Atlantic,173900,2021-05-15 12:45,6920,45832,Maryland United ECNL GU18/U19,Pipeline SC ECNL GU18/U19,2,0,Indian Creek - Field 1,419,7,Maryland United Football Club,No Club Selection
U18/19,North Atlantic,173899,2021-05-15 16:15,6890,1881,FC Bucks ECNL GU18/U19,PDA South ECNL GU18/U19,1,5,Bryn Athyn College - Turf,46,2628,HEX FC,PDA South
U18/19,North Atlantic,173898,2021-05-15 17:00,6930,7122,FC Delco ECNL GU18/U19,Penn Fusion ECNL GU18/U19,1,2,Proving Grounds - 1,598,79,FC DELCO,Penn Fusion Soccer Academy
U18/19,North Atlantic,173871,2021-05-16 12:30,6874,6901,Bethesda SC ECNL GU18/U19,Match Fit Academy ECNL GU18/U19,1,7,Walter Johnson High School - Stadium,17,64,Bethesda SC,Match Fit Surf
U18/19,North Atlantic,173860,2021-05-16 13:00,7122,45832,Penn Fusion ECNL GU18/U19,Pipeline SC ECNL GU18/U19,4,3,USTC - Zach Steffen Field,79,7,Penn Fusion Soccer Academy,No Club Selection
U18/19,North Atlantic,173857,2021-05-16 14:00,19889,6890,PDA Blue ECNL GU18/U19,FC Bucks ECNL GU18/U19,,,PDA Main Complex - Field 5,2357,46,PDA Blue (North),HEX FC
U18/19,North Atlantic,173840,2021-05-19 18:00,6890,6930,FC Bucks ECNL GU18/U19,FC Delco ECNL GU18/U19,2,3,Academy of the New Church (ANC) - Turf,46,598,HEX FC,FC DELCO
U18/19,North Atlantic,173902,2021-05-22 09:00,6920,7122,Maryland United ECNL GU18/U19,Penn Fusion ECNL GU18/U19,2,2,Allen Pond Park - Murtaugh 1,419,79,Maryland United Football Club,Penn Fusion Soccer Academy
U18/19,North Atlantic,173903,2021-05-22 09:00,1881,45832,PDA South ECNL GU18/U19,Pipeline SC ECNL GU18/U19,5,3,Westampton Sports Complex - Field 2,2628,7,PDA South,No Club Selection
U18/19,North Atlantic,173848,2021-05-22 13:00,6874,6890,Bethesda SC ECNL GU18/U19,FC Bucks ECNL GU18/U19,,,Wootton High School - Stadium,17,46,Bethesda SC,HEX FC
U18/19,North Atlantic,173904,2021-05-23 17:30,6901,6874,Match Fit Academy ECNL GU18/U19,Bethesda SC ECNL GU18/U19,4,1,Morris Catholic High School - Field 2 Lower,64,17,Match Fit Surf,Bethesda SC
U18/19,North Atlantic,173854,2021-05-26 18:15,6920,6874,Maryland United ECNL GU18/U19,Bethesda SC ECNL GU18/U19,5,0,Maryland Soccerplex - Field,419,17,Maryland United Football Club,Bethesda SC
U18/19,North Atlantic,173836,2021-05-29 10:30,6874,6920,Bethesda SC ECNL GU18/U19,Maryland United ECNL GU18/U19,0,0,Walter Johnson High School - Stadium,17,419,Bethesda SC,Maryland United Football Club
U18/19,North Atlantic,173906,2021-05-30 14:00,6920,6930,Maryland United ECNL GU18/U19,FC Delco ECNL GU18/U19,1,1,Bowie High School - Field 1,419,598,Maryland United Football Club,FC DELCO
U18/19,North Atlantic,173897,2021-06-02 18:30,6901,19889,Match Fit Academy ECNL GU18/U19,PDA Blue ECNL GU18/U19,0,2,Drew University - Field,64,2357,Match Fit Surf,PDA Blue (North)
U18/19,North Atlantic,173905,2021-06-03 18:30,6890,45832,FC Bucks ECNL GU18/U19,Pipeline SC ECNL GU18/U19,,,Academy of the New Church (ANC) - Turf,46,7,HEX FC,No Club Selection
U18/19,North Atlantic,173901,2021-06-05 14:00,19889,6874,PDA Blue ECNL GU18/U19,Bethesda SC ECNL GU18/U19,,,PDA Main Complex - Field 3,2357,17,PDA Blue (North),Bethesda SC
U18/19,North Atlantic,173847,2021-06-12 09:00,6920,1881,Maryland United ECNL GU18/U19,PDA South ECNL GU18/U19,0,2,Indian Creek - Field 1,419,2628,Maryland United Football Club,PDA South
U18/19,North Atlantic,173835,2021-06-12 14:15,6874,45832,Bethesda SC ECNL GU18/U19,Pipeline SC ECNL GU18/U19,,,Walter Johnson High School - Stadium,17,7,Bethesda SC,No Club Selection
U18/19,North Atlantic,173851,2021-06-13 09:00,6920,6890,Maryland United ECNL GU18/U19,FC Bucks ECNL GU18/U19,5,2,Indian Creek - Field 1,419,46,Maryland United Football Club,HEX FC
U18/19,Northern Cal,207829,2021-04-17 09:00,7211,6899,Mustang SC ECNL GU18/U19,Pleasanton Rage ECNL GU18/U19,1,0,Provident Field @ MSC - Upper,69,80,Mustang Soccer,Pleasanton Rage
U18/19,Northern Cal,207782,2021-04-17 12:00,35166,6913,Marin FC ECNL GU18/U19,Santa Rosa United ECNL GU18/U19,0,0,Trione Fields - Trioine East,1585,91,Marin FC,Santa Rosa United Soccer
U18/19,Northern Cal,207779,2021-04-17 19:00,6987,45846,MVLA ECNL GU18/U19,DeAnza Forece ECNL GU18/U19,2,1,Crittenden - Field 1,294,2510,MVLA,Force
U18/19,Northern Cal,207780,2021-04-24 10:00,10854,6912,Davis Legacy ECNL GU18/U19,San Juan SC ECNL GU18/U19,2,4,Davis Legacy Soccer Complex - Field 9,1425,88,Davis Legacy Soccer Club,San Juan Soccer Club
U18/19,Northern Cal,207820,2021-04-24 17:00,6899,45846,Pleasanton Rage ECNL GU18/U19,DeAnza Forece ECNL GU18/U19,1,2,Val Vista - Field 3,80,2510,Pleasanton Rage,Force
U18/19,Northern Cal,207795,2021-05-01 09:00,6912,6987,San Juan SC ECNL GU18/U19,MVLA ECNL GU18/U19,1,1,San Juan Soccer Complex - Tiemann Law Firm Black Field,88,294,San Juan Soccer Club,MVLA
U18/19,Northern Cal,207832,2021-05-01 14:15,45846,10854,DeAnza Forece ECNL GU18/U19,Davis Legacy ECNL GU18/U19,2,0,Morgan Hill Outdoor Sports Center - Field 2 (Soccer),2510,1425,Force,Davis Legacy Soccer Club
U18/19,Northern Cal,207797,2021-05-01 16:00,6913,6899,Santa Rosa United ECNL GU18/U19,Pleasanton Rage ECNL GU18/U19,0,1,Trione Fields - Trione East,91,80,Santa Rosa United Soccer,Pleasanton Rage
U18/19,Northern Cal,207801,2021-05-01 17:30,35166,7211,Marin FC ECNL GU18/U19,Mustang SC ECNL GU18/U19,2,1,Red Hill Community Park - Field 1,1585,69,Marin FC,Mustang Soccer
U18/19,Northern Cal,207787,2021-05-08 14:00,6913,7211,Santa Rosa United ECNL GU18/U19,Mustang SC ECNL GU18/U19,0,7,Trione Fields - Trione West,91,69,Santa Rosa United Soccer,Mustang Soccer
U18/19,Northern Cal,207789,2021-05-08 15:00,6899,35166,Pleasanton Rage ECNL GU18/U19,Marin FC ECNL GU18/U19,2,1,Val Vista - Field 3,80,1585,Pleasanton Rage,Marin FC
U18/19,Northern Cal,207807,2021-05-08 19:00,6987,10854,MVLA ECNL GU18/U19,Davis Legacy ECNL GU18/U19,1,2,Crittenden - Field 1,294,1425,MVLA,Davis Legacy Soccer Club
U18/19,Northern Cal,207783,2021-05-15 09:00,7211,45846,Mustang SC ECNL GU18/U19,DeAnza Forece ECNL GU18/U19,2,1,Provident Field @ MSC - Upper,69,2510,Mustang Soccer,Force
U18/19,Northern Cal,207802,2021-05-15 09:00,6987,6913,MVLA ECNL GU18/U19,Santa Rosa United ECNL GU18/U19,6,0,Crittenden - Field 1,294,91,MVLA,Santa Rosa United Soccer
U18/19,Northern Cal,207833,2021-05-15 09:00,6912,6899,San Juan SC ECNL GU18/U19,Pleasanton Rage ECNL GU18/U19,2,2,San Juan Soccer Complex - Tiemann Law Firm Black Field,88,80,San Juan Soccer Club,Pleasanton Rage
U18/19,Northern Cal,207784,2021-05-15 18:15,35166,10854,Marin FC ECNL GU18/U19,Davis Legacy ECNL GU18/U19,3,0,College of Marin - Stadium,1585,1425,Marin FC,Davis Legacy Soccer Club
U18/19,Northern Cal,207785,2021-05-16 12:00,45846,6912,DeAnza Forece ECNL GU18/U19,San Juan SC ECNL GU18/U19,5,1,Morgan Hill Outdoor Sports Center - Field 2 (Soccer),2510,88,Force,San Juan Soccer Club
U18/19,Northern Cal,207790,2021-05-22 09:00,6912,6913,San Juan SC ECNL GU18/U19,Santa Rosa United ECNL GU18/U19,2,1,San Juan Soccer Complex - Tiemann Law Firm Black Field,88,91,San Juan Soccer Club,Santa Rosa United Soccer
U18/19,Northern Cal,207825,2021-05-22 10:00,10854,7211,Davis Legacy ECNL GU18/U19,Mustang SC ECNL GU18/U19,0,4,Davis Legacy Soccer Complex - Field 9,1425,69,Davis Legacy Soccer Club,Mustang Soccer
U18/19,Northern Cal,207811,2021-05-22 13:00,6899,6987,Pleasanton Rage ECNL GU18/U19,MVLA ECNL GU18/U19,2,1,Val Vista - Field 3,80,294,Pleasanton Rage,MVLA
U18/19,Northern Cal,207798,2021-05-22 14:00,45846,35166,DeAnza Forece ECNL GU18/U19,Marin FC ECNL GU18/U19,1,0,Morgan Hill Outdoor Sports Center - Field 1 (Football),2510,1585,Force,Marin FC
U18/19,Northern Cal,207803,2021-05-23 10:00,6913,10854,Santa Rosa United ECNL GU18/U19,Davis Legacy ECNL GU18/U19,,,Davis Legacy Soccer Complex - Field 9,91,1425,Santa Rosa United Soccer,Davis Legacy Soccer Club
U18/19,Northern Cal,207816,2021-05-23 11:00,7211,6912,Mustang SC ECNL GU18/U19,San Juan SC ECNL GU18/U19,2,0,Provident Field @ MSC - Upper,69,88,Mustang Soccer,San Juan Soccer Club
U18/19,Northern Cal,207818,2021-05-23 17:00,6987,35166,MVLA ECNL GU18/U19,Marin FC ECNL GU18/U19,2,1,Crittenden - Field 1,294,1585,MVLA,Marin FC
U18/19,Northern Cal,207819,2021-06-02 17:30,7211,6987,Mustang SC ECNL GU18/U19,MVLA ECNL GU18/U19,0,4,Provident Field @ MSC - Upper,69,294,Mustang Soccer,MVLA
U18/19,Northern Cal,207792,2021-06-05 12:00,6913,45846,Santa Rosa United ECNL GU18/U19,DeAnza Forece ECNL GU18/U19,0,1,Trione Fields - Trione West,91,2510,Santa Rosa United Soccer,Force
U18/19,Northern Cal,207806,2021-06-06 15:00,6912,35166,San Juan SC ECNL GU18/U19,Marin FC ECNL GU18/U19,,,San Juan Soccer Complex - Tiemann Law Firm Black Field,88,1585,San Juan Soccer Club,Marin FC
U18/19,Northern Cal,207793,2021-06-12 13:00,10854,6899,Davis Legacy ECNL GU18/U19,Pleasanton Rage ECNL GU18/U19,1,3,Davis Legacy Soccer Complex - Field 9,1425,80,Davis Legacy Soccer Club,Pleasanton Rage
U18/19,Northwest,208272,2020-11-07 23:30,6932,45864,Crossfire United ECNL GU18/U19,Portland Thorns Academy ECNL GU18/U19,6,0,Mountain View Champions Park - Field 2,737,3406,Oregon Surf SC,Portland Thorns FC
U18/19,Northwest,208309,2020-11-14 14:00,45864,6931,Portland Thorns Academy ECNL GU18/U19,FC Portland ECNL GU18/U19,0,3,Mt View Champions Park - Field 3,3406,603,Portland Thorns FC,FC Portland Academy
U18/19,Northwest,208262,2020-11-21 14:00,6931,45864,FC Portland ECNL GU18/U19,Portland Thorns Academy ECNL GU18/U19,2,3,Mountain View Champions Park - Field 3,603,3406,FC Portland Academy,Portland Thorns FC
U18/19,Northwest,208310,2020-12-05 11:30,6932,6931,Crossfire United ECNL GU18/U19,FC Portland ECNL GU18/U19,4,0,Mountain View Champions Park - Field 2,737,603,Oregon Surf SC,FC Portland Academy
U18/19,Northwest,208278,2020-12-06 12:00,6931,6932,FC Portland ECNL GU18/U19,Crossfire United ECNL GU18/U19,0,5,Liberty High School - Stadium Field,603,737,FC Portland Academy,Oregon Surf SC
U18/19,Northwest,208305,2020-12-13 12:00,45864,6932,Portland Thorns Academy ECNL GU18/U19,Crossfire United ECNL GU18/U19,1,7,Mt View Champions Park - Field 2,3406,737,Portland Thorns FC,Oregon Surf SC
U18/19,Northwest,208283,2021-02-06 13:00,7035,10263,Washington Premier ECNL GU18/U19,Eastside FC ECNL GU18/U19,0,0,WPFC Field Complex - Field 3,112,398,Washington Premier FC,Eastside FC (WA)
U18/19,Northwest,208319,2021-02-06 13:00,19375,10594,Pacific Northwest SC ECNL GU18/U19,Seattle United ECNL GU18/U19,2,0,Starfire Sports - Field 2,2331,1643,PacNW,Seattle United
U18/19,Northwest,208270,2021-02-20 09:00,10594,6996,Seattle United ECNL GU18/U19,Crossfire Premier ECNL GU18/U19,0,3,Shoreline A/B fields - Field B,1643,3476,Seattle United,Crossfire Premier
U18/19,Northwest,208279,2021-02-21 13:00,19375,10263,Pacific Northwest SC ECNL GU18/U19,Eastside FC ECNL GU18/U19,2,0,Starfire Sports - Field 3,2331,398,PacNW,Eastside FC (WA)
U18/19,Northwest,208303,2021-02-28 13:00,10263,10594,Eastside FC ECNL GU18/U19,Seattle United ECNL GU18/U19,0,3,PRESTON PARK ATHLETIC FIELDS - Field 1,398,1643,Eastside FC (WA),Seattle United
U18/19,Northwest,208298,2021-02-28 17:00,6996,19375,Crossfire Premier ECNL GU18/U19,Pacific Northwest SC ECNL GU18/U19,0,0,Marymoor Park - #3 (Turf),3476,2331,Crossfire Premier,PacNW
U18/19,Northwest,208277,2021-03-06 09:00,10263,7035,Eastside FC ECNL GU18/U19,Washington Premier ECNL GU18/U19,0,3,PRESTON PARK ATHLETIC FIELDS - Field 1,398,112,Eastside FC (WA),Washington Premier FC
U18/19,Northwest,208307,2021-03-07 13:00,10594,19375,Seattle United ECNL GU18/U19,Pacific Northwest SC ECNL GU18/U19,1,1,Shoreline A/B fields - Field B,1643,2331,Seattle United,PacNW
U18/19,Northwest,208259,2021-03-13 13:00,7035,10594,Washington Premier ECNL GU18/U19,Seattle United ECNL GU18/U19,0,1,WPFC Field Complex - Field 4,112,1643,Washington Premier FC,Seattle United
U18/19,Northwest,208302,2021-03-14 09:00,19375,6996,Pacific Northwest SC ECNL GU18/U19,Crossfire Premier ECNL GU18/U19,1,5,Starfire Sports - Field 3,2331,3476,PacNW,Crossfire Premier
U18/19,Northwest,208316,2021-03-21 13:00,6996,10594,Crossfire Premier ECNL GU18/U19,Seattle United ECNL GU18/U19,1,0,Marymoor Park - #3 (Turf),3476,1643,Crossfire Premier,Seattle United
U18/19,Northwest,208271,2021-03-21 15:00,10263,19375,Eastside FC ECNL GU18/U19,Pacific Northwest SC ECNL GU18/U19,0,5,PRESTON PARK ATHLETIC FIELDS - Field 1,398,2331,Eastside FC (WA),PacNW
U18/19,Northwest,208320,2021-04-18 11:00,10594,10263,Seattle United ECNL GU18/U19,Eastside FC ECNL GU18/U19,8,0,Nathan Hale High School - Stadium,1643,398,Seattle United,Eastside FC (WA)
U18/19,Northwest,208318,2021-04-18 13:00,7035,6996,Washington Premier ECNL GU18/U19,Crossfire Premier ECNL GU18/U19,1,0,WPFC Field Complex - Field 4,112,3476,Washington Premier FC,Crossfire Premier
U18/19,Northwest,208281,2021-04-24 15:00,6996,45864,Crossfire Premier ECNL GU18/U19,Portland Thorns Academy ECNL GU18/U19,7,0,Marymoor Park - #3 (Turf),3476,3406,Crossfire Premier,Portland Thorns FC
U18/19,Northwest,208282,2021-04-24 16:00,10594,6892,Seattle United ECNL GU18/U19,Boise Thorns FC ECNL GU18/U19,2,0,Ingraham High School - North,1643,51,Seattle United,Boise Timbers | Thorns
U18/19,Northwest,208285,2021-04-25 13:00,6996,6892,Crossfire Premier ECNL GU18/U19,Boise Thorns FC ECNL GU18/U19,6,1,Marymoor Park - #1 (Turf),3476,51,Crossfire Premier,Boise Timbers | Thorns
U18/19,Northwest,208290,2021-04-25 15:00,7035,19375,Washington Premier ECNL GU18/U19,Pacific Northwest SC ECNL GU18/U19,1,2,WPFC Field Complex - Field 3,112,2331,Washington Premier FC,PacNW
U18/19,Northwest,208284,2021-04-25 17:15,10594,45864,Seattle United ECNL GU18/U19,Portland Thorns Academy ECNL GU18/U19,3,0,Nathan Hale High School - Stadium,1643,3406,Seattle United,Portland Thorns FC
U18/19,Northwest,233517,2021-05-01 12:00,6932,45864,Crossfire United ECNL GU18/U19,Portland Thorns Academy ECNL GU18/U19,6,1,Mountain View Champions Park - Field 2,737,3406,Oregon Surf SC,Portland Thorns FC
U18/19,Northwest,208330,2021-05-01 14:00,6931,6892,FC Portland ECNL GU18/U19,Boise Thorns FC ECNL GU18/U19,2,1,Liberty High School - Clive Charles Field,603,51,FC Portland Academy,Boise Timbers | Thorns
U18/19,Northwest,208306,2021-05-01 16:00,10263,6996,Eastside FC ECNL GU18/U19,Crossfire Premier ECNL GU18/U19,0,1,PRESTON PARK ATHLETIC FIELDS - Field 1,398,3476,Eastside FC (WA),Crossfire Premier
U18/19,Northwest,208328,2021-05-02 14:00,6932,6892,Crossfire United ECNL GU18/U19,Boise Thorns FC ECNL GU18/U19,3,1,Sherwood High School - Upper,737,51,Oregon Surf SC,Boise Timbers | Thorns
U18/19,Northwest,233523,2021-05-02 14:00,45864,6931,Portland Thorns Academy ECNL GU18/U19,FC Portland ECNL GU18/U19,2,3,Mt View Champions Park - Field 3,3406,603,Portland Thorns FC,FC Portland Academy
U18/19,Northwest,208297,2021-05-02 17:30,10594,7035,Seattle United ECNL GU18/U19,Washington Premier ECNL GU18/U19,1,2,Nathan Hale High School - Stadium,1643,112,Seattle United,Washington Premier FC
U18/19,Northwest,208267,2021-05-08 12:00,10263,45864,Eastside FC ECNL GU18/U19,Portland Thorns Academy ECNL GU18/U19,4,0,PRESTON PARK ATHLETIC FIELDS - Field 2,398,3406,Eastside FC (WA),Portland Thorns FC
U18/19,Northwest,208292,2021-05-08 15:00,6996,6932,Crossfire Premier ECNL GU18/U19,Crossfire United ECNL GU18/U19,2,1,Marymoor Park - #4 (Turf),3476,737,Crossfire Premier,Oregon Surf SC
U18/19,Northwest,232706,2021-05-08 15:00,19375,7035,Pacific Northwest SC ECNL GU18/U19,Washington Premier ECNL GU18/U19,1,3,Starfire Sports - Field 1,2331,112,PacNW,Washington Premier FC
U18/19,Northwest,208293,2021-05-08 15:45,10594,6931,Seattle United ECNL GU18/U19,FC Portland ECNL GU18/U19,7,0,Shoreline A/B fields - Field B,1643,603,Seattle United,FC Portland Academy
U18/19,Northwest,208295,2021-05-09 13:00,6996,6931,Crossfire Premier ECNL GU18/U19,FC Portland ECNL GU18/U19,6,0,Marymoor Park - #2 (Turf),3476,603,Crossfire Premier,FC Portland Academy
U18/19,Northwest,208294,2021-05-09 13:30,10594,6932,Seattle United ECNL GU18/U19,Crossfire United ECNL GU18/U19,1,3,Jane Addams - East/West,1643,737,Seattle United,Oregon Surf SC
U18/19,Northwest,208260,2021-05-09 17:00,6892,10263,Boise Thorns FC ECNL GU18/U19,Eastside FC ECNL GU18/U19,2,3,Boise Timbers|Thorns - Soccer Complex - Field 3,51,398,Boise Timbers | Thorns,Eastside FC (WA)
U18/19,Northwest,208322,2021-05-15 09:30,6932,19375,Crossfire United ECNL GU18/U19,Pacific Northwest SC ECNL GU18/U19,2,1,PCC Rock Creek - Field 1,737,2331,Oregon Surf SC,PacNW
U18/19,Northwest,208323,2021-05-15 11:00,6892,45864,Boise Thorns FC ECNL GU18/U19,Portland Thorns Academy ECNL GU18/U19,1,0,Boise Timbers|Thorns - Soccer Complex - Field 3,51,3406,Boise Timbers | Thorns,Portland Thorns FC
U18/19,Northwest,208321,2021-05-15 11:30,6931,7035,FC Portland ECNL GU18/U19,Washington Premier ECNL GU18/U19,0,6,Liberty High School - Clive Charles Field,603,112,FC Portland Academy,Washington Premier FC
U18/19,Northwest,208324,2021-05-16 14:00,6932,7035,Crossfire United ECNL GU18/U19,Washington Premier ECNL GU18/U19,2,2,PCC Rock Creek - Field 2,737,112,Oregon Surf SC,Washington Premier FC
U18/19,Northwest,208325,2021-05-16 14:00,6931,19375,FC Portland ECNL GU18/U19,Pacific Northwest SC ECNL GU18/U19,0,11,Liberty High School - Clive Charles Field,603,2331,FC Portland Academy,PacNW
U18/19,Northwest,208329,2021-05-22 09:00,6932,10263,Crossfire United ECNL GU18/U19,Eastside FC ECNL GU18/U19,3,0,PCC Rock Creek - Field 2,737,398,Oregon Surf SC,Eastside FC (WA)
U18/19,Northwest,208296,2021-05-22 10:00,6996,7035,Crossfire Premier ECNL GU18/U19,Washington Premier ECNL GU18/U19,3,0,Grass Lawn Park - Field 2,3476,112,Crossfire Premier,Washington Premier FC
U18/19,Northwest,208327,2021-05-23 11:30,6931,10263,FC Portland ECNL GU18/U19,Eastside FC ECNL GU18/U19,1,3,Liberty High School - Stadium Field,603,398,FC Portland Academy,Eastside FC (WA)
U18/19,Northwest,233529,2021-05-26 20:00,6931,6932,FC Portland ECNL GU18/U19,Crossfire United ECNL GU18/U19,0,5,Liberty High School - Clive Charles Field,603,737,FC Portland Academy,Oregon Surf SC
U18/19,Northwest,208300,2021-05-27 17:00,6996,10263,Crossfire Premier ECNL GU18/U19,Eastside FC ECNL GU18/U19,3,0,Marymoor Park - #2 (Turf),3476,398,Crossfire Premier,Eastside FC (WA)
U18/19,Northwest,208311,2021-06-05,6892,7035,Boise Thorns FC ECNL GU18/U19,Washington Premier ECNL GU18/U19,,,,51,112,Boise Timbers | Thorns,Washington Premier FC
U18/19,Northwest,208312,2021-06-05 13:15,45864,19375,Portland Thorns Academy ECNL GU18/U19,Pacific Northwest SC ECNL GU18/U19,,,Tualatin Hills Recreation Center (THPRD) - Field 2,3406,2331,Portland Thorns FC,PacNW
U18/19,Northwest,208314,2021-06-06,6892,19375,Boise Thorns FC ECNL GU18/U19,Pacific Northwest SC ECNL GU18/U19,,,,51,2331,Boise Timbers | Thorns,PacNW
U18/19,Northwest,208313,2021-06-06 13:30,45864,7035,Portland Thorns Academy ECNL GU18/U19,Washington Premier ECNL GU18/U19,0,3,Tualatin Hills Recreation Center (THPRD) - Field 1,3406,112,Portland Thorns FC,Washington Premier FC
U18/19,Ohio Valley,172880,2020-11-21 14:00,45898,11604,Racing Louisville Academy ECNL GU18/U19,FC Alliance ECNL GU18/U19,1,2,Lynn Family Sports Vision & Training Facility - Field 1,3408,1693,Racing Louisville Academy,FC Alliance TN
U18/19,Ohio Valley,172879,2020-11-21 14:30,6910,8454,Ohio Elite Soccer Academy ECNL GU18/U19,Tennessee Soccer Club ECNL GU18/U19,0,3,Seven Hills School - Lower Field,75,1354,Ohio Elite Soccer Academy,Tennessee SC
U18/19,Ohio Valley,172881,2020-11-21 15:30,6929,7037,Ohio Premier ECNL GU18/U19,Internationals SC ECNL GU18/U19,2,4,OP Training Facility - Field 1,437,58,Ohio Premier,Internationals SC
U18/19,Ohio Valley,172885,2020-11-22 09:00,45898,8454,Racing Louisville Academy ECNL GU18/U19,Tennessee Soccer Club ECNL GU18/U19,2,6,Lynn Family Sports Vision & Training Facility - Field 2,3408,1354,Racing Louisville Academy,Tennessee SC
U18/19,Ohio Valley,172884,2020-11-22 14:30,6910,11604,Ohio Elite Soccer Academy ECNL GU18/U19,FC Alliance ECNL GU18/U19,5,2,Seven Hills School - Lower Field,75,1693,Ohio Elite Soccer Academy,FC Alliance TN
U18/19,Ohio Valley,172890,2020-12-12 11:00,45898,6910,Racing Louisville Academy ECNL GU18/U19,Ohio Elite Soccer Academy ECNL GU18/U19,2,3,Lynn Family Sports Vision & Training Facility - Field 2,3408,75,Racing Louisville Academy,Ohio Elite Soccer Academy
U18/19,Ohio Valley,172895,2020-12-12 12:00,11604,8454,FC Alliance ECNL GU18/U19,Tennessee Soccer Club ECNL GU18/U19,0,2,Mayor Bob Leonard Park - Field 1,1693,1354,FC Alliance TN,Tennessee SC
U18/19,Ohio Valley,172891,2020-12-12 16:00,10872,6924,FC Pride Elite ECNL GU18/U19,Indiana Fire ECNL GU18/U19,0,4,Pride Performance Center (Turf) - Field 1,7,436,No Club Selection,Indy Eleven Academy
U18/19,Ohio Valley,172897,2020-12-19 16:00,10872,6910,FC Pride Elite ECNL GU18/U19,Ohio Elite Soccer Academy ECNL GU18/U19,2,4,Pride Performance Center (Turf) - Field 1,7,75,No Club Selection,Ohio Elite Soccer Academy
U18/19,Ohio Valley,172896,2020-12-19 16:30,6924,45898,Indiana Fire ECNL GU18/U19,Racing Louisville Academy ECNL GU18/U19,4,2,Grand Park - Field 3,436,3408,Indy Eleven Academy,Racing Louisville Academy
U18/19,Ohio Valley,172900,2020-12-20 15:30,6924,6910,Indiana Fire ECNL GU18/U19,Ohio Elite Soccer Academy ECNL GU18/U19,1,3,Grand Park - Field 3,436,75,Indy Eleven Academy,Ohio Elite Soccer Academy
U18/19,Ohio Valley,172901,2020-12-20 16:00,10872,45898,FC Pride Elite ECNL GU18/U19,Racing Louisville Academy ECNL GU18/U19,2,3,Pride Performance Center (Turf) - Field 1,7,3408,No Club Selection,Racing Louisville Academy
U18/19,Ohio Valley,172904,2021-02-27 12:30,8454,6924,Tennessee Soccer Club ECNL GU18/U19,Indiana Fire ECNL GU18/U19,2,1,Richard Siegel Soccer Complex - Field 1,1354,436,Tennessee SC,Indy Eleven Academy
U18/19,Ohio Valley,172905,2021-02-27 14:15,11604,10872,FC Alliance ECNL GU18/U19,FC Pride Elite ECNL GU18/U19,2,1,Hardin Valley Academy Stadium - Field 1,1693,7,FC Alliance TN,No Club Selection
U18/19,Ohio Valley,172906,2021-02-28 10:15,8454,10872,Tennessee Soccer Club ECNL GU18/U19,FC Pride Elite ECNL GU18/U19,2,1,Richard Siegel Soccer Complex - Field 1,1354,7,Tennessee SC,No Club Selection
U18/19,Ohio Valley,172907,2021-02-28 13:00,11604,6924,FC Alliance ECNL GU18/U19,Indiana Fire ECNL GU18/U19,0,0,Hardin Valley Academy Stadium - Field 1,1693,436,FC Alliance TN,Indy Eleven Academy
U18/19,Ohio Valley,172910,2021-03-06 11:00,45898,10872,Racing Louisville Academy ECNL GU18/U19,FC Pride Elite ECNL GU18/U19,2,3,Lynn Family Sports Vision & Training Facility - Field 2,3408,7,Racing Louisville Academy,No Club Selection
U18/19,Ohio Valley,172909,2021-03-06 13:00,11604,10890,FC Alliance ECNL GU18/U19,Pittsburgh Riverhounds ECNL GU18/U19,1,2,Mayor Bob Leonard Park - Field 1,1693,538,FC Alliance TN,Pittsburgh Riverhounds
U18/19,Ohio Valley,172911,2021-03-06 14:30,6910,6924,Ohio Elite Soccer Academy ECNL GU18/U19,Indiana Fire ECNL GU18/U19,1,1,Seven Hills School - Lower Field,75,436,Ohio Elite Soccer Academy,Indy Eleven Academy
U18/19,Ohio Valley,172912,2021-03-06 15:30,7037,6929,Internationals SC ECNL GU18/U19,Ohio Premier ECNL GU18/U19,4,1,Pinnacle Sports - Field 1,58,437,Internationals SC,Ohio Premier
U18/19,Ohio Valley,172908,2021-03-06 16:30,8454,7052,Tennessee Soccer Club ECNL GU18/U19,WNY Flash Academy ECNL GU18/U19,2,0,Richard Siegel Soccer Complex - Field 2,1354,343,Tennessee SC,WNY Flash Academy
U18/19,Ohio Valley,172915,2021-03-07 11:00,45898,6924,Racing Louisville Academy ECNL GU18/U19,Indiana Fire ECNL GU18/U19,0,1,Lynn Family Sports Vision & Training Facility - Field 2,3408,436,Racing Louisville Academy,Indy Eleven Academy
U18/19,Ohio Valley,172913,2021-03-07 12:30,8454,10890,Tennessee Soccer Club ECNL GU18/U19,Pittsburgh Riverhounds ECNL GU18/U19,2,1,Williamson County Sports Complex - Field 22,1354,538,Tennessee SC,Pittsburgh Riverhounds
U18/19,Ohio Valley,172914,2021-03-07 13:00,11604,7052,FC Alliance ECNL GU18/U19,WNY Flash Academy ECNL GU18/U19,1,4,Mayor Bob Leonard Park - Field 1,1693,343,FC Alliance TN,WNY Flash Academy
U18/19,Ohio Valley,172916,2021-03-07 14:30,6910,10872,Ohio Elite Soccer Academy ECNL GU18/U19,FC Pride Elite ECNL GU18/U19,2,2,Seven Hills School - Seven Hills Lower #1,75,7,Ohio Elite Soccer Academy,No Club Selection
U18/19,Ohio Valley,172921,2021-03-13 13:30,6924,10890,Indiana Fire ECNL GU18/U19,Pittsburgh Riverhounds ECNL GU18/U19,0,1,Grand Park - Field 8,436,538,Indy Eleven Academy,Pittsburgh Riverhounds
U18/19,Ohio Valley,172923,2021-03-13 15:30,6910,45898,Ohio Elite Soccer Academy ECNL GU18/U19,Racing Louisville Academy ECNL GU18/U19,6,0,Seven Hills School - Lower Field,75,3408,Ohio Elite Soccer Academy,Racing Louisville Academy
U18/19,Ohio Valley,172922,2021-03-13 17:00,10872,7052,FC Pride Elite ECNL GU18/U19,WNY Flash Academy ECNL GU18/U19,1,1,Pride Performance Center (Turf) - Field 1,7,343,No Club Selection,WNY Flash Academy
U18/19,Ohio Valley,172924,2021-03-14 13:30,6924,7052,Indiana Fire ECNL GU18/U19,WNY Flash Academy ECNL GU18/U19,2,0,Grand Park - Field 8,436,343,Indy Eleven Academy,WNY Flash Academy
U18/19,Ohio Valley,172925,2021-03-14 14:15,10872,10890,FC Pride Elite ECNL GU18/U19,Pittsburgh Riverhounds ECNL GU18/U19,1,1,Pride Performance Center (Turf) - Field 1,7,538,No Club Selection,Pittsburgh Riverhounds
U18/19,Ohio Valley,172918,2021-03-20 14:30,6910,6929,Ohio Elite Soccer Academy ECNL GU18/U19,Ohio Premier ECNL GU18/U19,2,0,Seven Hills School - Lower Field,75,437,Ohio Elite Soccer Academy,Ohio Premier
U18/19,Ohio Valley,172917,2021-03-20 15:00,45898,7037,Racing Louisville Academy ECNL GU18/U19,Internationals SC ECNL GU18/U19,1,8,Lynn Family Sports Vision & Training Facility - Field 2,3408,58,Racing Louisville Academy,Internationals SC
U18/19,Ohio Valley,172920,2021-03-21 14:30,6910,7037,Ohio Elite Soccer Academy ECNL GU18/U19,Internationals SC ECNL GU18/U19,0,8,Seven Hills School - Lower Field,75,58,Ohio Elite Soccer Academy,Internationals SC
U18/19,Ohio Valley,172919,2021-03-21 15:00,45898,6929,Racing Louisville Academy ECNL GU18/U19,Ohio Premier ECNL GU18/U19,1,1,Lynn Family Sports Vision & Training Facility - Field 2,3408,437,Racing Louisville Academy,Ohio Premier
U18/19,Ohio Valley,172894,2021-03-27 10:45,8454,7037,Tennessee Soccer Club ECNL GU18/U19,Internationals SC ECNL GU18/U19,0,1,Richard Siegel Soccer Complex - Field 1,1354,58,Tennessee SC,Internationals SC
U18/19,Ohio Valley,172882,2021-03-27 13:00,7052,10872,WNY Flash Academy ECNL GU18/U19,FC Pride Elite ECNL GU18/U19,0,2,Flash Fields - Field B,343,7,WNY Flash Academy,No Club Selection
U18/19,Ohio Valley,172883,2021-03-27 14:00,10890,6924,Pittsburgh Riverhounds ECNL GU18/U19,Indiana Fire ECNL GU18/U19,0,5,Highmark Stadium - Field 1,538,436,Pittsburgh Riverhounds,Indy Eleven Academy
U18/19,Ohio Valley,172893,2021-03-27 14:15,11604,6929,FC Alliance ECNL GU18/U19,Ohio Premier ECNL GU18/U19,1,0,Powell High School Stadium - Field 1,1693,437,FC Alliance TN,Ohio Premier
U18/19,Ohio Valley,172889,2021-03-28 10:15,8454,6929,Tennessee Soccer Club ECNL GU18/U19,Ohio Premier ECNL GU18/U19,1,1,Richard Siegel Soccer Complex - Field 1,1354,437,Tennessee SC,Ohio Premier
U18/19,Ohio Valley,172886,2021-03-28 11:00,7052,6924,WNY Flash Academy ECNL GU18/U19,Indiana Fire ECNL GU18/U19,1,4,Flash Fields - Field B,343,436,WNY Flash Academy,Indy Eleven Academy
U18/19,Ohio Valley,172887,2021-03-28 14:00,10890,10872,Pittsburgh Riverhounds ECNL GU18/U19,FC Pride Elite ECNL GU18/U19,3,2,Highmark Stadium - Field 1,538,7,Pittsburgh Riverhounds,No Club Selection
U18/19,Ohio Valley,172888,2021-03-28 14:15,11604,7037,FC Alliance ECNL GU18/U19,Internationals SC ECNL GU18/U19,1,9,Hardin Valley Academy Stadium - Field 1,1693,58,FC Alliance TN,Internationals SC
U18/19,Ohio Valley,172947,2021-04-02 14:15,7052,10890,WNY Flash Academy ECNL GU18/U19,Pittsburgh Riverhounds ECNL GU18/U19,2,2,Flash Fields - Field A,343,538,WNY Flash Academy,Pittsburgh Riverhounds
U18/19,Ohio Valley,172892,2021-04-03 14:30,10890,7052,Pittsburgh Riverhounds ECNL GU18/U19,WNY Flash Academy ECNL GU18/U19,0,3,Highmark Stadium - Field 1,538,343,Pittsburgh Riverhounds,WNY Flash Academy
U18/19,Ohio Valley,172926,2021-04-17 09:00,6929,8454,Ohio Premier ECNL GU18/U19,Tennessee Soccer Club ECNL GU18/U19,2,4,OP Training Facility - Field 2,437,1354,Ohio Premier,Tennessee SC
U18/19,Ohio Valley,172929,2021-04-17 10:30,7052,45898,WNY Flash Academy ECNL GU18/U19,Racing Louisville Academy ECNL GU18/U19,4,0,Flash Fields - Field B,343,3408,WNY Flash Academy,Racing Louisville Academy
U18/19,Ohio Valley,172927,2021-04-17 12:30,7037,11604,Internationals SC ECNL GU18/U19,FC Alliance ECNL GU18/U19,4,0,Pinnacle Sports - Field 1,58,1693,Internationals SC,FC Alliance TN
U18/19,Ohio Valley,172928,2021-04-17 13:00,10890,6910,Pittsburgh Riverhounds ECNL GU18/U19,Ohio Elite Soccer Academy ECNL GU18/U19,2,3,Highmark Stadium - Field 1,538,75,Pittsburgh Riverhounds,Ohio Elite Soccer Academy
U18/19,Ohio Valley,172930,2021-04-17 14:00,6924,10872,Indiana Fire ECNL GU18/U19,FC Pride Elite ECNL GU18/U19,4,0,Grand Park - Field 31,436,7,Indy Eleven Academy,No Club Selection
U18/19,Ohio Valley,172934,2021-04-18 10:30,7052,6910,WNY Flash Academy ECNL GU18/U19,Ohio Elite Soccer Academy ECNL GU18/U19,1,1,Flash Fields - Field B,343,75,WNY Flash Academy,Ohio Elite Soccer Academy
U18/19,Ohio Valley,172931,2021-04-18 11:00,6929,11604,Ohio Premier ECNL GU18/U19,FC Alliance ECNL GU18/U19,3,0,OP Training Facility - Field 2,437,1693,Ohio Premier,FC Alliance TN
U18/19,Ohio Valley,172932,2021-04-18 11:30,7037,8454,Internationals SC ECNL GU18/U19,Tennessee Soccer Club ECNL GU18/U19,6,0,Pinnacle Sports - Field 1,58,1354,Internationals SC,Tennessee SC
U18/19,Ohio Valley,172933,2021-04-18 13:00,10890,45898,Pittsburgh Riverhounds ECNL GU18/U19,Racing Louisville Academy ECNL GU18/U19,3,0,Montour Junction Sports Complex - Field 1,538,3408,Pittsburgh Riverhounds,Racing Louisville Academy
U18/19,Ohio Valley,172936,2021-04-24 09:00,10872,8454,FC Pride Elite ECNL GU18/U19,Tennessee Soccer Club ECNL GU18/U19,0,7,Pride Performance Center (Turf) - Field 1,7,1354,No Club Selection,Tennessee SC
U18/19,Ohio Valley,172935,2021-04-24 12:00,6924,11604,Indiana Fire ECNL GU18/U19,FC Alliance ECNL GU18/U19,4,1,Grand Park - Field 4,436,1693,Indy Eleven Academy,FC Alliance TN
U18/19,Ohio Valley,172937,2021-04-24 14:45,10890,7037,Pittsburgh Riverhounds ECNL GU18/U19,Internationals SC ECNL GU18/U19,1,3,Montour Junction Sports Complex - Field 1,538,58,Pittsburgh Riverhounds,Internationals SC
U18/19,Ohio Valley,172938,2021-04-24 15:00,7052,6929,WNY Flash Academy ECNL GU18/U19,Ohio Premier ECNL GU18/U19,1,1,Flash Fields - Field A,343,437,WNY Flash Academy,Ohio Premier
U18/19,Ohio Valley,172939,2021-04-25 12:00,6924,8454,Indiana Fire ECNL GU18/U19,Tennessee Soccer Club ECNL GU18/U19,1,0,Grand Park - Field 5,436,1354,Indy Eleven Academy,Tennessee SC
U18/19,Ohio Valley,172941,2021-04-25 14:15,10890,6929,Pittsburgh Riverhounds ECNL GU18/U19,Ohio Premier ECNL GU18/U19,2,3,Highmark Stadium - Field 1,538,437,Pittsburgh Riverhounds,Ohio Premier
U18/19,Ohio Valley,172940,2021-04-25 14:30,10872,11604,FC Pride Elite ECNL GU18/U19,FC Alliance ECNL GU18/U19,3,1,Pride Performance Center (Turf) - Field 1,7,1693,No Club Selection,FC Alliance TN
U18/19,Ohio Valley,172942,2021-04-25 14:30,7052,7037,WNY Flash Academy ECNL GU18/U19,Internationals SC ECNL GU18/U19,1,2,Flash Fields - Field A,343,58,WNY Flash Academy,Internationals SC
U18/19,Ohio Valley,172945,2021-05-01 09:00,6924,7037,Indiana Fire ECNL GU18/U19,Internationals SC ECNL GU18/U19,4,2,Grand Park - Field 31,436,58,Indy Eleven Academy,Internationals SC
U18/19,Ohio Valley,172944,2021-05-01 11:00,11604,45898,FC Alliance ECNL GU18/U19,Racing Louisville Academy ECNL GU18/U19,2,0,Mayor Bob Leonard Park - Field 1,1693,3408,FC Alliance TN,Racing Louisville Academy
U18/19,Ohio Valley,172943,2021-05-01 12:30,8454,6910,Tennessee Soccer Club ECNL GU18/U19,Ohio Elite Soccer Academy ECNL GU18/U19,6,0,Richard Siegel Soccer Complex - Field 1,1354,75,Tennessee SC,Ohio Elite Soccer Academy
U18/19,Ohio Valley,172946,2021-05-01 13:00,10872,6929,FC Pride Elite ECNL GU18/U19,Ohio Premier ECNL GU18/U19,1,2,Pride Performance Center (Turf) - Field 1,7,437,No Club Selection,Ohio Premier
U18/19,Ohio Valley,172950,2021-05-02 14:00,6924,6929,Indiana Fire ECNL GU18/U19,Ohio Premier ECNL GU18/U19,2,1,Grand Park - Field 10,436,437,Indy Eleven Academy,Ohio Premier
U18/19,Ohio Valley,172948,2021-05-02 14:30,8454,45898,Tennessee Soccer Club ECNL GU18/U19,Racing Louisville Academy ECNL GU18/U19,3,1,Williamson County Sports Complex - Field 22,1354,3408,Tennessee SC,Racing Louisville Academy
U18/19,Ohio Valley,172949,2021-05-02 14:30,11604,6910,FC Alliance ECNL GU18/U19,Ohio Elite Soccer Academy ECNL GU18/U19,0,5,Mayor Bob Leonard Park - Field 1,1693,75,FC Alliance TN,Ohio Elite Soccer Academy
U18/19,Ohio Valley,172951,2021-05-02 15:00,10872,7037,FC Pride Elite ECNL GU18/U19,Internationals SC ECNL GU18/U19,1,6,Pride Performance Center (Turf) - Field 1,7,58,No Club Selection,Internationals SC
U18/19,Ohio Valley,172954,2021-05-15 09:00,7037,45898,Internationals SC ECNL GU18/U19,Racing Louisville Academy ECNL GU18/U19,5,0,Pinnacle Sports - Field 1,58,3408,Internationals SC,Racing Louisville Academy
U18/19,Ohio Valley,172955,2021-05-15 09:00,6929,6910,Ohio Premier ECNL GU18/U19,Ohio Elite Soccer Academy ECNL GU18/U19,2,2,OP Training Facility - Field 1,437,75,Ohio Premier,Ohio Elite Soccer Academy
U18/19,Ohio Valley,172952,2021-05-15 11:30,7052,11604,WNY Flash Academy ECNL GU18/U19,FC Alliance ECNL GU18/U19,4,2,Flash Fields - Field B,343,1693,WNY Flash Academy,FC Alliance TN
U18/19,Ohio Valley,172953,2021-05-15 13:30,10890,8454,Pittsburgh Riverhounds ECNL GU18/U19,Tennessee Soccer Club ECNL GU18/U19,2,3,Highmark Stadium - Field 1,538,1354,Pittsburgh Riverhounds,Tennessee SC
U18/19,Ohio Valley,172959,2021-05-16 11:00,6929,45898,Ohio Premier ECNL GU18/U19,Racing Louisville Academy ECNL GU18/U19,1,1,OP Training Facility - Field 2,437,3408,Ohio Premier,Racing Louisville Academy
U18/19,Ohio Valley,172956,2021-05-16 11:30,7052,8454,WNY Flash Academy ECNL GU18/U19,Tennessee Soccer Club ECNL GU18/U19,2,3,Flash Fields - Field B,343,1354,WNY Flash Academy,Tennessee SC
U18/19,Ohio Valley,172957,2021-05-16 13:30,10890,11604,Pittsburgh Riverhounds ECNL GU18/U19,FC Alliance ECNL GU18/U19,5,1,Highmark Stadium - Field 1,538,1693,Pittsburgh Riverhounds,FC Alliance TN
U18/19,Ohio Valley,172958,2021-05-16 15:00,7037,6910,Internationals SC ECNL GU18/U19,Ohio Elite Soccer Academy ECNL GU18/U19,5,0,Pinnacle Sports - Field 1,58,75,Internationals SC,Ohio Elite Soccer Academy
U18/19,Ohio Valley,172963,2021-05-22 09:00,7037,6924,Internationals SC ECNL GU18/U19,Indiana Fire ECNL GU18/U19,2,1,Pinnacle Sports - Field 1,58,436,Internationals SC,Indy Eleven Academy
U18/19,Ohio Valley,172964,2021-05-22 09:00,6929,10872,Ohio Premier ECNL GU18/U19,FC Pride Elite ECNL GU18/U19,5,0,OP Training Facility - Field 1,437,7,Ohio Premier,No Club Selection
U18/19,Ohio Valley,172961,2021-05-22 14:30,6910,10890,Ohio Elite Soccer Academy ECNL GU18/U19,Pittsburgh Riverhounds ECNL GU18/U19,8,3,Ohio Elite Training Center - Field 9,75,538,Ohio Elite Soccer Academy,Pittsburgh Riverhounds
U18/19,Ohio Valley,172962,2021-05-22 15:00,45898,7052,Racing Louisville Academy ECNL GU18/U19,WNY Flash Academy ECNL GU18/U19,2,2,Lynn Family Sports Vision & Training Facility - Field 3,3408,343,Racing Louisville Academy,WNY Flash Academy
U18/19,Ohio Valley,172960,2021-05-23 09:00,8454,11604,Tennessee Soccer Club ECNL GU18/U19,FC Alliance ECNL GU18/U19,2,1,Williamson County Sports Complex - Field 23,1354,1693,Tennessee SC,FC Alliance TN
U18/19,Ohio Valley,172965,2021-05-23 09:00,6910,7052,Ohio Elite Soccer Academy ECNL GU18/U19,WNY Flash Academy ECNL GU18/U19,5,3,Ohio Elite Training Center - Field 10,75,343,Ohio Elite Soccer Academy,WNY Flash Academy
U18/19,Ohio Valley,172966,2021-05-23 09:00,45898,10890,Racing Louisville Academy ECNL GU18/U19,Pittsburgh Riverhounds ECNL GU18/U19,2,4,Lynn Family Sports Vision & Training Facility - Field 4,3408,538,Racing Louisville Academy,Pittsburgh Riverhounds
U18/19,Ohio Valley,172967,2021-05-23 15:00,7037,10872,Internationals SC ECNL GU18/U19,FC Pride Elite ECNL GU18/U19,3,0,Pinnacle Sports - Field 1,58,7,Internationals SC,No Club Selection
U18/19,Ohio Valley,172968,2021-05-23 15:00,6929,6924,Ohio Premier ECNL GU18/U19,Indiana Fire ECNL GU18/U19,1,4,OP Training Facility - Field 1,437,436,Ohio Premier,Indy Eleven Academy
U18/19,Ohio Valley,172898,2021-06-05 10:00,6929,7052,Ohio Premier ECNL GU18/U19,WNY Flash Academy ECNL GU18/U19,,,OP Training Facility - Field 2,437,343,Ohio Premier,WNY Flash Academy
U18/19,Ohio Valley,172902,2021-06-06 09:00,6929,10890,Ohio Premier ECNL GU18/U19,Pittsburgh Riverhounds ECNL GU18/U19,,,OP Training Facility - Field 1,437,538,Ohio Premier,Pittsburgh Riverhounds
U18/19,Ohio Valley,172899,2021-06-06 10:00,7037,10890,Internationals SC ECNL GU18/U19,Pittsburgh Riverhounds ECNL GU18/U19,3,0,Pinnacle Sports - Field 1,58,538,Internationals SC,Pittsburgh Riverhounds
U18/19,Ohio Valley,172903,2021-06-13 09:00,7037,7052,Internationals SC ECNL GU18/U19,WNY Flash Academy ECNL GU18/U19,6,1,Pinnacle Sports - Field 1,58,343,Internationals SC,WNY Flash Academy
U18/19,Southeast,169134,2020-08-22 14:00,6896,6875,GSA ECNL GU18/U19,Alabama FC ECNL GU18/U19,0,1,GSA South - Spencer,56,18,Gwinnett Soccer Academy,Alabama FC
U18/19,Southeast,169133,2020-08-22 15:00,19904,6884,Concorde Fire Platinum ECNL GU18/U19,Concorde Fire Premier ECNL GU18/U19,5,0,Georgia Soccer Park - Field 1,30,30,Concorde Fire,Concorde Fire
U18/19,Southeast,169137,2020-08-23 12:00,19904,6875,Concorde Fire Platinum ECNL GU18/U19,Alabama FC ECNL GU18/U19,2,0,Georgia Soccer Park - Field 1,30,18,Concorde Fire,Alabama FC
U18/19,Southeast,169138,2020-08-23 14:00,6896,6884,GSA ECNL GU18/U19,Concorde Fire Premier ECNL GU18/U19,1,3,GSA South - Spencer,56,30,Gwinnett Soccer Academy,Concorde Fire
U18/19,Southeast,169139,2020-09-12 16:00,6875,19904,Alabama FC ECNL GU18/U19,Concorde Fire Platinum ECNL GU18/U19,1,4,Dunnavant Valley Fields (DVF) - Field # 2,18,30,Alabama FC,Concorde Fire
U18/19,Southeast,169140,2020-09-12 17:00,6884,6896,Concorde Fire Premier ECNL GU18/U19,GSA ECNL GU18/U19,1,2,Georgia Soccer Park - Field 3,30,56,Concorde Fire,Gwinnett Soccer Academy
U18/19,Southeast,169142,2020-09-13 14:00,6875,6896,Alabama FC ECNL GU18/U19,GSA ECNL GU18/U19,1,1,Dunnavant Valley Fields (DVF) - Field # 2,18,56,Alabama FC,Gwinnett Soccer Academy
U18/19,Southeast,169141,2020-09-13 15:00,6884,19904,Concorde Fire Premier ECNL GU18/U19,Concorde Fire Platinum ECNL GU18/U19,1,2,Georgia Soccer Park - Field 3,30,30,Concorde Fire,Concorde Fire
U18/19,Southeast,169147,2020-09-19 11:00,6896,20330,GSA ECNL GU18/U19,Sunrise Prime FC ECNL GU18/U19,3,2,Silverbacks Park - Coca-Cola Field,56,2329,Gwinnett Soccer Academy,Athletic Club Florida
U18/19,Southeast,169143,2020-09-19 12:00,10878,45839,Florida Elite SA ECNL GU18/U19,United Futbol Academy ECNL GU18/U19,1,5,Veterans Park - Field 1,1353,3407,Sporting SA,United Futbol Academy
U18/19,Southeast,169144,2020-09-19 12:30,7209,6873,Jacksonville FC ECNL GU18/U19,Atlanta Fire United ECNL GU18/U19,2,1,Patton Park - Field 3,990,14,Jacksonville FC,Atlanta Fire United
U18/19,Southeast,169148,2020-09-20 11:00,7209,45839,Jacksonville FC ECNL GU18/U19,United Futbol Academy ECNL GU18/U19,1,2,Patton Park - Field 1,990,3407,Jacksonville FC,United Futbol Academy
U18/19,Southeast,169149,2020-09-20 12:00,10878,6873,Florida Elite SA ECNL GU18/U19,Atlanta Fire United ECNL GU18/U19,2,2,Veterans Park - Field 1,1353,14,Sporting SA,Atlanta Fire United
U18/19,Southeast,169151,2020-09-20 13:00,19904,20330,Concorde Fire Platinum ECNL GU18/U19,Sunrise Prime FC ECNL GU18/U19,4,0,Georgia Soccer Park - Field 4,30,2329,Concorde Fire,Athletic Club Florida
U18/19,Southeast,169152,2020-09-26 09:00,6875,10878,Alabama FC ECNL GU18/U19,Florida Elite SA ECNL GU18/U19,0,2,Dunnavant Valley Fields (DVF) - Field # 2,18,1353,Alabama FC,Sporting SA
U18/19,Southeast,169154,2020-09-26 09:00,6873,10884,Atlanta Fire United ECNL GU18/U19,Florida Krush ECNL GU18/U19,1,1,Pinecrest Academy - Grass,14,379,Atlanta Fire United,Florida Kraze Krush
U18/19,Southeast,169155,2020-09-26 09:00,45839,6894,United Futbol Academy ECNL GU18/U19,Orlando City ECNL GU18/U19,1,0,Fowler Park - Field 6,3407,77,United Futbol Academy,Seminole United
U18/19,Southeast,169153,2020-09-26 14:00,6884,7209,Concorde Fire Premier ECNL GU18/U19,Jacksonville FC ECNL GU18/U19,3,1,Georgia Soccer Park - Field 4,30,990,Concorde Fire,Jacksonville FC
U18/19,Southeast,169159,2020-09-27 09:00,6873,6894,Atlanta Fire United ECNL GU18/U19,Orlando City ECNL GU18/U19,0,1,Pinecrest Academy - Grass,14,77,Atlanta Fire United,Seminole United
U18/19,Southeast,169156,2020-09-27 11:00,6875,7209,Alabama FC ECNL GU18/U19,Jacksonville FC ECNL GU18/U19,0,3,Dunnavant Valley Fields (DVF) - Field # 2,18,990,Alabama FC,Jacksonville FC
U18/19,Southeast,169157,2020-09-27 11:00,6884,10878,Concorde Fire Premier ECNL GU18/U19,Florida Elite SA ECNL GU18/U19,1,0,Georgia Soccer Park - Field 5,30,1353,Concorde Fire,Sporting SA
U18/19,Southeast,169158,2020-09-27 13:00,45839,10884,United Futbol Academy ECNL GU18/U19,Florida Krush ECNL GU18/U19,4,1,Fowler Park - Field 7,3407,379,United Futbol Academy,Florida Kraze Krush
U18/19,Southeast,169065,2020-10-03,6894,6896,Orlando City ECNL GU18/U19,GSA ECNL GU18/U19,0,5,,77,56,Seminole United,Gwinnett Soccer Academy
U18/19,Southeast,169066,2020-10-03 13:00,7068,6884,Tampa Bay United Rowdies ECNL GU18/U19,Concorde Fire Premier ECNL GU18/U19,3,2,Waters Sportsplex - Field 1,874,30,Tampa Bay United,Concorde Fire
U18/19,Southeast,169067,2020-10-03 13:00,20330,6875,Sunrise Prime FC ECNL GU18/U19,Alabama FC ECNL GU18/U19,5,0,Max K. Rodes Park - Field 3,2329,18,Athletic Club Florida,Alabama FC
U18/19,Southeast,169064,2020-10-03 16:00,10884,19904,Florida Krush ECNL GU18/U19,Concorde Fire Platinum ECNL GU18/U19,1,1,Central Winds - Field C,379,30,Florida Kraze Krush,Concorde Fire
U18/19,Southeast,169068,2020-10-03 17:00,6873,45839,Atlanta Fire United ECNL GU18/U19,United Futbol Academy ECNL GU18/U19,0,0,Pinecrest Academy - Turf,14,3407,Atlanta Fire United,United Futbol Academy
U18/19,Southeast,169076,2020-10-04,6894,19904,Orlando City ECNL GU18/U19,Concorde Fire Platinum ECNL GU18/U19,5,4,,77,30,Seminole United,Concorde Fire
U18/19,Southeast,169077,2020-10-04 11:00,7068,6875,Tampa Bay United Rowdies ECNL GU18/U19,Alabama FC ECNL GU18/U19,2,0,Waters Sportsplex - Field 2,874,18,Tampa Bay United,Alabama FC
U18/19,Southeast,169075,2020-10-04 13:00,10884,6896,Florida Krush ECNL GU18/U19,GSA ECNL GU18/U19,2,3,Central Winds - Field C,379,56,Florida Kraze Krush,Gwinnett Soccer Academy
U18/19,Southeast,169078,2020-10-04 13:00,20330,6884,Sunrise Prime FC ECNL GU18/U19,Concorde Fire Premier ECNL GU18/U19,1,2,Max K. Rodes Park - Field 3,2329,30,Athletic Club Florida,Concorde Fire
U18/19,Southeast,169146,2020-10-10 15:00,19904,7068,Concorde Fire Platinum ECNL GU18/U19,Tampa Bay United Rowdies ECNL GU18/U19,2,2,Georgia Soccer Park - Field 1,30,874,Concorde Fire,Tampa Bay United
U18/19,Southeast,169150,2020-10-11 11:00,6896,7068,GSA ECNL GU18/U19,Tampa Bay United Rowdies ECNL GU18/U19,0,1,Rabbit Hill Park - Field 1,56,874,Gwinnett Soccer Academy,Tampa Bay United
U18/19,Southeast,214833,2020-10-17 11:00,7068,45839,Tampa Bay United Rowdies ECNL GU18/U19,United Futbol Academy ECNL GU18/U19,1,0,Waters Sportsplex - Field 3,874,3407,Tampa Bay United,United Futbol Academy
U18/19,Southeast,169052,2020-10-17 13:00,6875,10884,Alabama FC ECNL GU18/U19,Florida Krush ECNL GU18/U19,1,1,Dunnavant Valley Fields (DVF) - Field # 2,18,379,Alabama FC,Florida Kraze Krush
U18/19,Southeast,169165,2020-10-17 13:00,20330,6873,Sunrise Prime FC ECNL GU18/U19,Atlanta Fire United ECNL GU18/U19,1,0,Chapel Trail Park - CTSP 3,2329,14,Athletic Club Florida,Atlanta Fire United
U18/19,Southeast,169053,2020-10-17 14:00,6884,6894,Concorde Fire Premier ECNL GU18/U19,Orlando City ECNL GU18/U19,1,1,Georgia Soccer Park - Field 4,30,77,Concorde Fire,Seminole United
U18/19,Southeast,169058,2020-10-18 11:00,6884,10884,Concorde Fire Premier ECNL GU18/U19,Florida Krush ECNL GU18/U19,1,1,Georgia Soccer Park - Field 4,30,379,Concorde Fire,Florida Kraze Krush
U18/19,Southeast,169059,2020-10-18 11:00,6875,6894,Alabama FC ECNL GU18/U19,Orlando City ECNL GU18/U19,4,1,Dunnavant Valley Fields (DVF) - Field # 2,18,77,Alabama FC,Seminole United
U18/19,Southeast,169170,2020-10-18 13:00,7068,6873,Tampa Bay United Rowdies ECNL GU18/U19,Atlanta Fire United ECNL GU18/U19,1,0,Waters Sportsplex - Field 1,874,14,Tampa Bay United,Atlanta Fire United
U18/19,Southeast,169171,2020-10-18 13:00,20330,45839,Sunrise Prime FC ECNL GU18/U19,United Futbol Academy ECNL GU18/U19,1,0,Chapel Trail Park - CTSP 3,2329,3407,Athletic Club Florida,United Futbol Academy
U18/19,Southeast,169063,2020-10-25 11:00,6884,6875,Concorde Fire Premier ECNL GU18/U19,Alabama FC ECNL GU18/U19,1,2,Georgia Soccer Park - Field 3,30,18,Concorde Fire,Alabama FC
U18/19,Southeast,169130,2020-10-25 12:00,10878,7209,Florida Elite SA ECNL GU18/U19,Jacksonville FC ECNL GU18/U19,4,0,Veterans Park - Field 1,1353,990,Sporting SA,Jacksonville FC
U18/19,Southeast,169100,2020-10-31 09:00,45839,6896,United Futbol Academy ECNL GU18/U19,GSA ECNL GU18/U19,1,1,Fowler Park - Field 7,3407,56,United Futbol Academy,Gwinnett Soccer Academy
U18/19,Southeast,169108,2020-10-31 12:30,7209,6894,Jacksonville FC ECNL GU18/U19,Orlando City ECNL GU18/U19,1,2,Patton Park - Field 3,990,77,Jacksonville FC,Seminole United
U18/19,Southeast,169099,2020-10-31 15:00,6873,19904,Atlanta Fire United ECNL GU18/U19,Concorde Fire Platinum ECNL GU18/U19,1,1,Notre Dame Academy - Turf,14,30,Atlanta Fire United,Concorde Fire
U18/19,Southeast,169107,2020-10-31 15:00,10878,10884,Florida Elite SA ECNL GU18/U19,Florida Krush ECNL GU18/U19,5,3,Veterans Park - Field 1,1353,379,Sporting SA,Florida Kraze Krush
U18/19,Southeast,169109,2020-11-01 15:00,10878,6894,Florida Elite SA ECNL GU18/U19,Orlando City ECNL GU18/U19,0,1,Veterans Park - Field 1,1353,77,Sporting SA,Seminole United
U18/19,Southeast,169110,2020-11-01 15:00,7209,10884,Jacksonville FC ECNL GU18/U19,Florida Krush ECNL GU18/U19,1,0,Patton Park - Field 3,990,379,Jacksonville FC,Florida Kraze Krush
U18/19,Southeast,169102,2020-11-01 16:00,6873,6896,Atlanta Fire United ECNL GU18/U19,GSA ECNL GU18/U19,0,2,Pinecrest Academy - Turf,14,56,Atlanta Fire United,Gwinnett Soccer Academy
U18/19,Southeast,169101,2020-11-01 19:00,45839,19904,United Futbol Academy ECNL GU18/U19,Concorde Fire Platinum ECNL GU18/U19,1,4,Fowler Park - Field 6,3407,30,United Futbol Academy,Concorde Fire
U18/19,Southeast,169090,2020-11-07 11:00,6884,45839,Concorde Fire Premier ECNL GU18/U19,United Futbol Academy ECNL GU18/U19,2,1,Georgia Soccer Park - Field 4,30,3407,Concorde Fire,United Futbol Academy
U18/19,Southeast,169092,2020-11-08 11:00,6875,45839,Alabama FC ECNL GU18/U19,United Futbol Academy ECNL GU18/U19,2,2,Dunnavant Valley Fields (DVF) - Field # 2,18,3407,Alabama FC,United Futbol Academy
U18/19,Southeast,169085,2020-11-21 09:30,19904,45839,Concorde Fire Platinum ECNL GU18/U19,United Futbol Academy ECNL GU18/U19,5,2,Georgia Soccer Park - Field 5,30,3407,Concorde Fire,United Futbol Academy
U18/19,Southeast,169086,2020-11-21 13:00,6896,6873,GSA ECNL GU18/U19,Atlanta Fire United ECNL GU18/U19,,,GSA South - Schrader,56,14,Gwinnett Soccer Academy,Atlanta Fire United
U18/19,Southeast,169087,2020-11-21 13:00,6875,6884,Alabama FC ECNL GU18/U19,Concorde Fire Premier ECNL GU18/U19,0,1,Dunnavant Valley Fields (DVF) - Field # 2,18,30,Alabama FC,Concorde Fire
U18/19,Southeast,169088,2020-11-22 13:00,19904,6873,Concorde Fire Platinum ECNL GU18/U19,Atlanta Fire United ECNL GU18/U19,3,0,Georgia Soccer Park - Field 3,30,14,Concorde Fire,Atlanta Fire United
U18/19,Southeast,169095,2020-12-12 16:00,6873,6884,Atlanta Fire United ECNL GU18/U19,Concorde Fire Premier ECNL GU18/U19,0,1,Pinecrest Academy - Turf,14,30,Atlanta Fire United,Concorde Fire
U18/19,Southeast,169094,2020-12-12 19:00,45839,6875,United Futbol Academy ECNL GU18/U19,Alabama FC ECNL GU18/U19,4,2,Fowler Park - Field 6,3407,18,United Futbol Academy,Alabama FC
U18/19,Southeast,169098,2020-12-13 11:00,6873,6875,Atlanta Fire United ECNL GU18/U19,Alabama FC ECNL GU18/U19,7,0,Pinecrest Academy - Turf,14,18,Atlanta Fire United,Alabama FC
U18/19,Southeast,169097,2020-12-13 15:00,45839,6884,United Futbol Academy ECNL GU18/U19,Concorde Fire Premier ECNL GU18/U19,1,1,Fowler Park - Field 6,3407,30,United Futbol Academy,Concorde Fire
U18/19,Southeast,173983,2020-12-19 15:00,45839,6873,United Futbol Academy ECNL GU18/U19,Atlanta Fire United ECNL GU18/U19,2,2,Fowler Park - Field 6,3407,14,United Futbol Academy,Atlanta Fire United
U18/19,Southeast,169093,2021-01-16 12:00,6884,6873,Concorde Fire Premier ECNL GU18/U19,Atlanta Fire United ECNL GU18/U19,1,1,Georgia Soccer Park - Field 5,30,14,Concorde Fire,Atlanta Fire United
U18/19,Southeast,169091,2021-01-23 12:00,6875,6873,Alabama FC ECNL GU18/U19,Atlanta Fire United ECNL GU18/U19,3,1,Dunnavant Valley Fields (DVF) - Field #1,18,14,Alabama FC,Atlanta Fire United
U18/19,Southeast,169116,2021-03-06 12:30,7209,10878,Jacksonville FC ECNL GU18/U19,Florida Elite SA ECNL GU18/U19,,,Patton Park - Field 3,990,1353,Jacksonville FC,Sporting SA
U18/19,Southeast,169145,2021-03-13 15:00,10884,6894,Florida Krush ECNL GU18/U19,Orlando City ECNL GU18/U19,0,3,East Orange District Park - Field 1,379,77,Florida Kraze Krush,Seminole United
U18/19,Southeast,169112,2021-03-27 15:00,10884,7209,Florida Krush ECNL GU18/U19,Jacksonville FC ECNL GU18/U19,1,0,Central Winds - Field C,379,990,Florida Kraze Krush,Jacksonville FC
U18/19,Southeast,169114,2021-03-28 11:30,6894,7209,Orlando City ECNL GU18/U19,Jacksonville FC ECNL GU18/U19,0,2,Seminole - Field 8,77,990,Seminole United,Jacksonville FC
U18/19,Southeast,169115,2021-03-28 13:00,20330,7068,Sunrise Prime FC ECNL GU18/U19,Tampa Bay United Rowdies ECNL GU18/U19,0,3,Chapel Trail Park - CTSP 3,2329,874,Athletic Club Florida,Tampa Bay United
U18/19,Southeast,169118,2021-04-17 10:30,7209,7068,Jacksonville FC ECNL GU18/U19,Tampa Bay United Rowdies ECNL GU18/U19,2,1,Patton Park - Stadium,990,874,Jacksonville FC,Tampa Bay United
U18/19,Southeast,169119,2021-04-17 11:00,6894,10884,Orlando City ECNL GU18/U19,Florida Krush ECNL GU18/U19,0,2,Seminole - Field 2,77,379,Seminole United,Florida Kraze Krush
U18/19,Southeast,169117,2021-04-17 13:00,10878,20330,Florida Elite SA ECNL GU18/U19,Sunrise Prime FC ECNL GU18/U19,0,5,Veterans Park - Field 1,1353,2329,Sporting SA,Athletic Club Florida
U18/19,Southeast,169120,2021-04-18 12:00,10878,7068,Florida Elite SA ECNL GU18/U19,Tampa Bay United Rowdies ECNL GU18/U19,1,4,Veterans Park - Field 1,1353,874,Sporting SA,Tampa Bay United
U18/19,Southeast,169121,2021-04-18 13:00,7209,20330,Jacksonville FC ECNL GU18/U19,Sunrise Prime FC ECNL GU18/U19,2,0,Patton Park - Stadium,990,2329,Jacksonville FC,Athletic Club Florida
U18/19,Southeast,169122,2021-04-24 11:00,10884,7068,Florida Krush ECNL GU18/U19,Tampa Bay United Rowdies ECNL GU18/U19,1,3,Central Winds - Field B,379,874,Florida Kraze Krush,Tampa Bay United
U18/19,Southeast,169123,2021-04-24 13:30,6894,20330,Orlando City ECNL GU18/U19,Sunrise Prime FC ECNL GU18/U19,5,1,Seminole - Field 1,77,2329,Seminole United,Athletic Club Florida
U18/19,Southeast,169124,2021-04-25 09:00,10884,20330,Florida Krush ECNL GU18/U19,Sunrise Prime FC ECNL GU18/U19,3,5,Central Winds - Field A,379,2329,Florida Kraze Krush,Athletic Club Florida
U18/19,Southeast,169125,2021-04-25 11:00,6894,7068,Orlando City ECNL GU18/U19,Tampa Bay United Rowdies ECNL GU18/U19,2,2,Seminole - Field 1,77,874,Seminole United,Tampa Bay United
U18/19,Southeast,173990,2021-05-02 13:00,7068,20330,Tampa Bay United Rowdies ECNL GU18/U19,Sunrise Prime FC ECNL GU18/U19,5,1,Waters Sportsplex - Field 1,874,2329,Tampa Bay United,Athletic Club Florida
U18/19,Southeast,169127,2021-05-15 13:00,7068,6894,Tampa Bay United Rowdies ECNL GU18/U19,Orlando City ECNL GU18/U19,0,0,Waters Sportsplex - Field 2,874,77,Tampa Bay United,Seminole United
U18/19,Southeast,169126,2021-05-15 14:00,20330,10884,Sunrise Prime FC ECNL GU18/U19,Florida Krush ECNL GU18/U19,8,3,Chapel Trail Park - CTSP 3,2329,379,Athletic Club Florida,Florida Kraze Krush
U18/19,Southeast,169128,2021-05-16 13:00,20330,6894,Sunrise Prime FC ECNL GU18/U19,Orlando City ECNL GU18/U19,1,0,Chapel Trail Park - CTSP 3,2329,77,Athletic Club Florida,Seminole United
U18/19,Southeast,169129,2021-05-16 13:00,7068,10884,Tampa Bay United Rowdies ECNL GU18/U19,Florida Krush ECNL GU18/U19,4,1,Waters Sportsplex - Field 2,874,379,Tampa Bay United,Florida Kraze Krush
U18/19,Southeast,169089,2021-05-18 19:30,6896,45839,GSA ECNL GU18/U19,United Futbol Academy ECNL GU18/U19,8,0,GSA South - Spencer,56,3407,Gwinnett Soccer Academy,United Futbol Academy
U18/19,Southeast,169103,2021-05-22 13:00,7068,10878,Tampa Bay United Rowdies ECNL GU18/U19,Florida Elite SA ECNL GU18/U19,0,2,Waters Sportsplex - Field 1,874,1353,Tampa Bay United,Sporting SA
U18/19,Southeast,169104,2021-05-22 13:00,20330,7209,Sunrise Prime FC ECNL GU18/U19,Jacksonville FC ECNL GU18/U19,2,1,Chapel Trail Park - CTSP 3,2329,990,Athletic Club Florida,Jacksonville FC
U18/19,Southeast,169106,2021-05-23 11:00,7068,7209,Tampa Bay United Rowdies ECNL GU18/U19,Jacksonville FC ECNL GU18/U19,5,2,Waters Sportsplex - Field 3,874,990,Tampa Bay United,Jacksonville FC
U18/19,Southeast,169105,2021-05-23 13:00,20330,10878,Sunrise Prime FC ECNL GU18/U19,Florida Elite SA ECNL GU18/U19,4,1,Chapel Trail Park - CTSP 4,2329,1353,Athletic Club Florida,Sporting SA
U18/19,Southeast,200507,2021-05-29 14:30,7209,19904,Jacksonville FC ECNL GU18/U19,Concorde Fire Platinum ECNL GU18/U19,,,Patton Park - Stadium,990,30,Jacksonville FC,Concorde Fire
U18/19,Southeast,169060,2021-05-30 12:00,10878,19904,Florida Elite SA ECNL GU18/U19,Concorde Fire Platinum ECNL GU18/U19,,,Veterans Park - Field 2,1353,30,Sporting SA,Concorde Fire
U18/19,Southeast,169054,2021-06-05 16:00,10878,6896,Florida Elite SA ECNL GU18/U19,GSA ECNL GU18/U19,,,Losco Park - Field 1,1353,56,Sporting SA,Gwinnett Soccer Academy
U18/19,Southeast,169061,2021-06-06 13:00,7209,6896,Jacksonville FC ECNL GU18/U19,GSA ECNL GU18/U19,,,Patton Park - Field 3,990,56,Jacksonville FC,Gwinnett Soccer Academy
U18/19,Southeast,169062,2021-06-09 10:00,19904,6896,Concorde Fire Platinum ECNL GU18/U19,GSA ECNL GU18/U19,2,0,Georgia Soccer Park - Field 1,30,56,Concorde Fire,Gwinnett Soccer Academy
U18/19,Southeast,169111,2021-06-10 17:30,6894,10878,Orlando City ECNL GU18/U19,Florida Elite SA ECNL GU18/U19,2,0,Seminole - Field 2,77,1353,Seminole United,Sporting SA
U18/19,Southeast,169096,2021-06-12 17:00,6896,19904,GSA ECNL GU18/U19,Concorde Fire Platinum ECNL GU18/U19,0,9,GSA South - Spencer,56,30,Gwinnett Soccer Academy,Concorde Fire
U18/19,Southeast,169113,2021-06-13 13:00,10884,10878,Florida Krush ECNL GU18/U19,Florida Elite SA ECNL GU18/U19,,,Daytona State Game Field - Game Field,379,1353,Florida Kraze Krush,Sporting SA
U18/19,Southwest,210076,2020-10-04,20448,20436,Phoenix Rising ECNL GU18/U19,AZ Arsenal ECNL GU18/U19,,,,1141,592,Phoenix Rising FC,Arizona Arsenal Soccer Club
U18/19,Southwest,210081,2020-10-17,20448,5985,Phoenix Rising ECNL GU18/U19,SLAMMERS FC ECNL GU18/U19,0,1,,1141,96,Phoenix Rising FC,Slammers FC
U18/19,Southwest,210080,2020-10-17 08:00,20436,10580,AZ Arsenal ECNL GU18/U19,LAFC Slammers ECNL GU18/U19,1,4,Eagle Sports Complex - Field 3,592,1656,Arizona Arsenal Soccer Club,Slammers FC HB Koge
U18/19,Southwest,210086,2020-10-18,20448,10580,Phoenix Rising ECNL GU18/U19,LAFC Slammers ECNL GU18/U19,1,4,,1141,1656,Phoenix Rising FC,Slammers FC HB Koge
U18/19,Southwest,210087,2020-10-18 08:00,20436,5985,AZ Arsenal ECNL GU18/U19,SLAMMERS FC ECNL GU18/U19,0,1,Desert Sky Park - Field 4,592,96,Arizona Arsenal Soccer Club,Slammers FC
U18/19,Southwest,210092,2020-10-24,20448,45892,Phoenix Rising ECNL GU18/U19,Real So Cal ECNL GU18/U19,3,2,,1141,82,Phoenix Rising FC,LAFC So Cal
U18/19,Southwest,210093,2020-10-24,6856,10580,Heat FC ECNL GU18/U19,LAFC Slammers ECNL GU18/U19,0,7,,57,1656,LV Heat Surf SC,Slammers FC HB Koge
U18/19,Southwest,210174,2020-10-24 19:00,20436,6923,AZ Arsenal ECNL GU18/U19,So Cal Blues ECNL GU18/U19,0,2,Santos Soccer Complex - Field 4,592,98,Arizona Arsenal Soccer Club,So Cal Blues
U18/19,Southwest,210097,2020-10-25,20436,45892,AZ Arsenal ECNL GU18/U19,Real So Cal ECNL GU18/U19,1,1,,592,82,Arizona Arsenal Soccer Club,LAFC So Cal
U18/19,Southwest,210098,2020-10-25,6856,5985,Heat FC ECNL GU18/U19,SLAMMERS FC ECNL GU18/U19,1,2,,57,96,LV Heat Surf SC,Slammers FC
U18/19,Southwest,210180,2020-10-25,20448,6923,Phoenix Rising ECNL GU18/U19,So Cal Blues ECNL GU18/U19,0,2,,1141,98,Phoenix Rising FC,So Cal Blues
U18/19,Southwest,210211,2020-10-31,20448,19487,Phoenix Rising ECNL GU18/U19,LA Breakers FC ECNL GU18/U19,1,1,,1141,2289,Phoenix Rising FC,LA Breakers FC
U18/19,Southwest,210212,2020-10-31,20436,6872,AZ Arsenal ECNL GU18/U19,Arsenal FC ECNL GU18/U19,3,2,,592,13,Arizona Arsenal Soccer Club,Sporting California USA
U18/19,Southwest,210217,2020-11-01,20436,19487,AZ Arsenal ECNL GU18/U19,LA Breakers FC ECNL GU18/U19,1,0,,592,2289,Arizona Arsenal Soccer Club,LA Breakers FC
U18/19,Southwest,210218,2020-11-01,20448,6872,Phoenix Rising ECNL GU18/U19,Arsenal FC ECNL GU18/U19,2,2,,1141,13,Phoenix Rising FC,Sporting California USA
U18/19,Southwest,210103,2020-11-07,45880,20436,San Diego Surf ECNL GU18/U19,AZ Arsenal ECNL GU18/U19,0,0,,87,592,San Diego Surf Soccer Club,Arizona Arsenal Soccer Club
U18/19,Southwest,210104,2020-11-07,9484,20448,Rebels SC ECNL GU18/U19,Phoenix Rising ECNL GU18/U19,2,3,,300,1141,Rebels Soccer Club,Phoenix Rising FC
U18/19,Southwest,210109,2020-11-07 15:31,6856,6994,Heat FC ECNL GU18/U19,Strikers FC ECNL GU18/U19,1,5,Heritage Park Sports Complex - Field 5,57,2,LV Heat Surf SC,Strikers FC ECNL
U18/19,Southwest,210110,2020-11-08,9484,20436,Rebels SC ECNL GU18/U19,AZ Arsenal ECNL GU18/U19,1,5,,300,592,Rebels Soccer Club,Arizona Arsenal Soccer Club
U18/19,Southwest,210111,2020-11-08,45880,20448,San Diego Surf ECNL GU18/U19,Phoenix Rising ECNL GU18/U19,2,1,,87,1141,San Diego Surf Soccer Club,Phoenix Rising FC
U18/19,Southwest,210256,2021-03-06,6923,6872,So Cal Blues ECNL GU18/U19,Arsenal FC ECNL GU18/U19,6,0,,98,13,So Cal Blues,Sporting California USA
U18/19,Southwest,210121,2021-03-06 11:00,45880,10580,San Diego Surf ECNL GU18/U19,LAFC Slammers ECNL GU18/U19,0,0,Surf Sports Park - Field 5,87,1656,San Diego Surf Soccer Club,Slammers FC HB Koge
U18/19,Southwest,210136,2021-03-06 11:00,9484,5985,Rebels SC ECNL GU18/U19,SLAMMERS FC ECNL GU18/U19,0,0,Surf Sports Park - Field 2,300,96,Rebels Soccer Club,Slammers FC
U18/19,Southwest,210213,2021-03-06 11:00,10860,6994,Del Mar Sharks ECNL GU18/U19,Strikers FC ECNL GU18/U19,0,3,Surf Sports Park - Field 1,39,2,Legends FC - Del Mar,Strikers FC ECNL
U18/19,Southwest,210114,2021-03-06 13:00,5830,19487,Eagles SC ECNL GU18/U19,LA Breakers FC ECNL GU18/U19,1,4,Pleasant Valley Fields - Field 16ss,41,2289,Eagles SC,LA Breakers FC
U18/19,Southwest,210233,2021-03-07,6923,45892,So Cal Blues ECNL GU18/U19,Real So Cal ECNL GU18/U19,5,0,,98,82,So Cal Blues,LAFC So Cal
U18/19,Southwest,210118,2021-03-07 11:00,45880,5985,San Diego Surf ECNL GU18/U19,SLAMMERS FC ECNL GU18/U19,0,1,Surf Sports Park - Field 5,87,96,San Diego Surf Soccer Club,Slammers FC
U18/19,Southwest,210133,2021-03-07 11:00,9484,10580,Rebels SC ECNL GU18/U19,LAFC Slammers ECNL GU18/U19,1,2,Surf Sports Park - Field 4,300,1656,Rebels Soccer Club,Slammers FC HB Koge
U18/19,Southwest,210189,2021-03-07 11:00,10860,6872,Del Mar Sharks ECNL GU18/U19,Arsenal FC ECNL GU18/U19,1,1,Surf Sports Park - Field 1,39,13,Legends FC - Del Mar,Sporting California USA
U18/19,Southwest,210156,2021-03-07 13:00,5830,19487,Eagles SC ECNL GU18/U19,LA Breakers FC ECNL GU18/U19,1,1,Pleasant Valley Fields - Field 16ss,41,2289,Eagles SC,LA Breakers FC
U18/19,Southwest,210095,2021-03-13 11:00,6872,9484,Arsenal FC ECNL GU18/U19,Rebels SC ECNL GU18/U19,1,3,Ralph M. Lewis Sports Complex - Field 6,13,300,Sporting California USA,Rebels Soccer Club
U18/19,Southwest,210186,2021-03-13 13:00,10860,10580,Del Mar Sharks ECNL GU18/U19,LAFC Slammers ECNL GU18/U19,0,7,SoCal Sports Complex - Field 18,39,1656,Legends FC - Del Mar,Slammers FC HB Koge
U18/19,Southwest,210107,2021-03-13 14:00,45892,19487,Real So Cal ECNL GU18/U19,LA Breakers FC ECNL GU18/U19,1,0,Alice C Stelle Middle School - Field 1,82,2289,LAFC So Cal,LA Breakers FC
U18/19,Southwest,210187,2021-03-13 15:00,6923,5985,So Cal Blues ECNL GU18/U19,SLAMMERS FC ECNL GU18/U19,3,0,OC Great Park - Field 4,98,96,So Cal Blues,Slammers FC
U18/19,Southwest,210254,2021-03-13 15:00,6994,45880,Strikers FC ECNL GU18/U19,San Diego Surf ECNL GU18/U19,,,SoCal Sports Complex - Field 22,2,87,Strikers FC ECNL,San Diego Surf Soccer Club
U18/19,Southwest,210158,2021-03-14 09:00,10860,5985,Del Mar Sharks ECNL GU18/U19,SLAMMERS FC ECNL GU18/U19,2,1,Surf Sports Park - Field 1,39,96,Legends FC - Del Mar,Slammers FC
U18/19,Southwest,210157,2021-03-14 11:00,6923,10580,So Cal Blues ECNL GU18/U19,LAFC Slammers ECNL GU18/U19,3,2,OC Great Park - Field 4,98,1656,So Cal Blues,Slammers FC HB Koge
U18/19,Southwest,210184,2021-03-14 13:00,6994,9484,Strikers FC ECNL GU18/U19,Rebels SC ECNL GU18/U19,1,1,Orange County Great Park - Field 17,2,300,Strikers FC ECNL,Rebels Soccer Club
U18/19,Southwest,210219,2021-03-20 11:00,6923,6994,So Cal Blues ECNL GU18/U19,Strikers FC ECNL GU18/U19,3,0,OC Great Park - Field 4,98,2,So Cal Blues,Strikers FC ECNL
U18/19,Southwest,210193,2021-03-20 13:00,5830,45892,Eagles SC ECNL GU18/U19,Real So Cal ECNL GU18/U19,0,4,Pleasant Valley Fields - Field 16ss,41,82,Eagles SC,LAFC So Cal
U18/19,Southwest,210147,2021-03-20 17:45,10580,5985,LAFC Slammers ECNL GU18/U19,SLAMMERS FC ECNL GU18/U19,3,0,Orange County Great Park - Field 18,1656,96,Slammers FC HB Koge,Slammers FC
U18/19,Southwest,210183,2021-03-21,19487,6994,LA Breakers FC ECNL GU18/U19,Strikers FC ECNL GU18/U19,1,1,,2289,2,LA Breakers FC,Strikers FC ECNL
U18/19,Southwest,210154,2021-03-21 11:00,45880,9484,San Diego Surf ECNL GU18/U19,Rebels SC ECNL GU18/U19,3,0,So Cal Sports Complex - Field 22,87,300,San Diego Surf Soccer Club,Rebels Soccer Club
U18/19,Southwest,210159,2021-03-21 11:00,6923,10860,So Cal Blues ECNL GU18/U19,Del Mar Sharks ECNL GU18/U19,6,0,OC Great Park - Field 4,98,39,So Cal Blues,Legends FC - Del Mar
U18/19,Southwest,210143,2021-03-27 08:30,5985,19487,SLAMMERS FC ECNL GU18/U19,LA Breakers FC ECNL GU18/U19,1,0,Orange County Great Park - Field 18,96,2289,Slammers FC,LA Breakers FC
U18/19,Southwest,210164,2021-03-27 10:00,20436,6856,AZ Arsenal ECNL GU18/U19,Heat FC ECNL GU18/U19,3,0,Santos Soccer Complex - Field 2,592,57,Arizona Arsenal Soccer Club,LV Heat Surf SC
U18/19,Southwest,210227,2021-03-27 11:00,9484,10860,Rebels SC ECNL GU18/U19,Del Mar Sharks ECNL GU18/U19,5,1,Surf Sports Park - Field 3,300,39,Rebels Soccer Club,Legends FC - Del Mar
U18/19,Southwest,210228,2021-03-27 11:00,45880,6923,San Diego Surf ECNL GU18/U19,So Cal Blues ECNL GU18/U19,0,4,So Cal Sports Complex - Field 22,87,98,San Diego Surf Soccer Club,So Cal Blues
U18/19,Southwest,210166,2021-03-28 08:00,20448,6856,Phoenix Rising ECNL GU18/U19,Heat FC ECNL GU18/U19,5,1,Talking Stick Resort Soccer Facility - South,1141,57,Phoenix Rising FC,LV Heat Surf SC
U18/19,Southwest,210135,2021-03-28 09:00,6994,19487,Strikers FC ECNL GU18/U19,LA Breakers FC ECNL GU18/U19,3,2,Orange County Great Park - Field 5,2,2289,Strikers FC ECNL,LA Breakers FC
U18/19,Southwest,210207,2021-03-28 09:00,6872,5985,Arsenal FC ECNL GU18/U19,SLAMMERS FC ECNL GU18/U19,1,2,Galway Downs - Field 18,13,96,Sporting California USA,Slammers FC
U18/19,Southwest,210210,2021-03-28 17:00,45892,5830,Real So Cal ECNL GU18/U19,Eagles SC ECNL GU18/U19,2,0,Pleasant Valley Fields - Field 1,82,41,LAFC So Cal,Eagles SC
U18/19,Southwest,210079,2021-04-03 11:00,19487,6872,LA Breakers FC ECNL GU18/U19,Arsenal FC ECNL GU18/U19,1,0,Silverlakes Soccer Complex - Field 1,2289,13,LA Breakers FC,Sporting California USA
U18/19,Southwest,210223,2021-04-03 11:00,9484,6923,Rebels SC ECNL GU18/U19,So Cal Blues ECNL GU18/U19,0,11,Ryan Park - Field 8,300,98,Rebels Soccer Club,So Cal Blues
U18/19,Southwest,210250,2021-04-09 19:00,6856,5830,Heat FC ECNL GU18/U19,Eagles SC ECNL GU18/U19,3,2,Bettye Wilson Soccer Complex - Field 3,57,41,LV Heat Surf SC,Eagles SC
U18/19,Southwest,210222,2021-04-10 11:00,45880,10860,San Diego Surf ECNL GU18/U19,Del Mar Sharks ECNL GU18/U19,3,0,So Cal Sports Complex - Field 22,87,39,San Diego Surf Soccer Club,Legends FC - Del Mar
U18/19,Southwest,210160,2021-04-10 13:30,6994,5830,Strikers FC ECNL GU18/U19,Eagles SC ECNL GU18/U19,4,1,Bettye Wilson Soccer Complex - Field 8,2,41,Strikers FC ECNL,Eagles SC
U18/19,Southwest,210144,2021-04-11 09:00,6872,10580,Arsenal FC ECNL GU18/U19,LAFC Slammers ECNL GU18/U19,0,2,Galway Downs - Field 10,13,1656,Sporting California USA,Slammers FC HB Koge
U18/19,Southwest,210191,2021-04-11 09:00,20436,20448,AZ Arsenal ECNL GU18/U19,Phoenix Rising ECNL GU18/U19,0,1,Desert Sky Park - Field 2,592,1141,Arizona Arsenal Soccer Club,Phoenix Rising FC
U18/19,Southwest,210190,2021-04-11 10:00,6856,6994,Heat FC ECNL GU18/U19,Strikers FC ECNL GU18/U19,0,0,Bettye Wilson Soccer Complex - Field 3,57,2,LV Heat Surf SC,Strikers FC ECNL
U18/19,Southwest,210194,2021-04-17 11:00,10860,19487,Del Mar Sharks ECNL GU18/U19,LA Breakers FC ECNL GU18/U19,2,2,Surf Sports Park - Field 5,39,2289,Legends FC - Del Mar,LA Breakers FC
U18/19,Southwest,210167,2021-04-17 12:30,6856,20448,Heat FC ECNL GU18/U19,Phoenix Rising ECNL GU18/U19,3,1,Heritage Park Sports Complex - Field 5,57,1141,LV Heat Surf SC,Phoenix Rising FC
U18/19,Southwest,210229,2021-04-17 17:15,45892,10580,Real So Cal ECNL GU18/U19,LAFC Slammers ECNL GU18/U19,0,2,Conejo Creek South - Field 10,82,1656,LAFC So Cal,Slammers FC HB Koge
U18/19,Southwest,210230,2021-04-17 18:30,5830,5985,Eagles SC ECNL GU18/U19,SLAMMERS FC ECNL GU18/U19,2,4,Pleasant Valley Fields - Field 11,41,96,Eagles SC,Slammers FC
U18/19,Southwest,210246,2021-04-18 11:00,45880,19487,San Diego Surf ECNL GU18/U19,LA Breakers FC ECNL GU18/U19,3,1,So Cal Sports Complex - Field 22,87,2289,San Diego Surf Soccer Club,LA Breakers FC
U18/19,Southwest,210168,2021-04-18 12:30,6856,20436,Heat FC ECNL GU18/U19,AZ Arsenal ECNL GU18/U19,2,3,Heritage Park Sports Complex - Field 5,57,592,LV Heat Surf SC,Arizona Arsenal Soccer Club
U18/19,Southwest,210128,2021-04-18 17:45,45892,5985,Real So Cal ECNL GU18/U19,SLAMMERS FC ECNL GU18/U19,1,1,Agoura High School - Field 1,82,96,LAFC So Cal,Slammers FC
U18/19,Southwest,210224,2021-04-18 18:30,5830,10580,Eagles SC ECNL GU18/U19,LAFC Slammers ECNL GU18/U19,2,4,Pleasant Valley Fields - Field 11,41,1656,Eagles SC,Slammers FC HB Koge
U18/19,Southwest,210205,2021-05-01 08:30,6856,9484,Heat FC ECNL GU18/U19,Rebels SC ECNL GU18/U19,1,6,Heritage Park Sports Complex - Field 7,57,300,LV Heat Surf SC,Rebels Soccer Club
U18/19,Southwest,210235,2021-05-01 09:00,10580,6994,LAFC Slammers ECNL GU18/U19,Strikers FC ECNL GU18/U19,5,0,Surf Sports Park - Field 10,1656,2,Slammers FC HB Koge,Strikers FC ECNL
U18/19,Southwest,210253,2021-05-01 09:45,19487,6923,LA Breakers FC ECNL GU18/U19,So Cal Blues ECNL GU18/U19,2,4,St. Bernards High School - Field 1,2289,98,LA Breakers FC,So Cal Blues
U18/19,Southwest,210163,2021-05-01 15:00,20448,5830,Phoenix Rising ECNL GU18/U19,Eagles SC ECNL GU18/U19,6,0,Talking Stick Resort Soccer Facility - North,1141,41,Phoenix Rising FC,Eagles SC
U18/19,Southwest,210077,2021-05-01 17:00,45892,10860,Real So Cal ECNL GU18/U19,Del Mar Sharks ECNL GU18/U19,1,0,Conejo Creek South - Field 10,82,39,LAFC So Cal,Legends FC - Del Mar
U18/19,Southwest,210241,2021-05-02 09:00,5985,6994,SLAMMERS FC ECNL GU18/U19,Strikers FC ECNL GU18/U19,3,4,Surf Sports Park - Field 10,96,2,Slammers FC,Strikers FC ECNL
U18/19,Southwest,210165,2021-05-02 12:00,20436,5830,AZ Arsenal ECNL GU18/U19,Eagles SC ECNL GU18/U19,2,0,Desert Sky Park - Field 1,592,41,Arizona Arsenal Soccer Club,Eagles SC
U18/19,Southwest,210132,2021-05-08 09:00,6994,6872,Strikers FC ECNL GU18/U19,Arsenal FC ECNL GU18/U19,2,0,Orange County Great Park - Field 18,2,13,Strikers FC ECNL,Sporting California USA
U18/19,Southwest,210214,2021-05-08 09:00,6923,6856,So Cal Blues ECNL GU18/U19,Heat FC ECNL GU18/U19,11,0,OC Great Park - Field 4,98,57,So Cal Blues,LV Heat Surf SC
U18/19,Southwest,210142,2021-05-08 13:30,45892,45880,Real So Cal ECNL GU18/U19,San Diego Surf ECNL GU18/U19,0,0,Conejo Creek South - Field 10,82,87,LAFC So Cal,San Diego Surf Soccer Club
U18/19,Southwest,210220,2021-05-09 11:00,10860,6856,Del Mar Sharks ECNL GU18/U19,Heat FC ECNL GU18/U19,2,3,SoCal Sports Complex - Field 18,39,57,Legends FC - Del Mar,LV Heat Surf SC
U18/19,Southwest,210240,2021-05-09 11:00,6923,5830,So Cal Blues ECNL GU18/U19,Eagles SC ECNL GU18/U19,7,0,OC Great Park - Field 4,98,41,So Cal Blues,Eagles SC
U18/19,Southwest,210173,2021-05-15 09:00,10860,20448,Del Mar Sharks ECNL GU18/U19,Phoenix Rising ECNL GU18/U19,2,2,Francis Ryan Park - Field 6,39,1141,Legends FC - Del Mar,Phoenix Rising FC
U18/19,Southwest,210226,2021-05-15 11:00,6994,20436,Strikers FC ECNL GU18/U19,AZ Arsenal ECNL GU18/U19,3,0,Orange County Great Park - Field 20,2,592,Strikers FC ECNL,Arizona Arsenal Soccer Club
U18/19,Southwest,210185,2021-05-15 17:00,6872,5830,Arsenal FC ECNL GU18/U19,Eagles SC ECNL GU18/U19,0,1,Ralph M. Lewis Sports Complex - Field 2,13,41,Sporting California USA,Eagles SC
U18/19,Southwest,210221,2021-05-16 11:30,6994,20448,Strikers FC ECNL GU18/U19,Phoenix Rising ECNL GU18/U19,3,1,Orange County Great Park - Field 20,2,1141,Strikers FC ECNL,Phoenix Rising FC
U18/19,Southwest,210138,2021-05-16 13:00,5830,45880,Eagles SC ECNL GU18/U19,San Diego Surf ECNL GU18/U19,0,4,Pleasant Valley Fields - Field 5ss,41,87,Eagles SC,San Diego Surf Soccer Club
U18/19,Southwest,210179,2021-05-16 13:00,10860,20436,Del Mar Sharks ECNL GU18/U19,AZ Arsenal ECNL GU18/U19,1,5,Pacific Highlands Ranch Rec Center - Field 1,39,592,Legends FC - Del Mar,Arizona Arsenal Soccer Club
U18/19,Southwest,210125,2021-05-22 08:30,6856,6872,Heat FC ECNL GU18/U19,Arsenal FC ECNL GU18/U19,2,3,Heritage Park Sports Complex - Field 5,57,13,LV Heat Surf SC,Sporting California USA
U18/19,Southwest,210137,2021-05-22 09:45,45892,9484,Real So Cal ECNL GU18/U19,Rebels SC ECNL GU18/U19,2,3,Conejo Creek South - Field 10,82,300,LAFC So Cal,Rebels Soccer Club
U18/19,Southwest,210199,2021-05-23 12:30,6856,45880,Heat FC ECNL GU18/U19,San Diego Surf ECNL GU18/U19,2,1,Heritage Park Sports Complex - Field 5,57,87,LV Heat Surf SC,San Diego Surf Soccer Club
U18/19,Southwest,210141,2021-05-23 13:00,5830,9484,Eagles SC ECNL GU18/U19,Rebels SC ECNL GU18/U19,2,4,Pleasant Valley Fields - Field 16ss,41,300,Eagles SC,Rebels Soccer Club
U18/19,Southwest,210155,2021-05-23 14:30,6994,45892,Strikers FC ECNL GU18/U19,Real So Cal ECNL GU18/U19,1,0,El Dorado High School - EDHS Turf Field,2,82,Strikers FC ECNL,LAFC So Cal
U18/19,Southwest,210206,2021-05-30 14:20,19487,10580,LA Breakers FC ECNL GU18/U19,LAFC Slammers ECNL GU18/U19,1,1,Orange County Great Park - Field 13,2289,1656,LA Breakers FC,Slammers FC HB Koge
U18/19,Southwest,210115,2021-06-12 09:00,45892,6872,Real So Cal ECNL GU18/U19,Arsenal FC ECNL GU18/U19,1,1,Ralph M Lewis Sport Complex - Field 6,82,13,LAFC So Cal,Sporting California USA
U18/19,Southwest,210234,2021-06-12 12:00,10860,5830,Del Mar Sharks ECNL GU18/U19,Eagles SC ECNL GU18/U19,0,6,San Dieguito Academy - Field 1,39,41,Legends FC - Del Mar,Eagles SC
U18/19,Southwest,210178,2021-06-12 15:15,19487,6856,LA Breakers FC ECNL GU18/U19,Heat FC ECNL GU18/U19,2,1,St. Bernards High School - Field 1,2289,57,LA Breakers FC,LV Heat Surf SC
U18/19,Southwest,210091,2021-06-13 09:00,6872,45880,Arsenal FC ECNL GU18/U19,San Diego Surf ECNL GU18/U19,1,1,Ralph M. Lewis Sports Complex - Field 1,13,87,Sporting California USA,San Diego Surf Soccer Club
U18/19,Southwest,210153,2021-06-13 11:00,45892,6856,Real So Cal ECNL GU18/U19,Heat FC ECNL GU18/U19,3,0,Silverlakes Sports Complex - Field 19,82,57,LAFC So Cal,LV Heat Surf SC
U18/19,Southwest,210090,2021-06-13 15:15,19487,9484,LA Breakers FC ECNL GU18/U19,Rebels SC ECNL GU18/U19,2,1,St. Bernards High School - Field 1,2289,300,LA Breakers FC,Rebels Soccer Club
U18/19,Texas,171784,2020-08-29 11:55,19417,6886,Oklahoma Celtic ECNL GU18/U19,DKSC ECNL GU18/U19,0,9,Oklahoma Celtic - Field 8,2134,7,Oklahoma Celtic,No Club Selection
U18/19,Texas,171786,2020-09-05 12:00,6877,8105,Challenge SC ECNL GU18/U19,Classics Elite ECNL GU18/U19,4,0,Burroughs Park - Field 4,25,1375,Challenge SC,Classics Elite Soccer Academy
U18/19,Texas,171790,2020-09-05 13:00,6887,46790,Sting Dallas Black ECNL GU18/U19,Sting Dallas Royal ECNL GU18/U19,4,0,Sting Complex - Field 2,36,36,Sting Soccer Club,Sting Soccer Club
U18/19,Texas,171791,2020-09-05 13:00,6886,46787,DKSC ECNL GU18/U19,FC Dallas ECNL GU18/U19,0,0,Cox Soccer Complex - Field 1,7,47,No Club Selection,FC Dallas Youth
U18/19,Texas,171788,2020-09-05 15:00,19417,2886,Oklahoma Celtic ECNL GU18/U19,Dallas Texans ECNL GU18/U19,1,7,Oklahoma Celtic - Field 8,2134,37,Oklahoma Celtic,Dallas Texans
U18/19,Texas,171797,2020-09-13 12:00,46790,6886,Sting Dallas Royal ECNL GU18/U19,DKSC ECNL GU18/U19,0,3,Chinn Chapel - Field 5,36,7,Sting Soccer Club,No Club Selection
U18/19,Texas,171792,2020-09-13 13:00,6877,10999,Challenge SC ECNL GU18/U19,Sting Austin ECNL GU18/U19,2,1,Burroughs Park - Field 2,25,1690,Challenge SC,Sting Austin
U18/19,Texas,171795,2020-09-13 13:00,6926,19417,Solar ECNL GU18/U19,Oklahoma Celtic ECNL GU18/U19,16,0,Fairview Soccer Park - Field 1,101,2134,Solar SC,Oklahoma Celtic
U18/19,Texas,171796,2020-09-13 13:00,46787,6887,FC Dallas ECNL GU18/U19,Sting Dallas Black ECNL GU18/U19,3,4,Toyota Soccer Center - Field 5,47,36,FC Dallas Youth,Sting Soccer Club
U18/19,Texas,171793,2020-09-13 15:00,6871,8105,AHFC ECNL GU18/U19,Classics Elite ECNL GU18/U19,2,1,Campbell Road Sports Park - Field 1,10,1375,Albion Hurricanes FC,Classics Elite Soccer Academy
U18/19,Texas,171794,2020-09-13 15:00,2886,6934,Dallas Texans ECNL GU18/U19,Tulsa SC ECNL GU18/U19,2,1,Ross Stewart Soccer Complex - Field 2,37,7,Dallas Texans,No Club Selection
U18/19,Texas,171801,2020-09-19 09:00,6886,6887,DKSC ECNL GU18/U19,Sting Dallas Black ECNL GU18/U19,2,2,Cox Soccer Complex - Field 1,7,36,No Club Selection,Sting Soccer Club
U18/19,Texas,171800,2020-09-19 13:00,8105,6934,Classics Elite ECNL GU18/U19,Tulsa SC ECNL GU18/U19,2,3,CE Soccer Complex - Field 6 d don't use,1375,7,Classics Elite Soccer Academy,No Club Selection
U18/19,Texas,171802,2020-09-19 13:00,46790,46787,Sting Dallas Royal ECNL GU18/U19,FC Dallas ECNL GU18/U19,1,4,Carpenter Pak - Field C,36,47,Sting Soccer Club,FC Dallas Youth
U18/19,Texas,171798,2020-09-19 15:00,6877,6871,Challenge SC ECNL GU18/U19,AHFC ECNL GU18/U19,3,1,Burroughs Park - Field 2,25,10,Challenge SC,Albion Hurricanes FC
U18/19,Texas,171805,2020-09-20 11:00,10999,6934,Sting Austin ECNL GU18/U19,Tulsa SC ECNL GU18/U19,0,2,1849 Park - Field 3B,1690,7,Sting Austin,No Club Selection
U18/19,Texas,171806,2020-09-26 13:00,6871,10999,AHFC ECNL GU18/U19,Sting Austin ECNL GU18/U19,3,1,Campbell Road Sports Park - Field 1,10,1690,Albion Hurricanes FC,Sting Austin
U18/19,Texas,171809,2020-09-26 13:00,46790,6887,Sting Dallas Royal ECNL GU18/U19,Sting Dallas Black ECNL GU18/U19,0,4,Sting Complex - Field 2,36,36,Sting Soccer Club,Sting Soccer Club
U18/19,Texas,171810,2020-09-26 13:00,46787,6886,FC Dallas ECNL GU18/U19,DKSC ECNL GU18/U19,3,1,Toyota Soccer Center - Field 6,47,7,FC Dallas Youth,No Club Selection
U18/19,Texas,171808,2020-09-26 14:30,6926,6934,Solar ECNL GU18/U19,Tulsa SC ECNL GU18/U19,12,1,Fairview Soccer Park - Field 1,101,7,Solar SC,No Club Selection
U18/19,Texas,171807,2020-09-26 15:00,2886,19417,Dallas Texans ECNL GU18/U19,Oklahoma Celtic ECNL GU18/U19,2,0,Ross Stewart Soccer Complex - Field 1,37,2134,Dallas Texans,Oklahoma Celtic
U18/19,Texas,171811,2020-09-27 13:00,8105,6877,Classics Elite ECNL GU18/U19,Challenge SC ECNL GU18/U19,0,2,CE Soccer Complex - Field 6,1375,25,Classics Elite Soccer Academy,Challenge SC
U18/19,Texas,171789,2020-10-03 12:00,6934,6926,Tulsa SC ECNL GU18/U19,Solar ECNL GU18/U19,0,7,Titan Main - Field 2,7,101,No Club Selection,Solar SC
U18/19,Texas,171816,2020-10-04 11:00,6887,46787,Sting Dallas Black ECNL GU18/U19,FC Dallas ECNL GU18/U19,2,1,Sting Complex - Field 2,36,47,Sting Soccer Club,FC Dallas Youth
U18/19,Texas,171814,2020-10-04 13:00,19417,6926,Oklahoma Celtic ECNL GU18/U19,Solar ECNL GU18/U19,0,14,Oklahoma Celtic - Field 8,2134,101,Oklahoma Celtic,Solar SC
U18/19,Texas,171815,2020-10-04 14:00,6934,2886,Tulsa SC ECNL GU18/U19,Dallas Texans ECNL GU18/U19,1,3,Titan Main - Field 2,7,37,No Club Selection,Dallas Texans
U18/19,Texas,171813,2020-10-04 14:30,10999,6877,Sting Austin ECNL GU18/U19,Challenge SC ECNL GU18/U19,1,5,1849 Park - Field 3A,1690,25,Sting Austin,Challenge SC
U18/19,Texas,171812,2020-10-04 15:00,8105,6871,Classics Elite ECNL GU18/U19,AHFC ECNL GU18/U19,1,4,CE Soccer Complex - Field 6,1375,10,Classics Elite Soccer Academy,Albion Hurricanes FC
U18/19,Texas,171817,2020-10-04 17:00,6886,46790,DKSC ECNL GU18/U19,Sting Dallas Royal ECNL GU18/U19,8,0,MoneyGram Soccer Park - Field 5,7,36,No Club Selection,Sting Soccer Club
U18/19,Texas,171822,2020-10-10 10:00,6926,10999,Solar ECNL GU18/U19,Sting Austin ECNL GU18/U19,8,0,Gateway Park - Field 4,101,1690,Solar SC,Sting Austin
U18/19,Texas,171823,2020-10-10 11:00,2886,8105,Dallas Texans ECNL GU18/U19,Classics Elite ECNL GU18/U19,1,1,Dallas Texans Lewisville - Field 2,37,1375,Dallas Texans,Classics Elite Soccer Academy
U18/19,Texas,171818,2020-10-10 13:00,6887,6877,Sting Dallas Black ECNL GU18/U19,Challenge SC ECNL GU18/U19,2,2,Carpenter Park - Field D,36,25,Sting Soccer Club,Challenge SC
U18/19,Texas,171819,2020-10-10 13:00,6886,6871,DKSC ECNL GU18/U19,AHFC ECNL GU18/U19,3,0,Cox Soccer Complex - Field 1,7,10,No Club Selection,Albion Hurricanes FC
U18/19,Texas,171820,2020-10-10 13:00,46787,6934,FC Dallas ECNL GU18/U19,Tulsa SC ECNL GU18/U19,3,4,Toyota Soccer Center - Field 5,47,7,FC Dallas Youth,No Club Selection
U18/19,Texas,171821,2020-10-10 13:00,46790,19417,Sting Dallas Royal ECNL GU18/U19,Oklahoma Celtic ECNL GU18/U19,3,0,Field 2,36,2134,Sting Soccer Club,Oklahoma Celtic
U18/19,Texas,171824,2020-10-11 11:00,6887,6871,Sting Dallas Black ECNL GU18/U19,AHFC ECNL GU18/U19,4,0,Carpenter Park - Field D,36,10,Sting Soccer Club,Albion Hurricanes FC
U18/19,Texas,171825,2020-10-11 11:00,6886,6877,DKSC ECNL GU18/U19,Challenge SC ECNL GU18/U19,2,1,Cox Soccer Complex - Field 1,7,25,No Club Selection,Challenge SC
U18/19,Texas,171827,2020-10-11 11:00,46790,6934,Sting Dallas Royal ECNL GU18/U19,Tulsa SC ECNL GU18/U19,0,3,Field 2,36,7,Sting Soccer Club,No Club Selection
U18/19,Texas,171829,2020-10-11 11:00,2886,10999,Dallas Texans ECNL GU18/U19,Sting Austin ECNL GU18/U19,4,1,Dallas Texans Lewisville - Field 2,37,1690,Dallas Texans,Sting Austin
U18/19,Texas,171828,2020-10-11 12:00,6926,8105,Solar ECNL GU18/U19,Classics Elite ECNL GU18/U19,8,0,Fairview Soccer Park - Field 1,101,1375,Solar SC,Classics Elite Soccer Academy
U18/19,Texas,171826,2020-10-11 13:00,46787,19417,FC Dallas ECNL GU18/U19,Oklahoma Celtic ECNL GU18/U19,5,1,Toyota Soccer Center - Field 5,47,2134,FC Dallas Youth,Oklahoma Celtic
U18/19,Texas,171831,2020-10-17 11:00,6877,19417,Challenge SC ECNL GU18/U19,Oklahoma Celtic ECNL GU18/U19,7,0,Burroughs Park - Field 4,25,2134,Challenge SC,Oklahoma Celtic
U18/19,Texas,171832,2020-10-17 13:00,46787,6926,FC Dallas ECNL GU18/U19,Solar ECNL GU18/U19,0,10,Toyota Soccer Center - Field 6,47,101,FC Dallas Youth,Solar SC
U18/19,Texas,171833,2020-10-17 13:00,46790,2886,Sting Dallas Royal ECNL GU18/U19,Dallas Texans ECNL GU18/U19,0,1,Sting Complex - Field 2,36,37,Sting Soccer Club,Dallas Texans
U18/19,Texas,171836,2020-10-18 11:00,46787,2886,FC Dallas ECNL GU18/U19,Dallas Texans ECNL GU18/U19,1,4,Toyota Soccer Center - Field 7,47,37,FC Dallas Youth,Dallas Texans
U18/19,Texas,171834,2020-10-18 12:00,6871,19417,AHFC ECNL GU18/U19,Oklahoma Celtic ECNL GU18/U19,4,1,Campbell Road Sports Park - Field 1,10,2134,Albion Hurricanes FC,Oklahoma Celtic
U18/19,Texas,171837,2020-10-18 13:00,46790,6926,Sting Dallas Royal ECNL GU18/U19,Solar ECNL GU18/U19,1,5,Sting Complex - Field 2,36,101,Sting Soccer Club,Solar SC
U18/19,Texas,171838,2020-10-24 11:00,8105,6887,Classics Elite ECNL GU18/U19,Sting Dallas Black ECNL GU18/U19,1,8,CE Soccer Complex - Field 6 d don't use,1375,36,Classics Elite Soccer Academy,Sting Soccer Club
U18/19,Texas,171839,2020-10-24 13:00,10999,6886,Sting Austin ECNL GU18/U19,DKSC ECNL GU18/U19,0,2,1849 Park - Field 3B,1690,7,Sting Austin,No Club Selection
U18/19,Texas,171840,2020-10-25 13:00,8105,6886,Classics Elite ECNL GU18/U19,DKSC ECNL GU18/U19,1,7,CE Soccer Complex - Field 6 d don't use,1375,7,Classics Elite Soccer Academy,No Club Selection
U18/19,Texas,171841,2020-10-25 13:00,10999,6887,Sting Austin ECNL GU18/U19,Sting Dallas Black ECNL GU18/U19,1,3,1849 Park - Field 3A,1690,36,Sting Austin,Sting Soccer Club
U18/19,Texas,171843,2020-10-31 13:00,46790,6877,Sting Dallas Royal ECNL GU18/U19,Challenge SC ECNL GU18/U19,0,4,Carpenter Pak - Field D,36,25,Sting Soccer Club,Challenge SC
U18/19,Texas,171842,2020-10-31 15:00,46787,6871,FC Dallas ECNL GU18/U19,AHFC ECNL GU18/U19,4,0,Toyota Soccer Center - Field 6,47,10,FC Dallas Youth,Albion Hurricanes FC
U18/19,Texas,171849,2020-11-01 11:00,46790,6871,Sting Dallas Royal ECNL GU18/U19,AHFC ECNL GU18/U19,0,6,Carpenter Pak - Field D,36,10,Sting Soccer Club,Albion Hurricanes FC
U18/19,Texas,171848,2020-11-01 11:30,46787,6877,FC Dallas ECNL GU18/U19,Challenge SC ECNL GU18/U19,0,1,Toyota Soccer Center - Field 5,47,25,FC Dallas Youth,Challenge SC
U18/19,Texas,171854,2020-11-07 13:00,6886,6934,DKSC ECNL GU18/U19,Tulsa SC ECNL GU18/U19,7,0,Cox Soccer Complex - Field 1,7,7,No Club Selection,No Club Selection
U18/19,Texas,171855,2020-11-07 13:00,6887,19417,Sting Dallas Black ECNL GU18/U19,Oklahoma Celtic ECNL GU18/U19,7,0,Toyota of Lewisville Railroad Park - Field 1,36,2134,Sting Soccer Club,Oklahoma Celtic
U18/19,Texas,171860,2020-11-08 11:00,46787,46790,FC Dallas ECNL GU18/U19,Sting Dallas Royal ECNL GU18/U19,4,1,Toyota Soccer Center - Field 5,47,36,FC Dallas Youth,Sting Soccer Club
U18/19,Texas,171856,2020-11-08 13:00,6886,19417,DKSC ECNL GU18/U19,Oklahoma Celtic ECNL GU18/U19,3,0,Cox Soccer Complex - Field 1,7,2134,No Club Selection,Oklahoma Celtic
U18/19,Texas,171857,2020-11-08 13:00,6887,6934,Sting Dallas Black ECNL GU18/U19,Tulsa SC ECNL GU18/U19,3,2,Toyota of Lewisville Railroad Park - Field 1,36,7,Sting Soccer Club,No Club Selection
U18/19,Texas,171859,2020-11-08 13:00,8105,10999,Classics Elite ECNL GU18/U19,Sting Austin ECNL GU18/U19,2,1,CE Soccer Complex - Field 5,1375,1690,Classics Elite Soccer Academy,Sting Austin
U18/19,Texas,171858,2020-11-08 15:00,6871,6877,AHFC ECNL GU18/U19,Challenge SC ECNL GU18/U19,1,2,Campbell Road Sports Park - Field 1,10,25,Albion Hurricanes FC,Challenge SC
U18/19,Texas,171852,2020-11-15 13:00,2886,6886,Dallas Texans ECNL GU18/U19,DKSC ECNL GU18/U19,2,2,Ross Stewart Soccer Complex - Field 4,37,7,Dallas Texans,No Club Selection
U18/19,Texas,171867,2020-11-22 11:00,6887,6886,Sting Dallas Black ECNL GU18/U19,DKSC ECNL GU18/U19,1,1,Fairview Soccer Park - Field 4,36,7,Sting Soccer Club,No Club Selection
U18/19,Texas,171799,2020-12-05 13:00,10999,19417,Sting Austin ECNL GU18/U19,Oklahoma Celtic ECNL GU18/U19,2,0,Riverwalk - Field 1,1690,2134,Sting Austin,Oklahoma Celtic
U18/19,Texas,171804,2020-12-06 11:00,8105,19417,Classics Elite ECNL GU18/U19,Oklahoma Celtic ECNL GU18/U19,2,1,CE Soccer Complex - Field 6,1375,2134,Classics Elite Soccer Academy,Oklahoma Celtic
U18/19,Texas,171868,2020-12-12 13:00,6877,6886,Challenge SC ECNL GU18/U19,DKSC ECNL GU18/U19,0,3,Burroughs Park - Field 4,25,7,Challenge SC,No Club Selection
U18/19,Texas,171869,2020-12-12 13:00,6871,6887,AHFC ECNL GU18/U19,Sting Dallas Black ECNL GU18/U19,,,Campbell Road Sports Park - Field 1,10,36,Albion Hurricanes FC,Sting Soccer Club
U18/19,Texas,171872,2020-12-12 13:00,10999,2886,Sting Austin ECNL GU18/U19,Dallas Texans ECNL GU18/U19,0,3,Parkway Church - Field 1,1690,37,Sting Austin,Dallas Texans
U18/19,Texas,171873,2020-12-12 13:00,8105,6926,Classics Elite ECNL GU18/U19,Solar ECNL GU18/U19,0,10,CE Soccer Complex - Field 6 d don't use,1375,101,Classics Elite Soccer Academy,Solar SC
U18/19,Texas,171870,2020-12-12 15:00,19417,46787,Oklahoma Celtic ECNL GU18/U19,FC Dallas ECNL GU18/U19,2,3,Oklahoma Celtic - Field 9,2134,47,Oklahoma Celtic,FC Dallas Youth
U18/19,Texas,171871,2020-12-12 15:00,6934,46790,Tulsa SC ECNL GU18/U19,Sting Dallas Royal ECNL GU18/U19,2,2,ISSC - Field 40,7,36,No Club Selection,Sting Soccer Club
U18/19,Texas,171874,2020-12-13 11:30,6877,6887,Challenge SC ECNL GU18/U19,Sting Dallas Black ECNL GU18/U19,,,Burroughs Park - Field 4,25,36,Challenge SC,Sting Soccer Club
U18/19,Texas,171875,2020-12-13 11:30,6871,6886,AHFC ECNL GU18/U19,DKSC ECNL GU18/U19,,,Campbell Road Sports Park - Field 1,10,7,Albion Hurricanes FC,No Club Selection
U18/19,Texas,171878,2020-12-13 13:00,10999,6926,Sting Austin ECNL GU18/U19,Solar ECNL GU18/U19,0,11,Charles A. Forbes Middle School - Stadium Field,1690,101,Sting Austin,Solar SC
U18/19,Texas,171879,2020-12-13 13:00,8105,2886,Classics Elite ECNL GU18/U19,Dallas Texans ECNL GU18/U19,0,2,CE Soccer Complex - Field 6,1375,37,Classics Elite Soccer Academy,Dallas Texans
U18/19,Texas,171830,2021-01-23 09:45,6871,6934,AHFC ECNL GU18/U19,Tulsa SC ECNL GU18/U19,1,3,Campbell Road Sports Park - Field 4,10,7,Albion Hurricanes FC,No Club Selection
U18/19,Texas,171835,2021-01-24 11:30,6877,6934,Challenge SC ECNL GU18/U19,Tulsa SC ECNL GU18/U19,1,0,Campbell Rd Sports Park,25,7,Challenge SC,No Club Selection
U18/19,Texas,171864,2021-01-30 14:00,6934,19417,Tulsa SC ECNL GU18/U19,Oklahoma Celtic ECNL GU18/U19,3,1,Titan Main - Field 1,7,2134,No Club Selection,Oklahoma Celtic
U18/19,Texas,171862,2021-03-06 13:00,2886,6877,Dallas Texans ECNL GU18/U19,Challenge SC ECNL GU18/U19,,,Ross Stewart Soccer Complex - Field 2,37,25,Dallas Texans,Challenge SC
U18/19,Texas,171863,2021-03-06 15:00,6926,6871,Solar ECNL GU18/U19,AHFC ECNL GU18/U19,,,Fairview Soccer Park - Field 2,101,10,Solar SC,Albion Hurricanes FC
U18/19,Texas,171865,2021-03-07 09:00,2886,6871,Dallas Texans ECNL GU18/U19,AHFC ECNL GU18/U19,,,Ross Stewart Soccer Complex - Field 1,37,10,Dallas Texans,Albion Hurricanes FC
U18/19,Texas,171882,2021-04-17 11:00,8105,46790,Classics Elite ECNL GU18/U19,Sting Dallas Royal ECNL GU18/U19,3,1,CE Soccer Complex - Field 6 d don't use,1375,36,Classics Elite Soccer Academy,Sting Soccer Club
U18/19,Texas,171881,2021-04-17 15:00,10999,46787,Sting Austin ECNL GU18/U19,FC Dallas ECNL GU18/U19,0,3,Benold Middle School - Track Field,1690,47,Sting Austin,FC Dallas Youth
U18/19,Texas,171886,2021-04-18 13:00,8105,46787,Classics Elite ECNL GU18/U19,FC Dallas ECNL GU18/U19,0,3,CE Soccer Complex - Field 6 d don't use,1375,47,Classics Elite Soccer Academy,FC Dallas Youth
U18/19,Texas,171785,2021-04-18 13:15,6934,6887,Tulsa SC ECNL GU18/U19,Sting Dallas Black ECNL GU18/U19,0,3,Mohawk - Field 16,7,36,No Club Selection,Sting Soccer Club
U18/19,Texas,171885,2021-04-18 15:00,10999,46790,Sting Austin ECNL GU18/U19,Sting Dallas Royal ECNL GU18/U19,2,1,George Wagner Middle School Stadium - Stadium Field,1690,36,Sting Austin,Sting Soccer Club
U18/19,Texas,171887,2021-04-24 09:00,6934,6877,Tulsa SC ECNL GU18/U19,Challenge SC ECNL GU18/U19,3,0,Titan Main - Field 1,7,25,No Club Selection,Challenge SC
U18/19,Texas,171891,2021-04-24 10:00,6926,46790,Solar ECNL GU18/U19,Sting Dallas Royal ECNL GU18/U19,9,1,Gateway Park - Field 4,101,36,Solar SC,Sting Soccer Club
U18/19,Texas,171888,2021-04-24 13:00,19417,6871,Oklahoma Celtic ECNL GU18/U19,AHFC ECNL GU18/U19,,,Oklahoma Celtic - Field 8,2134,10,Oklahoma Celtic,Albion Hurricanes FC
U18/19,Texas,171889,2021-04-24 13:00,6887,10999,Sting Dallas Black ECNL GU18/U19,Sting Austin ECNL GU18/U19,2,2,Carpenter Park - Field B,36,1690,Sting Soccer Club,Sting Austin
U18/19,Texas,171890,2021-04-24 13:00,6886,8105,DKSC ECNL GU18/U19,Classics Elite ECNL GU18/U19,5,0,Cox Soccer Complex - Field 1,7,1375,No Club Selection,Classics Elite Soccer Academy
U18/19,Texas,171893,2021-04-25 08:00,6934,6871,Tulsa SC ECNL GU18/U19,AHFC ECNL GU18/U19,1,1,Titan Main - Field 2,7,10,No Club Selection,Albion Hurricanes FC
U18/19,Texas,171895,2021-04-25 11:00,6887,8105,Sting Dallas Black ECNL GU18/U19,Classics Elite ECNL GU18/U19,6,0,Sting Complex - Field 2,36,1375,Sting Soccer Club,Classics Elite Soccer Academy
U18/19,Texas,171894,2021-04-25 12:30,19417,6877,Oklahoma Celtic ECNL GU18/U19,Challenge SC ECNL GU18/U19,0,3,Oklahoma Celtic - Field 8,2134,25,Oklahoma Celtic,Challenge SC
U18/19,Texas,171896,2021-04-25 13:00,6886,10999,DKSC ECNL GU18/U19,Sting Austin ECNL GU18/U19,7,1,Cox Soccer Complex - Field 1,7,1690,No Club Selection,Sting Austin
U18/19,Texas,171898,2021-04-25 13:00,2886,46790,Dallas Texans ECNL GU18/U19,Sting Dallas Royal ECNL GU18/U19,,,Rolling Hills Soccer Complex - Field 20,37,36,Dallas Texans,Sting Soccer Club
U18/19,Texas,171880,2021-05-01 09:30,19417,6934,Oklahoma Celtic ECNL GU18/U19,Tulsa SC ECNL GU18/U19,2,4,Oklahoma Celtic - Field 11,2134,7,Oklahoma Celtic,No Club Selection
U18/19,Texas,171899,2021-05-01 13:00,6871,46790,AHFC ECNL GU18/U19,Sting Dallas Royal ECNL GU18/U19,0,2,Campbell Road Sports Park - Field 1,10,36,Albion Hurricanes FC,Sting Soccer Club
U18/19,Texas,171900,2021-05-01 13:00,6877,46787,Challenge SC ECNL GU18/U19,FC Dallas ECNL GU18/U19,,,Burroughs Park - Field 4,25,47,Challenge SC,FC Dallas Youth
U18/19,Texas,171901,2021-05-01 13:00,6887,6926,Sting Dallas Black ECNL GU18/U19,Solar ECNL GU18/U19,0,1,Lowery Freshman Center Stadium - Field 1,36,101,Sting Soccer Club,Solar SC
U18/19,Texas,171902,2021-05-01 13:00,6886,2886,DKSC ECNL GU18/U19,Dallas Texans ECNL GU18/U19,3,1,Cox Soccer Complex - Field 1,7,37,No Club Selection,Dallas Texans
U18/19,Texas,171906,2021-05-02 11:00,6886,6926,DKSC ECNL GU18/U19,Solar ECNL GU18/U19,1,1,Cox Soccer Complex - Field 1,7,101,No Club Selection,Solar SC
U18/19,Texas,171904,2021-05-02 11:30,6877,46790,Challenge SC ECNL GU18/U19,Sting Dallas Royal ECNL GU18/U19,,,Burroughs Park - Field 4,25,36,Challenge SC,Sting Soccer Club
U18/19,Texas,171905,2021-05-02 13:00,6887,2886,Sting Dallas Black ECNL GU18/U19,Dallas Texans ECNL GU18/U19,2,1,Lowery Freshman Center Stadium - Field 1,36,37,Sting Soccer Club,Dallas Texans
U18/19,Texas,171907,2021-05-02 15:00,10999,8105,Sting Austin ECNL GU18/U19,Classics Elite ECNL GU18/U19,,,1849 Park - Field 3A,1690,1375,Sting Austin,Classics Elite Soccer Academy
U18/19,Texas,171846,2021-05-08 12:00,2886,6887,Dallas Texans ECNL GU18/U19,Sting Dallas Black ECNL GU18/U19,0,4,Ross Stewart Soccer Complex - Field 1,37,36,Dallas Texans,Sting Soccer Club
U18/19,Texas,171787,2021-05-08 13:00,10999,6871,Sting Austin ECNL GU18/U19,AHFC ECNL GU18/U19,3,0,Parkway Church - Field 1,1690,10,Sting Austin,Albion Hurricanes FC
U18/19,Texas,171876,2021-05-08 13:00,19417,46790,Oklahoma Celtic ECNL GU18/U19,Sting Dallas Royal ECNL GU18/U19,2,0,Oklahoma Celtic - Field 8,2134,36,Oklahoma Celtic,Sting Soccer Club
U18/19,Texas,171877,2021-05-08 15:00,6934,46787,Tulsa SC ECNL GU18/U19,FC Dallas ECNL GU18/U19,2,3,Titan Main - Field 2,7,47,No Club Selection,FC Dallas Youth
U18/19,Texas,171897,2021-05-09 16:30,6926,46787,Solar ECNL GU18/U19,FC Dallas ECNL GU18/U19,1,0,Fairview Soccer Park - Field 6,101,47,Solar SC,FC Dallas Youth
U18/19,Texas,171853,2021-05-11 20:15,6926,6887,Solar ECNL GU18/U19,Sting Dallas Black ECNL GU18/U19,1,1,Frisco Independence High School - Field 1,101,36,Solar SC,Sting Soccer Club
U18/19,Texas,171910,2021-05-15 09:00,46787,8105,FC Dallas ECNL GU18/U19,Classics Elite ECNL GU18/U19,3,0,Toyota Soccer Center - Field 6,47,1375,FC Dallas Youth,Classics Elite Soccer Academy
U18/19,Texas,171911,2021-05-15 09:00,46790,10999,Sting Dallas Royal ECNL GU18/U19,Sting Austin ECNL GU18/U19,0,1,Sting Complex - Field 1,36,1690,Sting Soccer Club,Sting Austin
U18/19,Texas,171909,2021-05-15 10:45,6877,6926,Challenge SC ECNL GU18/U19,Solar ECNL GU18/U19,0,5,Burroughs Park - Field 4,25,101,Challenge SC,Solar SC
U18/19,Texas,171908,2021-05-15 13:00,6871,2886,AHFC ECNL GU18/U19,Dallas Texans ECNL GU18/U19,1,2,Campbell Road Sports Park - Field 1,10,37,Albion Hurricanes FC,Dallas Texans
U18/19,Texas,171914,2021-05-16 11:30,46787,10999,FC Dallas ECNL GU18/U19,Sting Austin ECNL GU18/U19,2,3,Frisco High School - Field 1,47,1690,FC Dallas Youth,Sting Austin
U18/19,Texas,171884,2021-05-16 12:00,6934,6886,Tulsa SC ECNL GU18/U19,DKSC ECNL GU18/U19,2,3,ISSC - Field 38,7,7,No Club Selection,No Club Selection
U18/19,Texas,171913,2021-05-16 13:00,6877,2886,Challenge SC ECNL GU18/U19,Dallas Texans ECNL GU18/U19,0,3,Burroughs Park - Field 4,25,37,Challenge SC,Dallas Texans
U18/19,Texas,171915,2021-05-16 13:00,46790,8105,Sting Dallas Royal ECNL GU18/U19,Classics Elite ECNL GU18/U19,0,0,Lowery Freshman Center Stadium - Field 1,36,1375,Sting Soccer Club,Classics Elite Soccer Academy
U18/19,Texas,171883,2021-05-16 14:00,19417,6887,Oklahoma Celtic ECNL GU18/U19,Sting Dallas Black ECNL GU18/U19,,,Oklahoma Celtic - Field 11,2134,36,Oklahoma Celtic,Sting Soccer Club
U18/19,Texas,171912,2021-05-16 15:00,6871,6926,AHFC ECNL GU18/U19,Solar ECNL GU18/U19,,,Campbell Road Sports Park - Field 1,10,101,Albion Hurricanes FC,Solar SC
U18/19,Texas,171845,2021-05-22 09:00,6934,10999,Tulsa SC ECNL GU18/U19,Sting Austin ECNL GU18/U19,3,3,ISSC - Field 38,7,1690,No Club Selection,Sting Austin
U18/19,Texas,171844,2021-05-22 13:00,19417,8105,Oklahoma Celtic ECNL GU18/U19,Classics Elite ECNL GU18/U19,1,3,Oklahoma Celtic - Field 8,2134,1375,Oklahoma Celtic,Classics Elite Soccer Academy
U18/19,Texas,171851,2021-05-23 12:00,6934,8105,Tulsa SC ECNL GU18/U19,Classics Elite ECNL GU18/U19,2,1,ISSC - Field 38,7,1375,No Club Selection,Classics Elite Soccer Academy
U18/19,Texas,171850,2021-05-23 13:00,19417,10999,Oklahoma Celtic ECNL GU18/U19,Sting Austin ECNL GU18/U19,1,5,Oklahoma Celtic - Field 8,2134,1690,Oklahoma Celtic,Sting Austin
U18/19,Texas,171861,2021-05-23 16:30,2886,6926,Dallas Texans ECNL GU18/U19,Solar ECNL GU18/U19,1,5,Arlington Heights High School - Field 1,37,101,Dallas Texans,Solar SC
U18/19,Texas,171892,2021-06-01 20:30,2886,46787,Dallas Texans ECNL GU18/U19,FC Dallas ECNL GU18/U19,1,1,Arlington Heights High School - Field 1,37,47,Dallas Texans,FC Dallas Youth
U18/19,Texas,171903,2021-06-04 16:00,6871,46787,AHFC ECNL GU18/U19,FC Dallas ECNL GU18/U19,1,2,Meyer Park - Field 2,10,47,Albion Hurricanes FC,FC Dallas Youth
U18/19,Texas,171803,2021-06-08 19:45,6926,2886,Solar ECNL GU18/U19,Dallas Texans ECNL GU18/U19,4,1,Nolan Catholic - Field 1,101,37,Solar SC,Dallas Texans
U18/19,Texas,171866,2021-06-10 17:30,6926,6877,Solar ECNL GU18/U19,Challenge SC ECNL GU18/U19,,,University of Dallas - UD Game Field,101,25,Solar SC,Challenge SC
U18/19,Texas,171847,2021-06-13 18:30,6926,6886,Solar ECNL GU18/U19,DKSC ECNL GU18/U19,,,University of Dallas - UD Game Field,101,7,Solar SC,No Club Selection
